timestamp, power.draw [W], utilization.gpu [%], memory.used [MiB]
2025/04/22 18:29:51.021, 64.39 W, 0 %, 74433 MiB
2025/04/22 18:29:51.030, 66.27 W, 0 %, 74453 MiB
2025/04/22 18:29:51.036, 65.13 W, 0 %, 74453 MiB
2025/04/22 18:29:51.042, 66.54 W, 0 %, 74485 MiB
2025/04/22 18:29:51.049, 63.11 W, 0 %, 14 MiB
2025/04/22 18:29:51.058, 59.04 W, 0 %, 14 MiB
2025/04/22 18:29:51.066, 59.04 W, 0 %, 14 MiB
2025/04/22 18:29:51.074, 58.56 W, 0 %, 14 MiB
2025/04/22 18:29:51.332, 63.78 W, 0 %, 74433 MiB
2025/04/22 18:29:51.332, 66.27 W, 0 %, 74453 MiB
2025/04/22 18:29:51.332, 65.13 W, 0 %, 74453 MiB
2025/04/22 18:29:51.332, 66.54 W, 0 %, 74485 MiB
2025/04/22 18:29:51.332, 63.05 W, 0 %, 14 MiB
2025/04/22 18:29:51.332, 59.04 W, 0 %, 14 MiB
2025/04/22 18:29:51.332, 59.04 W, 0 %, 14 MiB
2025/04/22 18:29:51.332, 58.56 W, 0 %, 14 MiB
2025/04/22 18:29:51.582, 63.78 W, 0 %, 74433 MiB
2025/04/22 18:29:51.582, 66.27 W, 0 %, 74453 MiB
2025/04/22 18:29:51.582, 65.13 W, 0 %, 74453 MiB
2025/04/22 18:29:51.582, 66.54 W, 0 %, 74485 MiB
2025/04/22 18:29:51.582, 63.05 W, 0 %, 14 MiB
2025/04/22 18:29:51.582, 59.04 W, 0 %, 14 MiB
2025/04/22 18:29:51.582, 59.36 W, 0 %, 14 MiB
2025/04/22 18:29:51.582, 58.56 W, 0 %, 14 MiB
2025/04/22 18:29:51.832, 63.78 W, 0 %, 74433 MiB
2025/04/22 18:29:51.832, 66.60 W, 0 %, 74453 MiB
2025/04/22 18:29:51.833, 65.13 W, 0 %, 74453 MiB
2025/04/22 18:29:51.833, 66.54 W, 0 %, 74485 MiB
2025/04/22 18:29:51.833, 63.05 W, 0 %, 14 MiB
2025/04/22 18:29:51.833, 59.04 W, 0 %, 14 MiB
2025/04/22 18:29:51.833, 59.04 W, 0 %, 14 MiB
2025/04/22 18:29:51.833, 58.56 W, 0 %, 14 MiB
2025/04/22 18:29:52.083, 63.78 W, 0 %, 74433 MiB
2025/04/22 18:29:52.083, 66.27 W, 0 %, 74453 MiB
2025/04/22 18:29:52.083, 65.13 W, 0 %, 74453 MiB
2025/04/22 18:29:52.083, 66.54 W, 0 %, 74485 MiB
2025/04/22 18:29:52.083, 63.05 W, 0 %, 14 MiB
2025/04/22 18:29:52.083, 59.04 W, 0 %, 14 MiB
2025/04/22 18:29:52.083, 59.04 W, 0 %, 14 MiB
2025/04/22 18:29:52.083, 58.56 W, 0 %, 14 MiB
2025/04/22 18:29:52.333, 63.78 W, 0 %, 74433 MiB
2025/04/22 18:29:52.333, 66.27 W, 0 %, 74453 MiB
2025/04/22 18:29:52.333, 65.13 W, 0 %, 74453 MiB
2025/04/22 18:29:52.333, 66.82 W, 0 %, 74485 MiB
2025/04/22 18:29:52.333, 63.05 W, 0 %, 14 MiB
2025/04/22 18:29:52.334, 59.04 W, 0 %, 14 MiB
2025/04/22 18:29:52.334, 59.36 W, 0 %, 14 MiB
2025/04/22 18:29:52.334, 58.56 W, 0 %, 14 MiB
2025/04/22 18:29:52.584, 63.78 W, 0 %, 74433 MiB
2025/04/22 18:29:52.584, 66.27 W, 0 %, 74453 MiB
2025/04/22 18:29:52.584, 64.80 W, 0 %, 74453 MiB
2025/04/22 18:29:52.584, 66.54 W, 0 %, 74485 MiB
2025/04/22 18:29:52.584, 63.05 W, 0 %, 14 MiB
2025/04/22 18:29:52.584, 59.04 W, 0 %, 14 MiB
2025/04/22 18:29:52.584, 59.04 W, 0 %, 14 MiB
2025/04/22 18:29:52.584, 58.56 W, 0 %, 14 MiB
2025/04/22 18:29:52.834, 63.78 W, 0 %, 74433 MiB
2025/04/22 18:29:52.834, 66.60 W, 0 %, 74453 MiB
2025/04/22 18:29:52.834, 65.13 W, 0 %, 74453 MiB
2025/04/22 18:29:52.834, 66.54 W, 0 %, 74485 MiB
2025/04/22 18:29:52.834, 63.05 W, 0 %, 14 MiB
2025/04/22 18:29:52.834, 59.04 W, 0 %, 14 MiB
2025/04/22 18:29:52.834, 59.04 W, 0 %, 14 MiB
2025/04/22 18:29:52.835, 58.56 W, 0 %, 14 MiB
2025/04/22 18:29:53.085, 63.78 W, 0 %, 74433 MiB
2025/04/22 18:29:53.085, 66.27 W, 0 %, 74453 MiB
2025/04/22 18:29:53.085, 65.13 W, 0 %, 74453 MiB
2025/04/22 18:29:53.085, 66.54 W, 0 %, 74485 MiB
2025/04/22 18:29:53.085, 63.05 W, 0 %, 14 MiB
2025/04/22 18:29:53.085, 59.04 W, 0 %, 14 MiB
2025/04/22 18:29:53.085, 59.04 W, 0 %, 14 MiB
2025/04/22 18:29:53.085, 58.56 W, 0 %, 14 MiB
2025/04/22 18:29:53.335, 63.78 W, 0 %, 74433 MiB
2025/04/22 18:29:53.335, 66.27 W, 0 %, 74453 MiB
2025/04/22 18:29:53.335, 64.80 W, 0 %, 74453 MiB
2025/04/22 18:29:53.335, 66.54 W, 0 %, 74485 MiB
2025/04/22 18:29:53.335, 63.05 W, 0 %, 14 MiB
2025/04/22 18:29:53.335, 59.04 W, 0 %, 14 MiB
2025/04/22 18:29:53.335, 59.04 W, 0 %, 14 MiB
2025/04/22 18:29:53.335, 58.49 W, 0 %, 14 MiB
2025/04/22 18:29:53.585, 63.78 W, 0 %, 74433 MiB
2025/04/22 18:29:53.585, 66.27 W, 0 %, 74453 MiB
2025/04/22 18:29:53.586, 65.13 W, 0 %, 74453 MiB
2025/04/22 18:29:53.586, 66.54 W, 0 %, 74485 MiB
2025/04/22 18:29:53.586, 63.05 W, 0 %, 14 MiB
2025/04/22 18:29:53.586, 59.04 W, 0 %, 14 MiB
2025/04/22 18:29:53.586, 59.04 W, 0 %, 14 MiB
2025/04/22 18:29:53.586, 58.49 W, 0 %, 14 MiB
2025/04/22 18:29:53.836, 63.78 W, 0 %, 74433 MiB
2025/04/22 18:29:53.836, 66.27 W, 0 %, 74453 MiB
2025/04/22 18:29:53.836, 65.13 W, 0 %, 74453 MiB
2025/04/22 18:29:53.836, 66.54 W, 0 %, 74485 MiB
2025/04/22 18:29:53.836, 63.05 W, 0 %, 14 MiB
2025/04/22 18:29:53.836, 59.04 W, 0 %, 14 MiB
2025/04/22 18:29:53.836, 59.04 W, 0 %, 14 MiB
2025/04/22 18:29:53.836, 58.56 W, 0 %, 14 MiB
2025/04/22 18:29:54.086, 63.78 W, 0 %, 74433 MiB
2025/04/22 18:29:54.086, 66.27 W, 0 %, 74453 MiB
2025/04/22 18:29:54.086, 65.13 W, 0 %, 74453 MiB
2025/04/22 18:29:54.087, 66.54 W, 0 %, 74485 MiB
2025/04/22 18:29:54.087, 63.05 W, 0 %, 14 MiB
2025/04/22 18:29:54.087, 59.04 W, 0 %, 14 MiB
2025/04/22 18:29:54.087, 59.04 W, 0 %, 14 MiB
2025/04/22 18:29:54.087, 58.56 W, 0 %, 14 MiB
2025/04/22 18:29:54.337, 68.08 W, 0 %, 74433 MiB
2025/04/22 18:29:54.578, 66.27 W, 0 %, 74453 MiB
2025/04/22 18:29:54.578, 65.13 W, 0 %, 74453 MiB
2025/04/22 18:29:54.578, 66.54 W, 0 %, 74485 MiB
2025/04/22 18:29:54.578, 63.05 W, 0 %, 14 MiB
2025/04/22 18:29:54.578, 59.04 W, 0 %, 14 MiB
2025/04/22 18:29:54.578, 59.04 W, 0 %, 14 MiB
2025/04/22 18:29:54.578, 58.56 W, 0 %, 14 MiB
2025/04/22 18:29:54.828, 82.46 W, 1 %, 74409 MiB
2025/04/22 18:29:54.828, 66.27 W, 0 %, 74453 MiB
2025/04/22 18:29:54.828, 65.13 W, 0 %, 74453 MiB
2025/04/22 18:29:54.828, 66.82 W, 0 %, 74485 MiB
2025/04/22 18:29:54.829, 63.11 W, 0 %, 14 MiB
2025/04/22 18:29:54.829, 59.04 W, 0 %, 14 MiB
2025/04/22 18:29:54.829, 59.36 W, 0 %, 14 MiB
2025/04/22 18:29:54.829, 58.56 W, 0 %, 14 MiB
2025/04/22 18:29:55.079, 78.82 W, 0 %, 74409 MiB
2025/04/22 18:29:55.079, 66.27 W, 0 %, 74453 MiB
2025/04/22 18:29:55.079, 65.13 W, 0 %, 74453 MiB
2025/04/22 18:29:55.079, 66.54 W, 0 %, 74485 MiB
2025/04/22 18:29:55.079, 63.05 W, 0 %, 14 MiB
2025/04/22 18:29:55.079, 59.04 W, 0 %, 14 MiB
2025/04/22 18:29:55.080, 59.04 W, 0 %, 14 MiB
2025/04/22 18:29:55.080, 58.56 W, 0 %, 14 MiB
2025/04/22 18:29:55.330, 82.79 W, 1 %, 74427 MiB
2025/04/22 18:29:55.330, 66.27 W, 0 %, 74453 MiB
2025/04/22 18:29:55.330, 65.13 W, 0 %, 74453 MiB
2025/04/22 18:29:55.330, 66.54 W, 0 %, 74485 MiB
2025/04/22 18:29:55.330, 63.05 W, 0 %, 14 MiB
2025/04/22 18:29:55.330, 59.04 W, 0 %, 14 MiB
2025/04/22 18:29:55.330, 59.04 W, 0 %, 14 MiB
2025/04/22 18:29:55.330, 58.49 W, 0 %, 14 MiB
2025/04/22 18:29:55.580, 78.82 W, 0 %, 74427 MiB
2025/04/22 18:29:55.581, 66.27 W, 0 %, 74453 MiB
2025/04/22 18:29:55.581, 65.13 W, 0 %, 74453 MiB
2025/04/22 18:29:55.581, 66.54 W, 0 %, 74485 MiB
2025/04/22 18:29:55.581, 63.11 W, 0 %, 14 MiB
2025/04/22 18:29:55.581, 59.04 W, 0 %, 14 MiB
2025/04/22 18:29:55.581, 59.04 W, 0 %, 14 MiB
2025/04/22 18:29:55.581, 58.56 W, 0 %, 14 MiB
2025/04/22 18:29:55.831, 78.49 W, 0 %, 74427 MiB
2025/04/22 18:29:55.831, 66.27 W, 0 %, 74453 MiB
2025/04/22 18:29:55.831, 65.13 W, 0 %, 74453 MiB
2025/04/22 18:29:55.831, 66.54 W, 0 %, 74485 MiB
2025/04/22 18:29:55.831, 63.05 W, 0 %, 14 MiB
2025/04/22 18:29:55.831, 59.04 W, 0 %, 14 MiB
2025/04/22 18:29:55.831, 59.04 W, 0 %, 14 MiB
2025/04/22 18:29:55.831, 58.56 W, 0 %, 14 MiB
2025/04/22 18:29:56.081, 78.49 W, 0 %, 74427 MiB
2025/04/22 18:29:56.081, 66.27 W, 0 %, 74453 MiB
2025/04/22 18:29:56.081, 65.13 W, 0 %, 74453 MiB
2025/04/22 18:29:56.081, 66.54 W, 0 %, 74485 MiB
2025/04/22 18:29:56.082, 63.05 W, 0 %, 14 MiB
2025/04/22 18:29:56.082, 59.04 W, 0 %, 14 MiB
2025/04/22 18:29:56.082, 59.04 W, 0 %, 14 MiB
2025/04/22 18:29:56.082, 58.49 W, 0 %, 14 MiB
2025/04/22 18:29:56.332, 78.49 W, 0 %, 74427 MiB
2025/04/22 18:29:56.332, 66.27 W, 0 %, 74453 MiB
2025/04/22 18:29:56.332, 65.13 W, 0 %, 74453 MiB
2025/04/22 18:29:56.332, 66.54 W, 0 %, 74485 MiB
2025/04/22 18:29:56.332, 63.05 W, 0 %, 14 MiB
2025/04/22 18:29:56.332, 59.04 W, 0 %, 14 MiB
2025/04/22 18:29:56.332, 59.04 W, 0 %, 14 MiB
2025/04/22 18:29:56.332, 58.56 W, 0 %, 14 MiB
2025/04/22 18:29:56.582, 64.39 W, 0 %, 74433 MiB
2025/04/22 18:29:56.583, 66.27 W, 0 %, 74453 MiB
2025/04/22 18:29:56.583, 65.13 W, 0 %, 74453 MiB
2025/04/22 18:29:56.583, 66.54 W, 0 %, 74485 MiB
2025/04/22 18:29:56.583, 63.05 W, 0 %, 14 MiB
2025/04/22 18:29:56.583, 59.04 W, 0 %, 14 MiB
2025/04/22 18:29:56.583, 59.04 W, 0 %, 14 MiB
2025/04/22 18:29:56.583, 58.56 W, 0 %, 14 MiB
2025/04/22 18:29:56.833, 63.78 W, 1 %, 74433 MiB
2025/04/22 18:29:56.833, 66.27 W, 0 %, 74453 MiB
2025/04/22 18:29:56.833, 65.13 W, 0 %, 74453 MiB
2025/04/22 18:29:56.833, 66.54 W, 0 %, 74485 MiB
2025/04/22 18:29:56.833, 63.05 W, 0 %, 14 MiB
2025/04/22 18:29:56.833, 59.04 W, 0 %, 14 MiB
2025/04/22 18:29:56.833, 59.04 W, 0 %, 14 MiB
2025/04/22 18:29:56.833, 58.56 W, 0 %, 14 MiB
2025/04/22 18:29:57.083, 254.95 W, 61 %, 74437 MiB
2025/04/22 18:29:57.083, 254.60 W, 0 %, 74457 MiB
2025/04/22 18:29:57.083, 217.51 W, 0 %, 74457 MiB
2025/04/22 18:29:57.083, 249.19 W, 14 %, 74489 MiB
2025/04/22 18:29:57.084, 63.05 W, 0 %, 14 MiB
2025/04/22 18:29:57.084, 58.98 W, 0 %, 14 MiB
2025/04/22 18:29:57.084, 58.98 W, 0 %, 14 MiB
2025/04/22 18:29:57.084, 58.49 W, 0 %, 14 MiB
2025/04/22 18:29:57.334, 285.23 W, 97 %, 74437 MiB
2025/04/22 18:29:57.334, 273.30 W, 49 %, 74457 MiB
2025/04/22 18:29:57.334, 208.93 W, 39 %, 74457 MiB
2025/04/22 18:29:57.334, 219.11 W, 95 %, 74489 MiB
2025/04/22 18:29:57.334, 63.05 W, 0 %, 14 MiB
2025/04/22 18:29:57.334, 58.98 W, 0 %, 14 MiB
2025/04/22 18:29:57.334, 59.30 W, 0 %, 14 MiB
2025/04/22 18:29:57.334, 58.49 W, 0 %, 14 MiB
2025/04/22 18:29:57.584, 282.52 W, 97 %, 74437 MiB
2025/04/22 18:29:57.584, 296.56 W, 97 %, 74457 MiB
2025/04/22 18:29:57.584, 284.92 W, 95 %, 74457 MiB
2025/04/22 18:29:57.584, 275.17 W, 97 %, 74489 MiB
2025/04/22 18:29:57.584, 62.99 W, 0 %, 14 MiB
2025/04/22 18:29:57.584, 58.98 W, 0 %, 14 MiB
2025/04/22 18:29:57.585, 58.98 W, 0 %, 14 MiB
2025/04/22 18:29:57.585, 58.49 W, 0 %, 14 MiB
2025/04/22 18:29:57.835, 281.87 W, 97 %, 74437 MiB
2025/04/22 18:29:57.835, 293.81 W, 97 %, 74457 MiB
2025/04/22 18:29:57.835, 284.62 W, 97 %, 74457 MiB
2025/04/22 18:29:57.835, 288.02 W, 97 %, 74489 MiB
2025/04/22 18:29:57.835, 62.99 W, 0 %, 14 MiB
2025/04/22 18:29:57.835, 58.98 W, 0 %, 14 MiB
2025/04/22 18:29:57.835, 58.98 W, 0 %, 14 MiB
2025/04/22 18:29:57.835, 58.44 W, 0 %, 14 MiB
2025/04/22 18:29:58.085, 290.43 W, 97 %, 74437 MiB
2025/04/22 18:29:58.085, 298.42 W, 97 %, 74457 MiB
2025/04/22 18:29:58.085, 282.77 W, 97 %, 74457 MiB
2025/04/22 18:29:58.085, 280.05 W, 97 %, 74489 MiB
2025/04/22 18:29:58.085, 62.99 W, 0 %, 14 MiB
2025/04/22 18:29:58.085, 58.98 W, 0 %, 14 MiB
2025/04/22 18:29:58.085, 58.98 W, 0 %, 14 MiB
2025/04/22 18:29:58.085, 58.49 W, 0 %, 14 MiB
2025/04/22 18:29:58.336, 277.58 W, 97 %, 74437 MiB
2025/04/22 18:29:58.336, 296.28 W, 97 %, 74457 MiB
2025/04/22 18:29:58.336, 287.07 W, 96 %, 74457 MiB
2025/04/22 18:29:58.336, 280.05 W, 97 %, 74489 MiB
2025/04/22 18:29:58.336, 62.99 W, 0 %, 14 MiB
2025/04/22 18:29:58.336, 58.98 W, 0 %, 14 MiB
2025/04/22 18:29:58.336, 58.98 W, 0 %, 14 MiB
2025/04/22 18:29:58.336, 58.49 W, 0 %, 14 MiB
2025/04/22 18:29:58.586, 287.41 W, 97 %, 74437 MiB
2025/04/22 18:29:58.586, 300.84 W, 97 %, 74457 MiB
2025/04/22 18:29:58.586, 275.12 W, 97 %, 74457 MiB
2025/04/22 18:29:58.586, 286.48 W, 97 %, 74489 MiB
2025/04/22 18:29:58.586, 62.99 W, 0 %, 14 MiB
2025/04/22 18:29:58.586, 58.98 W, 0 %, 14 MiB
2025/04/22 18:29:58.586, 58.98 W, 0 %, 14 MiB
2025/04/22 18:29:58.586, 58.49 W, 0 %, 14 MiB
2025/04/22 18:29:58.836, 287.08 W, 97 %, 74437 MiB
2025/04/22 18:29:58.836, 300.84 W, 97 %, 74457 MiB
2025/04/22 18:29:58.836, 270.50 W, 97 %, 74457 MiB
2025/04/22 18:29:58.837, 282.81 W, 97 %, 74489 MiB
2025/04/22 18:29:58.837, 62.99 W, 0 %, 14 MiB
2025/04/22 18:29:58.837, 58.98 W, 0 %, 14 MiB
2025/04/22 18:29:58.837, 58.98 W, 0 %, 14 MiB
2025/04/22 18:29:58.837, 58.44 W, 0 %, 14 MiB
2025/04/22 18:29:59.087, 290.16 W, 97 %, 74437 MiB
2025/04/22 18:29:59.087, 294.74 W, 97 %, 74457 MiB
2025/04/22 18:29:59.087, 280.02 W, 97 %, 74457 MiB
2025/04/22 18:29:59.087, 288.62 W, 97 %, 74489 MiB
2025/04/22 18:29:59.087, 63.05 W, 0 %, 14 MiB
2025/04/22 18:29:59.087, 58.98 W, 0 %, 14 MiB
2025/04/22 18:29:59.087, 58.98 W, 0 %, 14 MiB
2025/04/22 18:29:59.087, 58.44 W, 0 %, 14 MiB
2025/04/22 18:29:59.337, 80.31 W, 97 %, 74437 MiB
2025/04/22 18:29:59.337, 87.78 W, 97 %, 74457 MiB
2025/04/22 18:29:59.337, 81.33 W, 97 %, 74457 MiB
2025/04/22 18:29:59.337, 84.33 W, 84 %, 74489 MiB
2025/04/22 18:29:59.337, 63.05 W, 0 %, 14 MiB
2025/04/22 18:29:59.337, 59.04 W, 0 %, 14 MiB
2025/04/22 18:29:59.338, 59.04 W, 0 %, 14 MiB
2025/04/22 18:29:59.338, 58.49 W, 0 %, 14 MiB
2025/04/22 18:29:59.588, 78.49 W, 34 %, 74437 MiB
2025/04/22 18:29:59.588, 82.27 W, 0 %, 74457 MiB
2025/04/22 18:29:59.588, 82.54 W, 60 %, 74457 MiB
2025/04/22 18:29:59.588, 82.18 W, 0 %, 74489 MiB
2025/04/22 18:29:59.588, 63.05 W, 0 %, 14 MiB
2025/04/22 18:29:59.588, 59.04 W, 0 %, 14 MiB
2025/04/22 18:29:59.588, 59.04 W, 0 %, 14 MiB
2025/04/22 18:29:59.588, 58.49 W, 0 %, 14 MiB
2025/04/22 18:29:59.838, 79.43 W, 0 %, 74437 MiB
2025/04/22 18:29:59.838, 83.48 W, 0 %, 74457 MiB
2025/04/22 18:29:59.838, 80.81 W, 0 %, 74457 MiB
2025/04/22 18:29:59.838, 81.85 W, 0 %, 74489 MiB
2025/04/22 18:29:59.838, 63.05 W, 0 %, 14 MiB
2025/04/22 18:29:59.838, 59.04 W, 0 %, 14 MiB
2025/04/22 18:29:59.838, 59.04 W, 0 %, 14 MiB
2025/04/22 18:29:59.839, 58.49 W, 0 %, 14 MiB
2025/04/22 18:30:00.089, 79.43 W, 0 %, 74437 MiB
2025/04/22 18:30:00.089, 83.14 W, 0 %, 74457 MiB
2025/04/22 18:30:00.089, 80.72 W, 0 %, 74457 MiB
2025/04/22 18:30:00.089, 81.57 W, 0 %, 74489 MiB
2025/04/22 18:30:00.089, 63.05 W, 0 %, 14 MiB
2025/04/22 18:30:00.089, 59.04 W, 0 %, 14 MiB
2025/04/22 18:30:00.089, 59.04 W, 0 %, 14 MiB
2025/04/22 18:30:00.089, 58.56 W, 0 %, 14 MiB
2025/04/22 18:30:00.339, 79.43 W, 0 %, 74437 MiB
2025/04/22 18:30:00.339, 83.14 W, 0 %, 74457 MiB
2025/04/22 18:30:00.339, 80.39 W, 0 %, 74457 MiB
2025/04/22 18:30:00.339, 81.57 W, 0 %, 74489 MiB
2025/04/22 18:30:00.339, 63.05 W, 0 %, 14 MiB
2025/04/22 18:30:00.339, 59.04 W, 0 %, 14 MiB
2025/04/22 18:30:00.339, 59.04 W, 0 %, 14 MiB
2025/04/22 18:30:00.339, 58.56 W, 0 %, 14 MiB
2025/04/22 18:30:00.589, 79.43 W, 0 %, 74437 MiB
2025/04/22 18:30:00.590, 83.14 W, 0 %, 74457 MiB
2025/04/22 18:30:00.590, 80.39 W, 0 %, 74457 MiB
2025/04/22 18:30:00.590, 81.57 W, 0 %, 74489 MiB
2025/04/22 18:30:00.590, 63.05 W, 0 %, 14 MiB
2025/04/22 18:30:00.590, 59.04 W, 0 %, 14 MiB
2025/04/22 18:30:00.590, 59.04 W, 0 %, 14 MiB
2025/04/22 18:30:00.590, 58.49 W, 0 %, 14 MiB
2025/04/22 18:30:00.840, 79.09 W, 0 %, 74437 MiB
2025/04/22 18:30:00.840, 83.14 W, 0 %, 74457 MiB
2025/04/22 18:30:00.840, 80.11 W, 0 %, 74457 MiB
2025/04/22 18:30:00.840, 81.57 W, 0 %, 74489 MiB
2025/04/22 18:30:00.840, 63.05 W, 0 %, 14 MiB
2025/04/22 18:30:00.840, 59.04 W, 0 %, 14 MiB
2025/04/22 18:30:00.840, 59.04 W, 0 %, 14 MiB
2025/04/22 18:30:00.840, 58.56 W, 0 %, 14 MiB
2025/04/22 18:30:01.090, 64.06 W, 0 %, 74437 MiB
2025/04/22 18:30:01.090, 83.14 W, 0 %, 74457 MiB
2025/04/22 18:30:01.090, 80.19 W, 0 %, 74457 MiB
2025/04/22 18:30:01.090, 68.08 W, 0 %, 74489 MiB
2025/04/22 18:30:01.090, 63.05 W, 0 %, 14 MiB
2025/04/22 18:30:01.090, 59.04 W, 0 %, 14 MiB
2025/04/22 18:30:01.091, 59.04 W, 0 %, 14 MiB
2025/04/22 18:30:01.091, 58.49 W, 0 %, 14 MiB
2025/04/22 18:30:01.341, 64.06 W, 0 %, 74437 MiB
2025/04/22 18:30:01.341, 66.89 W, 0 %, 74457 MiB
2025/04/22 18:30:01.341, 65.46 W, 0 %, 74457 MiB
2025/04/22 18:30:01.341, 67.15 W, 0 %, 74489 MiB
2025/04/22 18:30:01.341, 63.05 W, 0 %, 14 MiB
2025/04/22 18:30:01.341, 59.04 W, 0 %, 14 MiB
2025/04/22 18:30:01.341, 59.04 W, 0 %, 14 MiB
2025/04/22 18:30:01.341, 58.56 W, 0 %, 14 MiB
2025/04/22 18:30:01.591, 64.39 W, 0 %, 74437 MiB
2025/04/22 18:30:01.591, 66.89 W, 0 %, 74457 MiB
2025/04/22 18:30:01.591, 65.46 W, 0 %, 74457 MiB
2025/04/22 18:30:01.591, 66.82 W, 0 %, 74489 MiB
2025/04/22 18:30:01.592, 63.05 W, 0 %, 14 MiB
2025/04/22 18:30:01.592, 59.04 W, 0 %, 14 MiB
2025/04/22 18:30:01.592, 59.04 W, 0 %, 14 MiB
2025/04/22 18:30:01.592, 58.56 W, 0 %, 14 MiB
2025/04/22 18:30:01.842, 64.06 W, 0 %, 74437 MiB
2025/04/22 18:30:01.842, 66.60 W, 0 %, 74457 MiB
2025/04/22 18:30:01.842, 65.74 W, 0 %, 74457 MiB
2025/04/22 18:30:01.842, 66.82 W, 0 %, 74489 MiB
2025/04/22 18:30:01.842, 63.11 W, 0 %, 14 MiB
2025/04/22 18:30:01.842, 59.04 W, 0 %, 14 MiB
2025/04/22 18:30:01.842, 59.04 W, 0 %, 14 MiB
2025/04/22 18:30:01.842, 58.56 W, 0 %, 14 MiB
2025/04/22 18:30:02.092, 64.06 W, 0 %, 74437 MiB
2025/04/22 18:30:02.092, 66.60 W, 0 %, 74457 MiB
2025/04/22 18:30:02.092, 65.46 W, 0 %, 74457 MiB
2025/04/22 18:30:02.092, 66.82 W, 0 %, 74489 MiB
2025/04/22 18:30:02.092, 63.05 W, 0 %, 14 MiB
2025/04/22 18:30:02.092, 59.04 W, 0 %, 14 MiB
2025/04/22 18:30:02.092, 59.04 W, 0 %, 14 MiB
2025/04/22 18:30:02.093, 58.56 W, 0 %, 14 MiB
2025/04/22 18:30:02.343, 64.06 W, 0 %, 74437 MiB
2025/04/22 18:30:02.343, 66.60 W, 0 %, 74457 MiB
2025/04/22 18:30:02.343, 65.46 W, 0 %, 74457 MiB
2025/04/22 18:30:02.343, 66.82 W, 0 %, 74489 MiB
2025/04/22 18:30:02.343, 63.05 W, 0 %, 14 MiB
2025/04/22 18:30:02.343, 59.04 W, 0 %, 14 MiB
2025/04/22 18:30:02.343, 59.04 W, 0 %, 14 MiB
2025/04/22 18:30:02.343, 58.56 W, 0 %, 14 MiB
2025/04/22 18:30:02.593, 64.06 W, 0 %, 74437 MiB
2025/04/22 18:30:02.593, 66.60 W, 0 %, 74457 MiB
2025/04/22 18:30:02.593, 65.46 W, 0 %, 74457 MiB
2025/04/22 18:30:02.593, 66.82 W, 0 %, 74489 MiB
2025/04/22 18:30:02.593, 63.05 W, 0 %, 14 MiB
2025/04/22 18:30:02.593, 59.04 W, 0 %, 14 MiB
2025/04/22 18:30:02.593, 59.04 W, 0 %, 14 MiB
2025/04/22 18:30:02.593, 58.56 W, 0 %, 14 MiB
2025/04/22 18:30:02.843, 64.06 W, 0 %, 74437 MiB
2025/04/22 18:30:02.843, 66.60 W, 0 %, 74457 MiB
2025/04/22 18:30:02.844, 65.46 W, 0 %, 74457 MiB
2025/04/22 18:30:02.844, 66.82 W, 0 %, 74489 MiB
2025/04/22 18:30:02.844, 63.05 W, 0 %, 14 MiB
2025/04/22 18:30:02.844, 59.04 W, 0 %, 14 MiB
2025/04/22 18:30:02.844, 59.04 W, 0 %, 14 MiB
2025/04/22 18:30:02.844, 58.56 W, 0 %, 14 MiB
2025/04/22 18:30:03.094, 64.06 W, 0 %, 74437 MiB
2025/04/22 18:30:03.094, 66.60 W, 0 %, 74457 MiB
2025/04/22 18:30:03.094, 65.46 W, 0 %, 74457 MiB
2025/04/22 18:30:03.094, 66.82 W, 0 %, 74489 MiB
2025/04/22 18:30:03.094, 63.05 W, 0 %, 14 MiB
2025/04/22 18:30:03.094, 59.04 W, 0 %, 14 MiB
2025/04/22 18:30:03.094, 59.04 W, 0 %, 14 MiB
2025/04/22 18:30:03.094, 58.56 W, 0 %, 14 MiB
2025/04/22 18:30:03.344, 64.06 W, 0 %, 74437 MiB
2025/04/22 18:30:03.344, 66.60 W, 0 %, 74457 MiB
2025/04/22 18:30:03.344, 65.46 W, 0 %, 74457 MiB
2025/04/22 18:30:03.344, 66.82 W, 0 %, 74489 MiB
2025/04/22 18:30:03.344, 63.05 W, 0 %, 14 MiB
2025/04/22 18:30:03.345, 59.04 W, 0 %, 14 MiB
2025/04/22 18:30:03.345, 59.04 W, 0 %, 14 MiB
2025/04/22 18:30:03.345, 58.56 W, 0 %, 14 MiB
2025/04/22 18:30:03.595, 64.06 W, 0 %, 74437 MiB
2025/04/22 18:30:03.595, 66.60 W, 0 %, 74457 MiB
2025/04/22 18:30:03.595, 65.46 W, 0 %, 74457 MiB
2025/04/22 18:30:03.595, 66.82 W, 0 %, 74489 MiB
2025/04/22 18:30:03.595, 63.11 W, 0 %, 14 MiB
2025/04/22 18:30:03.595, 59.04 W, 0 %, 14 MiB
2025/04/22 18:30:03.595, 59.04 W, 0 %, 14 MiB
2025/04/22 18:30:03.595, 58.56 W, 0 %, 14 MiB
2025/04/22 18:30:03.845, 64.06 W, 0 %, 74437 MiB
2025/04/22 18:30:03.845, 66.60 W, 0 %, 74457 MiB
2025/04/22 18:30:03.845, 65.46 W, 0 %, 74457 MiB
2025/04/22 18:30:03.845, 66.82 W, 0 %, 74489 MiB
2025/04/22 18:30:03.845, 63.05 W, 0 %, 14 MiB
2025/04/22 18:30:03.845, 59.04 W, 0 %, 14 MiB
2025/04/22 18:30:03.845, 59.04 W, 0 %, 14 MiB
2025/04/22 18:30:03.845, 58.56 W, 0 %, 14 MiB
2025/04/22 18:30:04.096, 64.06 W, 0 %, 74437 MiB
2025/04/22 18:30:04.096, 66.60 W, 0 %, 74457 MiB
2025/04/22 18:30:04.096, 65.46 W, 0 %, 74457 MiB
2025/04/22 18:30:04.096, 66.54 W, 0 %, 74489 MiB
2025/04/22 18:30:04.096, 63.05 W, 0 %, 14 MiB
2025/04/22 18:30:04.096, 59.04 W, 0 %, 14 MiB
2025/04/22 18:30:04.096, 59.04 W, 0 %, 14 MiB
2025/04/22 18:30:04.096, 58.56 W, 0 %, 14 MiB
2025/04/22 18:30:04.346, 64.06 W, 0 %, 74437 MiB
2025/04/22 18:30:04.346, 66.60 W, 0 %, 74457 MiB
2025/04/22 18:30:04.346, 65.46 W, 0 %, 74457 MiB
2025/04/22 18:30:04.346, 66.82 W, 0 %, 74489 MiB
2025/04/22 18:30:04.346, 63.05 W, 0 %, 14 MiB
2025/04/22 18:30:04.346, 59.04 W, 0 %, 14 MiB
2025/04/22 18:30:04.346, 59.04 W, 0 %, 14 MiB
2025/04/22 18:30:04.346, 58.56 W, 0 %, 14 MiB
2025/04/22 18:30:04.596, 64.06 W, 0 %, 74437 MiB
2025/04/22 18:30:04.596, 66.60 W, 0 %, 74457 MiB
2025/04/22 18:30:04.597, 65.13 W, 0 %, 74457 MiB
2025/04/22 18:30:04.597, 66.54 W, 0 %, 74489 MiB
2025/04/22 18:30:04.597, 63.11 W, 0 %, 14 MiB
2025/04/22 18:30:04.597, 59.04 W, 0 %, 14 MiB
2025/04/22 18:30:04.597, 59.04 W, 0 %, 14 MiB
2025/04/22 18:30:04.597, 58.56 W, 0 %, 14 MiB
2025/04/22 18:30:04.847, 64.06 W, 0 %, 74437 MiB
2025/04/22 18:30:04.847, 66.60 W, 0 %, 74457 MiB
2025/04/22 18:30:04.847, 65.46 W, 0 %, 74457 MiB
2025/04/22 18:30:04.847, 66.82 W, 0 %, 74489 MiB
2025/04/22 18:30:04.847, 63.05 W, 0 %, 14 MiB
2025/04/22 18:30:04.847, 59.04 W, 0 %, 14 MiB
2025/04/22 18:30:04.847, 59.04 W, 0 %, 14 MiB
2025/04/22 18:30:04.847, 58.56 W, 0 %, 14 MiB
2025/04/22 18:30:05.097, 63.78 W, 0 %, 74437 MiB
2025/04/22 18:30:05.097, 66.60 W, 0 %, 74457 MiB
2025/04/22 18:30:05.098, 65.46 W, 0 %, 74457 MiB
2025/04/22 18:30:05.098, 66.54 W, 0 %, 74489 MiB
2025/04/22 18:30:05.098, 63.05 W, 0 %, 14 MiB
2025/04/22 18:30:05.098, 59.04 W, 0 %, 14 MiB
2025/04/22 18:30:05.098, 59.04 W, 0 %, 14 MiB
2025/04/22 18:30:05.098, 58.56 W, 0 %, 14 MiB
2025/04/22 18:30:05.348, 64.06 W, 0 %, 74437 MiB
2025/04/22 18:30:05.348, 66.60 W, 0 %, 74457 MiB
2025/04/22 18:30:05.348, 65.46 W, 0 %, 74457 MiB
2025/04/22 18:30:05.348, 66.82 W, 0 %, 74489 MiB
2025/04/22 18:30:05.348, 63.05 W, 0 %, 14 MiB
2025/04/22 18:30:05.348, 59.04 W, 0 %, 14 MiB
2025/04/22 18:30:05.348, 59.04 W, 0 %, 14 MiB
2025/04/22 18:30:05.348, 58.56 W, 0 %, 14 MiB
2025/04/22 18:30:05.598, 63.78 W, 0 %, 74437 MiB
2025/04/22 18:30:05.598, 66.60 W, 0 %, 74457 MiB
2025/04/22 18:30:05.598, 65.46 W, 0 %, 74457 MiB
2025/04/22 18:30:05.598, 66.54 W, 0 %, 74489 MiB
2025/04/22 18:30:05.598, 63.11 W, 0 %, 14 MiB
2025/04/22 18:30:05.598, 59.04 W, 0 %, 14 MiB
2025/04/22 18:30:05.598, 59.04 W, 0 %, 14 MiB
2025/04/22 18:30:05.599, 58.56 W, 0 %, 14 MiB
2025/04/22 18:30:05.849, 63.78 W, 0 %, 74437 MiB
2025/04/22 18:30:05.849, 66.60 W, 0 %, 74457 MiB
2025/04/22 18:30:05.849, 65.46 W, 0 %, 74457 MiB
2025/04/22 18:30:05.849, 66.54 W, 0 %, 74489 MiB
2025/04/22 18:30:05.849, 63.05 W, 0 %, 14 MiB
2025/04/22 18:30:05.849, 59.04 W, 0 %, 14 MiB
2025/04/22 18:30:05.849, 59.04 W, 0 %, 14 MiB
2025/04/22 18:30:05.849, 58.56 W, 0 %, 14 MiB
2025/04/22 18:30:06.099, 64.06 W, 0 %, 74437 MiB
2025/04/22 18:30:06.099, 66.60 W, 0 %, 74457 MiB
2025/04/22 18:30:06.099, 65.46 W, 0 %, 74457 MiB
2025/04/22 18:30:06.099, 66.54 W, 0 %, 74489 MiB
2025/04/22 18:30:06.099, 63.11 W, 0 %, 14 MiB
2025/04/22 18:30:06.099, 59.04 W, 0 %, 14 MiB
2025/04/22 18:30:06.099, 59.04 W, 0 %, 14 MiB
2025/04/22 18:30:06.099, 58.56 W, 0 %, 14 MiB
2025/04/22 18:30:06.350, 64.06 W, 0 %, 74437 MiB
2025/04/22 18:30:06.350, 66.60 W, 0 %, 74457 MiB
2025/04/22 18:30:06.350, 65.46 W, 0 %, 74457 MiB
2025/04/22 18:30:06.350, 66.54 W, 0 %, 74489 MiB
2025/04/22 18:30:06.350, 63.05 W, 0 %, 14 MiB
2025/04/22 18:30:06.350, 59.04 W, 0 %, 14 MiB
2025/04/22 18:30:06.350, 59.04 W, 0 %, 14 MiB
2025/04/22 18:30:06.350, 58.56 W, 0 %, 14 MiB
2025/04/22 18:30:06.600, 64.06 W, 0 %, 74437 MiB
2025/04/22 18:30:06.600, 66.60 W, 0 %, 74457 MiB
2025/04/22 18:30:06.600, 65.46 W, 0 %, 74457 MiB
2025/04/22 18:30:06.600, 66.82 W, 0 %, 74489 MiB
2025/04/22 18:30:06.600, 63.05 W, 0 %, 14 MiB
2025/04/22 18:30:06.600, 59.04 W, 0 %, 14 MiB
2025/04/22 18:30:06.600, 59.04 W, 0 %, 14 MiB
2025/04/22 18:30:06.600, 58.56 W, 0 %, 14 MiB
2025/04/22 18:30:06.851, 63.78 W, 0 %, 74437 MiB
2025/04/22 18:30:06.851, 66.60 W, 0 %, 74457 MiB
2025/04/22 18:30:06.851, 65.46 W, 0 %, 74457 MiB
2025/04/22 18:30:06.851, 66.54 W, 0 %, 74489 MiB
2025/04/22 18:30:06.851, 63.05 W, 0 %, 14 MiB
2025/04/22 18:30:06.851, 59.04 W, 0 %, 14 MiB
2025/04/22 18:30:06.851, 59.04 W, 0 %, 14 MiB
2025/04/22 18:30:06.851, 58.49 W, 0 %, 14 MiB
2025/04/22 18:30:07.101, 64.06 W, 0 %, 74437 MiB
2025/04/22 18:30:07.101, 66.60 W, 0 %, 74457 MiB
2025/04/22 18:30:07.101, 65.46 W, 0 %, 74457 MiB
2025/04/22 18:30:07.101, 66.54 W, 0 %, 74489 MiB
2025/04/22 18:30:07.101, 63.05 W, 0 %, 14 MiB
2025/04/22 18:30:07.101, 59.04 W, 0 %, 14 MiB
2025/04/22 18:30:07.101, 59.04 W, 0 %, 14 MiB
2025/04/22 18:30:07.101, 58.56 W, 0 %, 14 MiB
2025/04/22 18:30:07.351, 63.78 W, 0 %, 74437 MiB
2025/04/22 18:30:07.351, 66.60 W, 0 %, 74457 MiB
2025/04/22 18:30:07.351, 65.46 W, 0 %, 74457 MiB
2025/04/22 18:30:07.351, 66.54 W, 0 %, 74489 MiB
2025/04/22 18:30:07.352, 63.05 W, 0 %, 14 MiB
2025/04/22 18:30:07.352, 59.04 W, 0 %, 14 MiB
2025/04/22 18:30:07.352, 59.04 W, 0 %, 14 MiB
2025/04/22 18:30:07.352, 58.56 W, 0 %, 14 MiB
2025/04/22 18:30:07.602, 63.78 W, 0 %, 74437 MiB
2025/04/22 18:30:07.602, 66.60 W, 0 %, 74457 MiB
2025/04/22 18:30:07.602, 65.46 W, 0 %, 74457 MiB
2025/04/22 18:30:07.602, 66.54 W, 0 %, 74489 MiB
2025/04/22 18:30:07.602, 63.11 W, 0 %, 14 MiB
2025/04/22 18:30:07.602, 59.04 W, 0 %, 14 MiB
2025/04/22 18:30:07.602, 59.04 W, 0 %, 14 MiB
2025/04/22 18:30:07.602, 58.56 W, 0 %, 14 MiB
2025/04/22 18:30:07.852, 63.78 W, 0 %, 74437 MiB
2025/04/22 18:30:07.852, 66.60 W, 0 %, 74457 MiB
2025/04/22 18:30:07.852, 65.46 W, 0 %, 74457 MiB
2025/04/22 18:30:07.852, 66.54 W, 0 %, 74489 MiB
2025/04/22 18:30:07.852, 63.05 W, 0 %, 14 MiB
2025/04/22 18:30:07.853, 59.04 W, 0 %, 14 MiB
2025/04/22 18:30:07.853, 59.04 W, 0 %, 14 MiB
2025/04/22 18:30:07.853, 58.56 W, 0 %, 14 MiB
2025/04/22 18:30:08.103, 63.78 W, 0 %, 74437 MiB
2025/04/22 18:30:08.103, 66.60 W, 0 %, 74457 MiB
2025/04/22 18:30:08.103, 65.46 W, 0 %, 74457 MiB
2025/04/22 18:30:08.103, 66.54 W, 0 %, 74489 MiB
2025/04/22 18:30:08.103, 63.11 W, 0 %, 14 MiB
2025/04/22 18:30:08.103, 59.04 W, 0 %, 14 MiB
2025/04/22 18:30:08.103, 59.04 W, 0 %, 14 MiB
2025/04/22 18:30:08.103, 58.56 W, 0 %, 14 MiB
2025/04/22 18:30:08.353, 64.06 W, 0 %, 74437 MiB
2025/04/22 18:30:08.353, 66.60 W, 0 %, 74457 MiB
2025/04/22 18:30:08.353, 65.46 W, 0 %, 74457 MiB
2025/04/22 18:30:08.353, 66.54 W, 0 %, 74489 MiB
2025/04/22 18:30:08.353, 63.11 W, 0 %, 14 MiB
2025/04/22 18:30:08.353, 59.04 W, 0 %, 14 MiB
2025/04/22 18:30:08.353, 59.04 W, 0 %, 14 MiB
2025/04/22 18:30:08.353, 58.56 W, 0 %, 14 MiB
2025/04/22 18:30:08.604, 249.11 W, 0 %, 74437 MiB
2025/04/22 18:30:08.604, 245.76 W, 0 %, 74457 MiB
2025/04/22 18:30:08.604, 116.01 W, 0 %, 74457 MiB
2025/04/22 18:30:08.604, 246.98 W, 0 %, 74489 MiB
2025/04/22 18:30:08.604, 63.05 W, 0 %, 14 MiB
2025/04/22 18:30:08.604, 59.04 W, 0 %, 14 MiB
2025/04/22 18:30:08.604, 58.98 W, 0 %, 14 MiB
2025/04/22 18:30:08.604, 58.49 W, 0 %, 14 MiB
2025/04/22 18:30:08.854, 217.62 W, 7 %, 74437 MiB
2025/04/22 18:30:08.854, 298.42 W, 91 %, 74457 MiB
2025/04/22 18:30:08.854, 266.82 W, 77 %, 74457 MiB
2025/04/22 18:30:08.854, 269.62 W, 54 %, 74489 MiB
2025/04/22 18:30:08.854, 63.05 W, 0 %, 14 MiB
2025/04/22 18:30:08.854, 58.98 W, 0 %, 14 MiB
2025/04/22 18:30:08.854, 58.98 W, 0 %, 14 MiB
2025/04/22 18:30:08.854, 58.49 W, 0 %, 14 MiB
2025/04/22 18:30:09.104, 290.16 W, 97 %, 74437 MiB
2025/04/22 18:30:09.105, 299.03 W, 97 %, 74457 MiB
2025/04/22 18:30:09.105, 282.45 W, 97 %, 74457 MiB
2025/04/22 18:30:09.105, 279.45 W, 97 %, 74489 MiB
2025/04/22 18:30:09.105, 62.99 W, 0 %, 14 MiB
2025/04/22 18:30:09.105, 58.98 W, 0 %, 14 MiB
2025/04/22 18:30:09.105, 58.98 W, 0 %, 14 MiB
2025/04/22 18:30:09.105, 58.44 W, 0 %, 14 MiB
2025/04/22 18:30:09.355, 288.02 W, 97 %, 74437 MiB
2025/04/22 18:30:09.355, 297.77 W, 97 %, 74457 MiB
2025/04/22 18:30:09.355, 285.53 W, 97 %, 74457 MiB
2025/04/22 18:30:09.355, 276.70 W, 97 %, 74489 MiB
2025/04/22 18:30:09.355, 62.99 W, 0 %, 14 MiB
2025/04/22 18:30:09.355, 58.98 W, 0 %, 14 MiB
2025/04/22 18:30:09.355, 58.98 W, 0 %, 14 MiB
2025/04/22 18:30:09.355, 58.44 W, 0 %, 14 MiB
2025/04/22 18:30:09.605, 295.32 W, 97 %, 74437 MiB
2025/04/22 18:30:09.606, 84.41 W, 97 %, 74457 MiB
2025/04/22 18:30:09.965, 81.33 W, 97 %, 74457 MiB
2025/04/22 18:30:09.976, 82.79 W, 97 %, 74489 MiB
2025/04/22 18:30:09.977, 63.05 W, 0 %, 14 MiB
2025/04/22 18:30:09.979, 59.04 W, 0 %, 14 MiB
2025/04/22 18:30:09.979, 59.04 W, 0 %, 14 MiB
2025/04/22 18:30:09.980, 58.49 W, 0 %, 14 MiB
