Request Time,Model,Data Source,Poisson Arrival Rate,Tensor Parallel Size,Input Tokens,Output Tokens,E2E Latency,Batch Size,Effective Batch Size,Prefill Tokens,Decode Tokens,Prefill Throughput,Decode Throughput
1745572422.0918958,meta-llama/Llama-3.1-8B-Instruct,reclor,1.0,1,97,89,1.1739447116851807,2.0,3.990384163582542,616.0,142.0,32270.104968998814,126.62226969480754
1745572423.171696,meta-llama/Llama-3.1-8B-Instruct,scienceqa,1.0,1,61,108,1.4179792404174805,4.0,3.9910307210239235,386.0,379.0,10686.541641465878,151.64119466500256
1745572422.603397,meta-llama/Llama-3.1-8B-Instruct,theoremqa,1.0,1,338,292,3.8297085762023926,5.0,3.99202857119182,919.0,1233.0,14179.85712198996,196.73607204050782
1745572425.077172,meta-llama/Llama-3.1-8B-Instruct,MATH/PRM-800K,1.0,1,18,134,1.7835166454315186,4.0,3.9921204388029032,155.0,786.0,3593.5907584228144,142.75628893799313
1745572424.1429079,meta-llama/Llama-3.1-8B-Instruct,MATH/PRM-800K,1.0,1,34,425,5.57742166519165,5.0,3.9938530755323702,694.0,2143.0,9132.955499771777,172.59729546417674
1745572428.0611286,meta-llama/Llama-3.1-8B-Instruct,reclor,1.0,1,325,166,2.220895290374756,4.0,3.9939724787353246,465.0,880.0,10340.101503992884,114.37605485142112
1745572429.1859095,meta-llama/Llama-3.1-8B-Instruct,airoboros,1.0,1,60,421,5.576220989227295,6.0,3.9963218061200294,506.0,2262.0,8121.142016189934,171.06645531123783
1745572433.7817917,meta-llama/Llama-3.1-8B-Instruct,MATH/PRM-800K,1.0,1,22,100,1.376439094543457,5.0,3.996487532670909,284.0,679.0,9046.229579357636,98.91985520321037
1745572433.7901971,meta-llama/Llama-3.1-8B-Instruct,reclor,1.0,1,182,130,1.7919387817382812,5.0,3.9971384383813153,470.0,848.0,8649.253769124789,98.6026887514445
1745572423.9184573,meta-llama/Llama-3.1-8B-Instruct,MATH/PRM-800K,1.0,1,76,907,11.940324783325195,4.0,3.9971964935494544,1402.0,4686.0,7931.070736192073,133.6195348190014
1745572430.704806,meta-llama/Llama-3.1-8B-Instruct,MATH/PRM-800K,1.0,1,82,403,5.361812114715576,3.0,3.9971966171962863,592.0,2195.0,6635.646365275193,85.05209056186312
1745572436.095439,meta-llama/Llama-3.1-8B-Instruct,MATH/PRM-800K,1.0,1,15,54,0.727586030960083,4.0,3.9975333072424304,113.0,235.0,7565.073355036381,340.73517871966123
1745572435.285544,meta-llama/Llama-3.1-8B-Instruct,reclor,1.0,1,146,120,1.6153714656829834,3.0,3.9975333480321904,299.0,563.0,3158.715124140342,26.56380873182018
1745572438.65358,meta-llama/Llama-3.1-8B-Instruct,MATH/PRM-800K,1.0,1,102,238,3.219522476196289,6.0,4.0005423784810645,445.0,1527.0,24082.683802549698,481.29882040203694
1745572437.6672566,meta-llama/Llama-3.1-8B-Instruct,MATH/PRM-800K,1.0,1,101,373,5.00647759437561,7.0,4.0016241184340196,815.0,2229.0,22130.764681710032,273.9195972432258
1745572436.6292863,meta-llama/Llama-3.1-8B-Instruct,airoboros,1.0,1,18,500,6.676217555999756,6.0,4.002011994902579,873.0,2832.0,9886.843992947257,166.3226224883288
1745572442.5783873,meta-llama/Llama-3.1-8B-Instruct,reclor,1.0,1,123,66,0.933652400970459,5.0,4.002094480040514,163.0,472.0,2931.525077155309,37.83179404325858
1745572442.0701277,meta-llama/Llama-3.1-8B-Instruct,MATH/PRM-800K,1.0,1,26,157,2.145571708679199,5.0,4.002617030234817,315.0,1045.0,4470.647452745301,71.68563010068506
1745572423.608972,meta-llama/Llama-3.1-8B-Instruct,airoboros,1.0,1,55,1704,22.516029596328735,4.0,4.003012106191185,2511.0,8945.0,7453.628058509637,107.96129555573292
1745572446.714732,meta-llama/Llama-3.1-8B-Instruct,MATH/PRM-800K,1.0,1,43,241,3.3444907665252686,7.0,4.007767556023429,637.0,1711.0,36156.195673852206,520.0984349665354
1745572447.0006468,meta-llama/Llama-3.1-8B-Instruct,MATH/PRM-800K,1.0,1,44,265,3.6890244483947754,8.0,4.0091929699201625,891.0,1940.0,25283.50585240476,279.8907599290646
1745572451.5150645,meta-llama/Llama-3.1-8B-Instruct,scienceqa,1.0,1,52,57,0.826500415802002,8.0,4.010907072838367,92.0,529.0,4801.111603367313,679.7367886979058
1745572440.3154838,meta-llama/Llama-3.1-8B-Instruct,MATH/PRM-800K,1.0,1,76,937,12.7659170627594,7.0,4.011498799575868,1856.0,6351.0,10380.483013147556,104.71069492784248
1745572450.556583,meta-llama/Llama-3.1-8B-Instruct,guanaco,1.0,1,10,232,3.251518487930298,7.0,4.012593040182373,375.0,1902.0,5224.082927624102,93.47379897182148
1745572438.9643974,meta-llama/Llama-3.1-8B-Instruct,MATH/PRM-800K,1.0,1,148,1098,14.9542555809021,6.0,4.012658679805987,2276.0,7385.0,10474.443748735806,93.76335393185389
1745572425.038725,meta-llama/Llama-3.1-8B-Instruct,MATH/PRM-800K,1.0,1,57,2208,29.560348987579346,6.0,4.013576934589603,4083.0,12947.0,9100.790559599545,86.58092439546262
1745572453.6288621,meta-llama/Llama-3.1-8B-Instruct,reclor,1.0,1,193,77,1.1023156642913818,5.0,4.013631483124037,432.0,549.0,5369.542211329732,11.279716992733567
1745572443.5038824,meta-llama/Llama-3.1-8B-Instruct,MATH/PRM-800K,1.0,1,46,915,12.498594045639038,6.0,4.01430324527183,2060.0,6057.0,10161.70278138059,57.07254920256625
1745572455.5656264,meta-llama/Llama-3.1-8B-Instruct,scienceqa,1.0,1,20,40,0.5562002658843994,5.0,4.014352306856054,117.0,252.0,3689.112498196611,19.42555990587074
1745572450.0516248,meta-llama/Llama-3.1-8B-Instruct,tigerbot-kaggle,1.0,1,247,454,6.254352569580078,4.0,4.014390187659906,978.0,3265.0,4935.187987523613,38.41891556349284
1745572454.0448096,meta-llama/Llama-3.1-8B-Instruct,reclor,1.0,1,159,218,2.921083688735962,3.0,4.014388173261932,316.0,1179.0,2470.0072141164787,22.41263225744899
1745572455.9516828,meta-llama/Llama-3.1-8B-Instruct,MATH/PRM-800K,1.0,1,17,106,1.4014217853546143,2.0,4.014304651756381,57.0,444.0,564.1459923780725,18.96932697289209
1745572446.6039293,meta-llama/Llama-3.1-8B-Instruct,leetcode_ne,1.0,1,319,812,11.095126390457153,1.0,4.014155396504786,1974.0,5349.0,6929.267511344163,51.65860003179385
1745572449.690379,meta-llama/Llama-3.1-8B-Instruct,theoremqa,1.0,1,430,713,9.57202672958374,1.0,4.01347288140243,1541.0,3975.0,4767.921306567999,35.160301068304975
1745572460.1207128,meta-llama/Llama-3.1-8B-Instruct,scienceqa,1.0,1,64,85,1.1117534637451172,3.0,4.01377691489245,469.0,205.0,28115.82040508636,191.3636416088336
1745572462.1780381,meta-llama/Llama-3.1-8B-Instruct,MATH/PRM-800K,1.0,1,83,221,2.956958532333374,7.0,4.017097483053216,649.0,1437.0,37644.426401154364,494.2546606910295
1745572461.73406,meta-llama/Llama-3.1-8B-Instruct,MATH/PRM-800K,1.0,1,28,257,3.4139962196350098,6.0,4.017105656127814,717.0,1581.0,23486.457496592433,251.85679775396693
1745572462.3099697,meta-llama/Llama-3.1-8B-Instruct,guanaco,1.0,1,24,318,4.22521185874939,7.0,4.018133409300083,647.0,2073.0,14736.751619068387,198.02419898710698
1745572460.8257663,meta-llama/Llama-3.1-8B-Instruct,MATH/PRM-800K,1.0,1,221,463,6.104266881942749,6.0,4.018378425754994,1203.0,2679.0,14547.839542207119,152.24572248850055
1745572466.4289615,meta-llama/Llama-3.1-8B-Instruct,scienceqa,1.0,1,23,159,2.1502878665924072,7.0,4.020830994592375,632.0,1093.0,12734.353409491843,88.44503786452847
1745572465.9791043,meta-llama/Llama-3.1-8B-Instruct,MATH/PRM-800K,1.0,1,18,254,3.4113857746124268,6.0,4.021328493290189,690.0,1756.0,10736.70959893157,111.60935164802152
1745572464.2384298,meta-llama/Llama-3.1-8B-Instruct,leetcode_ne,1.0,1,346,455,6.118423223495483,7.0,4.023196490008403,1592.0,3173.0,12806.485151453693,113.0019850035497
1745572467.4767227,meta-llama/Llama-3.1-8B-Instruct,reclor,1.0,1,267,235,3.199725389480591,6.0,4.023392020931576,1009.0,1698.0,11534.585488361643,115.5487409151893
1745572464.514449,meta-llama/Llama-3.1-8B-Instruct,airoboros,1.0,1,36,478,6.41338324546814,5.0,4.023494800218939,1206.0,3317.0,7093.356404286544,88.2359822289377
1745572469.4368346,meta-llama/Llama-3.1-8B-Instruct,reclor,1.0,1,230,113,1.543433427810669,4.0,4.023505489814014,440.0,812.0,4454.391054688731,47.536602654962124
1745572468.490334,meta-llama/Llama-3.1-8B-Instruct,reclor,1.0,1,222,229,3.0853090286254883,3.0,4.023502531126009,702.0,1487.0,4652.611379590856,58.077777901151144
1745572472.575372,meta-llama/Llama-3.1-8B-Instruct,airoboros,1.0,1,41,145,2.0346574783325195,11.0,4.028599244135487,1406.0,1000.0,84759.46966874876,502.36498666228795
1745572473.5782566,meta-llama/Llama-3.1-8B-Instruct,reclor,1.0,1,259,99,1.4483017921447754,10.0,4.029171132938114,1222.0,927.0,26351.593612855148,274.45099356155794
1745572469.8424191,meta-llama/Llama-3.1-8B-Instruct,scibench,1.0,1,130,446,6.066019535064697,11.0,4.030861176650709,1870.0,3055.0,9815.181857760339,103.50615522356988
1745572474.053518,meta-llama/Llama-3.1-8B-Instruct,MATH/PRM-800K,1.0,1,35,154,2.2154948711395264,10.0,4.03135653224638,1100.0,1666.0,12843.212823916798,143.99971451893103
1745572474.4227424,meta-llama/Llama-3.1-8B-Instruct,MATH/PRM-800K,1.0,1,72,183,2.6327922344207764,11.0,4.033467450963242,1271.0,2010.0,12152.205386774198,141.94851721249302
1745572473.1492677,meta-llama/Llama-3.1-8B-Instruct,MATH/PRM-800K,1.0,1,63,362,5.111530780792236,10.0,4.035104691009854,1917.0,3623.0,15635.467228273741,188.3639690702303
1745572458.749699,meta-llama/Llama-3.1-8B-Instruct,MATH/PRM-800K,1.0,1,53,1478,19.73202085494995,9.0,4.0353654870884,4524.0,9438.0,11016.727122169748,102.99538107143599
1745572474.2743518,meta-llama/Llama-3.1-8B-Instruct,MATH/PRM-800K,1.0,1,25,353,5.013671875,10.0,4.0366877226727285,1491.0,3786.0,9561.961784177854,86.2564863519298
1745572472.4083095,meta-llama/Llama-3.1-8B-Instruct,MATH/PRM-800K,1.0,1,77,509,7.11560845375061,9.0,4.036964688204358,2270.0,4779.0,13042.77988044825,93.76243530184628
1745572475.7408392,meta-llama/Llama-3.1-8B-Instruct,MATH/PRM-800K,1.0,1,27,293,4.138833999633789,9.0,4.037907389700861,848.0,3081.0,5837.866623435003,59.607525276345676
1745572478.9558277,meta-llama/Llama-3.1-8B-Instruct,MATH/PRM-800K,1.0,1,23,131,1.8674867153167725,8.0,4.038829011411622,366.0,1274.0,5367.399603044978,70.94199623793857
1745572479.7091148,meta-llama/Llama-3.1-8B-Instruct,reclor,1.0,1,171,104,1.4671440124511719,7.0,4.039110295402901,211.0,938.0,3718.017450812526,127.84167391030404
1745572476.7786944,meta-llama/Llama-3.1-8B-Instruct,tigerbot-kaggle,1.0,1,250,392,5.520388603210449,9.0,4.041253440517279,1211.0,3791.0,6892.635959420273,72.63107571153503
1745572478.9638414,meta-llama/Llama-3.1-8B-Instruct,MATH/PRM-800K,1.0,1,52,267,3.762627601623535,8.0,4.041673151219778,796.0,2421.0,5624.712709569503,84.82380393403028
1745572475.10436,meta-llama/Llama-3.1-8B-Instruct,MATH/PRM-800K,1.0,1,70,596,8.342915534973145,7.0,4.042245869596077,1388.0,5785.0,5488.9922311527525,79.9235326455124
1745572474.5291054,meta-llama/Llama-3.1-8B-Instruct,tigerbot-kaggle,1.0,1,527,721,10.090101957321167,7.0,4.043338591789166,2051.0,6862.0,5909.212512511261,80.00601340587436
1745572481.5452573,meta-llama/Llama-3.1-8B-Instruct,airoboros,1.0,1,127,231,3.2090201377868652,6.0,4.0434192858156575,526.0,1914.0,3767.0932303486707,62.5162015194667
1745572474.0989184,meta-llama/Llama-3.1-8B-Instruct,MATH/PRM-800K,1.0,1,64,771,10.775987386703491,5.0,4.043467344226324,2332.0,7274.0,5997.533866395807,72.99158730238466
1745572476.8463318,meta-llama/Llama-3.1-8B-Instruct,MATH/PRM-800K,1.0,1,85,880,12.13517451286316,7.0,4.0473010375905,1694.0,7179.0,5251.439024487908,71.66151274719394
1745572488.678214,meta-llama/Llama-3.1-8B-Instruct,MATH/PRM-800K,1.0,1,48,304,4.267212152481079,9.0,4.0532154038566865,1342.0,2240.0,36025.727632955386,137.2709351639959
1745572487.2116714,meta-llama/Llama-3.1-8B-Instruct,theoremqa,1.0,1,407,424,5.945300817489624,8.0,4.0534175808007324,1789.0,3114.0,23774.176419701653,140.31151058528962
1745572491.9541624,meta-llama/Llama-3.1-8B-Instruct,reclor,1.0,1,179,214,3.1105093955993652,8.0,4.055593233264969,1403.0,1872.0,17413.174504623414,142.2903136695619
1745572492.8793402,meta-llama/Llama-3.1-8B-Instruct,MATH/PRM-800K,1.0,1,32,258,3.6868200302124023,8.0,4.057878198739837,632.0,2234.0,6345.1484881916185,132.9362123871308
1745572492.6995173,meta-llama/Llama-3.1-8B-Instruct,airoboros,1.0,1,923,282,4.092391014099121,7.0,4.058049936014377,1595.0,2432.0,9423.915791357587,116.9363446669558
1745572481.8676882,meta-llama/Llama-3.1-8B-Instruct,ARB,1.0,1,96,1088,15.108151197433472,6.0,4.0581540664827935,2723.0,8208.0,7433.900814447463,91.91207961189059
1745572484.9348493,meta-llama/Llama-3.1-8B-Instruct,scibench,1.0,1,102,1076,15.032021284103394,9.0,4.061538084768269,2860.0,8140.0,12568.980520724152,129.341914487145
1745572498.3251925,meta-llama/Llama-3.1-8B-Instruct,airoboros,1.0,1,31,127,1.8240199089050293,8.0,4.061712774381036,126.0,1220.0,3322.459223019997,72.77611597826674
1745572483.9134254,meta-llama/Llama-3.1-8B-Instruct,airoboros,1.0,1,56,1236,17.177872896194458,7.0,4.062441338821526,2956.0,9359.0,8339.443988621597,88.49995361106413
1745572496.320033,meta-llama/Llama-3.1-8B-Instruct,leetcode_ne,1.0,1,371,404,5.704115152359009,7.0,4.063256846296961,855.0,3258.0,4190.628504732765,52.33888985597773
1745572497.6626804,meta-llama/Llama-3.1-8B-Instruct,MATH/PRM-800K,1.0,1,88,323,4.553765773773193,6.0,4.063368674148258,444.0,2695.0,3830.4633800446095,61.17821523972443
1745572498.1625822,meta-llama/Llama-3.1-8B-Instruct,MATH/PRM-800K,1.0,1,75,304,4.285879611968994,5.0,4.063458217175494,316.0,2547.0,2320.16587056763,52.74113366875902
1745572501.5996315,meta-llama/Llama-3.1-8B-Instruct,MATH/PRM-800K,1.0,1,35,169,2.354264974594116,6.0,4.064752504860176,410.0,1026.0,4170.145941306692,61.450353960146934
1745572493.3785877,meta-llama/Llama-3.1-8B-Instruct,MATH/PRM-800K,1.0,1,109,772,10.834486484527588,5.0,4.064852475775141,1339.0,5941.0,4343.0813442257595,68.17420474266578
1745572504.269362,meta-llama/Llama-3.1-8B-Instruct,scienceqa,1.0,1,20,64,0.901137113571167,5.0,4.0653674899558,60.0,394.0,3556.6462608011134,458.46429926356063
1745572503.6865754,meta-llama/Llama-3.1-8B-Instruct,MATH/PRM-800K,1.0,1,29,204,2.812894582748413,4.0,4.065616405596078,129.0,1149.0,1714.1596979306578,68.73526093280256
1745572507.6653888,meta-llama/Llama-3.1-8B-Instruct,MATH/PRM-800K,1.0,1,15,90,1.2607192993164062,5.0,4.066388519927965,55.0,550.0,3069.1179870208307,452.76425713225416
1745572507.542896,meta-llama/Llama-3.1-8B-Instruct,MATH/PRM-800K,1.0,1,12,152,2.127122163772583,6.0,4.067677157228059,460.0,930.0,13324.926266174127,281.84603256251296
1745572499.0792243,meta-llama/Llama-3.1-8B-Instruct,guanaco,1.0,1,15,874,12.058415174484253,6.0,4.068781919529526,1129.0,5524.0,4288.703370036421,68.76777457835436
1745572512.368392,meta-llama/Llama-3.1-8B-Instruct,scienceqa,1.0,1,20,87,1.3462615013122559,11.0,4.074355808241855,837.0,874.0,48618.32189989365,672.787130248027
1745572513.2741542,meta-llama/Llama-3.1-8B-Instruct,MATH/PRM-800K,1.0,1,41,94,1.41605544090271,10.0,4.0756148386116475,137.0,1081.0,3512.908786721576,405.6663231843311
1745572509.1223767,meta-llama/Llama-3.1-8B-Instruct,MATH/PRM-800K,1.0,1,243,507,7.390401840209961,11.0,4.078253416297325,1932.0,4499.0,19456.930680462992,186.58903665590316
1745572509.1537108,meta-llama/Llama-3.1-8B-Instruct,MATH/PRM-800K,1.0,1,30,508,7.40253210067749,10.0,4.078309739962081,1932.0,4522.0,16224.06447606978,143.72028515030368
1745572513.26488,meta-llama/Llama-3.1-8B-Instruct,MATH/PRM-800K,1.0,1,16,238,3.5670864582061768,9.0,4.078614902250092,253.0,2668.0,2364.7274270811154,127.8599959252306
1745572515.5055852,meta-llama/Llama-3.1-8B-Instruct,MATH/PRM-800K,1.0,1,22,113,1.7165968418121338,9.0,4.079677914526391,307.0,1278.0,3472.7415864772292,64.28975768132946
1745572511.5551379,meta-llama/Llama-3.1-8B-Instruct,leetcode_ne,1.0,1,442,394,5.855444669723511,8.0,4.079851383785103,1680.0,3955.0,10015.272815395801,139.57815825843716
1745572512.909987,meta-llama/Llama-3.1-8B-Instruct,MATH/PRM-800K,1.0,1,34,381,5.642597675323486,8.0,4.081046272646917,686.0,3925.0,3647.0039762646106,115.67115748228035
1745572516.9082701,meta-llama/Llama-3.1-8B-Instruct,reclor,1.0,1,205,128,1.8882133960723877,7.0,4.0812269033785125,359.0,1110.0,3311.8334150916135,74.48841674473816
1745572515.437063,meta-llama/Llama-3.1-8B-Instruct,MATH/PRM-800K,1.0,1,14,231,3.429426908493042,6.0,4.081266470734961,475.0,2257.0,2431.1439885326545,61.85212312287212
1745572503.622117,meta-llama/Llama-3.1-8B-Instruct,MATH/PRM-800K,1.0,1,226,1308,18.578819513320923,7.0,4.083731629600728,3042.0,9682.0,7855.350167137626,107.91600223534779
1745572519.6113741,meta-llama/Llama-3.1-8B-Instruct,reclor,1.0,1,145,186,2.660151243209839,6.0,4.083771137188175,249.0,1341.0,4821.096560495699,63.44663470429929
1745572521.7850945,meta-llama/Llama-3.1-8B-Instruct,MATH/PRM-800K,1.0,1,24,169,2.458268880844116,6.0,4.085860774510175,383.0,1277.0,3949.6630194913337,50.230469833236995
1745572522.311158,meta-llama/Llama-3.1-8B-Instruct,reclor,1.0,1,176,132,1.9403369426727295,6.0,4.085860774510175,319.0,994.0,7038.478213761279,231.8668372552519
1745572512.788427,meta-llama/Llama-3.1-8B-Instruct,theoremqa,1.0,1,526,891,12.951369762420654,7.0,4.087350196849328,2129.0,7485.0,5579.736656984577,96.63698673659185
1745572523.3746042,meta-llama/Llama-3.1-8B-Instruct,MATH/PRM-800K,1.0,1,63,245,3.576695680618286,7.0,4.088454010682159,498.0,1805.0,4236.528229491261,87.23379366411073
1745572525.533186,meta-llama/Llama-3.1-8B-Instruct,reclor,1.0,1,186,108,1.6157550811767578,6.0,4.088564351745327,312.0,868.0,3126.4556304919465,48.32996339339311
1745572525.253964,meta-llama/Llama-3.1-8B-Instruct,MATH/PRM-800K,1.0,1,43,252,3.668621063232422,7.0,4.090101450726445,640.0,1829.0,5290.68595149725,84.73017044388492
1745572518.2689352,meta-llama/Llama-3.1-8B-Instruct,MATH/PRM-800K,1.0,1,74,751,10.78941535949707,7.0,4.090377975256259,1392.0,5335.0,4537.757620126267,77.8059824420383
1745572510.2581558,meta-llama/Llama-3.1-8B-Instruct,ARB,1.0,1,104,1365,19.75470733642578,8.0,4.091546856991347,3428.0,10878.0,6677.730635558267,84.57331874580386
1745572528.9421394,meta-llama/Llama-3.1-8B-Instruct,MATH/PRM-800K,1.0,1,30,191,2.810565948486328,8.0,4.09346474347705,465.0,1565.0,7191.0127378972975,47.13159398915703
1745572530.822505,meta-llama/Llama-3.1-8B-Instruct,reclor,1.0,1,143,191,2.8403635025024414,8.0,4.095684077617928,422.0,1679.0,8850.82502750779,302.342840444896
1745572532.5419977,meta-llama/Llama-3.1-8B-Instruct,reclor,1.0,1,199,261,3.968132972717285,12.0,4.101053911633563,1019.0,2655.0,18524.75975938795,395.9534047022271
1745572527.7070677,meta-llama/Llama-3.1-8B-Instruct,MATH/PRM-800K,1.0,1,79,650,9.693354368209839,13.0,4.102948884914052,1954.0,5961.0,11839.113094285342,112.0850228364311
1745572536.9030256,meta-llama/Llama-3.1-8B-Instruct,scienceqa,1.0,1,56,69,1.1246302127838135,12.0,4.103910348889357,225.0,926.0,4683.075664491745,86.38765606296036
1745572535.7926502,meta-llama/Llama-3.1-8B-Instruct,MATH/PRM-800K,1.0,1,33,165,2.683882236480713,14.0,4.10612875601408,1261.0,2157.0,12804.853245973407,124.88631679489269
1745572529.6972835,meta-llama/Llama-3.1-8B-Instruct,airoboros,1.0,1,40,646,9.810368537902832,13.0,4.107945905504793,2194.0,6830.0,11618.166532313542,130.6197554644705
1745572533.6957426,meta-llama/Llama-3.1-8B-Instruct,MATH/PRM-800K,1.0,1,31,442,6.877334833145142,13.0,4.109913612685622,1656.0,5424.0,11737.887445463233,160.15271563451068
1745572538.1286287,meta-llama/Llama-3.1-8B-Instruct,MATH/PRM-800K,1.0,1,32,196,3.0940957069396973,12.0,4.110897799378966,567.0,2700.0,6478.981874497882,121.23950465785839
1745572535.0752745,meta-llama/Llama-3.1-8B-Instruct,MATH/PRM-800K,1.0,1,54,411,6.511347532272339,13.0,4.112986707922596,2043.0,5348.0,10913.234529295169,123.32737671657667
1745572538.0689387,meta-llama/Llama-3.1-8B-Instruct,MATH/PRM-800K,1.0,1,44,252,4.020305395126343,13.0,4.113911371968834,1300.0,3431.0,9728.003161071923,104.9149577531347
1745572528.8416777,meta-llama/Llama-3.1-8B-Instruct,MATH/PRM-800K,1.0,1,86,910,13.942606210708618,12.0,4.114966823774585,3135.0,9950.0,9077.29974866346,98.66262472174249
1745572538.2582996,meta-llama/Llama-3.1-8B-Instruct,theoremqa,1.0,1,359,425,6.767186641693115,11.0,4.1179669011595115,1144.0,5535.0,5932.357548008864,103.85917540948758
1745572541.897036,meta-llama/Llama-3.1-8B-Instruct,MATH/PRM-800K,1.0,1,17,202,3.233766555786133,10.0,4.118096893095949,57.0,2507.0,551.9239284061475,90.35622150403849
1745572541.335404,meta-llama/Llama-3.1-8B-Instruct,MATH/PRM-800K,1.0,1,180,293,4.688171148300171,11.0,4.119988560698445,946.0,3581.0,6074.124948177397,92.21667950856697
1745572537.278857,meta-llama/Llama-3.1-8B-Instruct,MATH/PRM-800K,1.0,1,89,560,8.879358530044556,10.0,4.12015561388978,1726.0,7167.0,5468.381219439293,88.8764489979729
1745572545.890851,meta-llama/Llama-3.1-8B-Instruct,reclor,1.0,1,175,82,1.2942724227905273,11.0,4.122148853067478,500.0,923.0,6021.574796621883,62.832372426326415
1745572546.2754266,meta-llama/Llama-3.1-8B-Instruct,reclor,1.0,1,172,133,2.1084110736846924,11.0,4.1239280050916385,369.0,1549.0,6237.449984175354,471.4435193790021
1745572540.1170607,meta-llama/Llama-3.1-8B-Instruct,MATH/PRM-800K,1.0,1,56,558,8.792133569717407,10.0,4.124576972756372,1411.0,6719.0,4590.032929753559,96.6013469305473
1745572547.1020396,meta-llama/Llama-3.1-8B-Instruct,MATH/PRM-800K,1.0,1,33,243,3.875593423843384,13.0,4.130367039744668,1249.0,2920.0,11719.643348729536,184.15152089399572
1745572549.6518874,meta-llama/Llama-3.1-8B-Instruct,reclor,1.0,1,130,94,1.5692212581634521,12.0,4.130725666674754,1015.0,1283.0,19416.075401535698,240.16438292462055
1745572547.4980352,meta-llama/Llama-3.1-8B-Instruct,MATH/PRM-800K,1.0,1,44,270,4.355116844177246,13.0,4.132364475326194,1445.0,3322.0,11178.715910776535,162.57412488614426
1745572551.6884918,meta-llama/Llama-3.1-8B-Instruct,reclor,1.0,1,175,112,1.8134472370147705,13.0,4.1355554058605595,379.0,1588.0,7010.931911476711,262.0895613701067
1745572551.2897024,meta-llama/Llama-3.1-8B-Instruct,MATH/PRM-800K,1.0,1,14,154,2.5637054443359375,13.0,4.138695866552784,1433.0,2138.0,18958.195181692958,249.39564317165622
1745572525.7550187,meta-llama/Llama-3.1-8B-Instruct,airoboros,1.0,1,46,1948,30.199985027313232,14.0,4.143631319524874,7141.0,21726.0,9676.330590114596,117.21157441836266
1745572555.213366,meta-llama/Llama-3.1-8B-Instruct,airoboros,1.0,1,368,63,1.0672614574432373,14.0,4.1444638961458695,506.0,967.0,7607.977117407257,31.047468627035954
1745572549.8836734,meta-llama/Llama-3.1-8B-Instruct,leetcode_ne,1.0,1,722,497,8.200706005096436,15.0,4.148080236941303,3110.0,7020.0,12228.934989939055,132.02039652300223
1745572534.4221375,meta-llama/Llama-3.1-8B-Instruct,MATH/PRM-800K,1.0,1,94,1493,23.805206060409546,14.0,4.148343201160984,6257.0,19107.0,8876.69509392545,110.11308586849493
1745572556.0277998,meta-llama/Llama-3.1-8B-Instruct,MATH/PRM-800K,1.0,1,58,164,2.6971302032470703,13.0,4.149165410295068,222.0,2482.0,1431.5264529265248,69.88617206858359
1745572550.127878,meta-llama/Llama-3.1-8B-Instruct,MATH/PRM-800K,1.0,1,43,634,10.547308444976807,17.0,4.154571806141316,3046.0,9198.0,9288.627731090264,102.10675468327639
1745572555.0299833,meta-llama/Llama-3.1-8B-Instruct,MATH/PRM-800K,1.0,1,162,338,5.735417604446411,16.0,4.154744666993223,1530.0,5211.0,6632.461861366706,63.66447883572872
1745572553.6710858,meta-llama/Llama-3.1-8B-Instruct,airoboros,1.0,1,961,441,7.523510217666626,16.0,4.156430143872888,2868.0,6632.0,8731.4373535663,72.25623848596945
1745572559.3104055,meta-llama/Llama-3.1-8B-Instruct,reclor,1.0,1,174,123,2.2528817653656006,15.0,4.157131324004306,818.0,2110.0,5033.538224947032,81.79258026518836
1745572559.1954226,meta-llama/Llama-3.1-8B-Instruct,scienceqa,1.0,1,96,135,2.4507181644439697,14.0,4.157277216399134,954.0,2288.0,5032.53088087758,81.14105848485829
1745572560.0599587,meta-llama/Llama-3.1-8B-Instruct,reclor,1.0,1,152,99,1.7616262435913086,13.0,4.157568565400844,530.0,1664.0,2400.0062418508332,55.64229692335857
1745572557.5179932,meta-llama/Llama-3.1-8B-Instruct,MATH/PRM-800K,1.0,1,20,253,4.3863115310668945,12.0,4.157687536495516,1096.0,3993.0,3086.277512993362,58.068337840522005
1745572556.3709483,meta-llama/Llama-3.1-8B-Instruct,MATH/PRM-800K,1.0,1,24,354,6.03891921043396,12.0,4.158586953889536,1245.0,5430.0,3276.007706799613,72.63537746743518
1745572558.9797068,meta-llama/Llama-3.1-8B-Instruct,MATH/PRM-800K,1.0,1,42,233,4.0736212730407715,11.0,4.159409723156394,1121.0,3529.0,3794.719474127147,79.7322839373377
1745572563.6208994,meta-llama/Llama-3.1-8B-Instruct,scienceqa,1.0,1,44,16,0.30274486541748047,11.0,4.160690796110237,84.0,214.0,3390.9322193637972,858.8399707768523
1745572562.1465988,meta-llama/Llama-3.1-8B-Instruct,MATH/PRM-800K,1.0,1,45,155,2.503119468688965,10.0,4.161555385807118,169.0,1812.0,1681.7014088297544,142.43953472348392
1745572559.330985,meta-llama/Llama-3.1-8B-Instruct,MATH/PRM-800K,1.0,1,34,378,6.3890814781188965,12.0,4.16357945010972,1270.0,5105.0,3418.9114967690907,95.79938735423916
1745572565.0158515,meta-llama/Llama-3.1-8B-Instruct,MATH/PRM-800K,1.0,1,90,141,2.427466869354248,12.0,4.166513423558574,413.0,1831.0,7939.595709896332,210.71248597934942
1745572541.477837,meta-llama/Llama-3.1-8B-Instruct,theoremqa,1.0,1,332,1663,27.17376685142517,11.0,4.168029459989786,6137.0,21618.0,6126.544769453723,97.36559633078124
1745572565.8013918,meta-llama/Llama-3.1-8B-Instruct,reclor,1.0,1,157,194,3.268507242202759,10.0,4.168525252851041,197.0,2420.0,2087.383333717301,74.05528536639974
1745572551.9229808,meta-llama/Llama-3.1-8B-Instruct,MATH/PRM-800K,1.0,1,124,1100,18.244855165481567,9.0,4.169622198872966,3681.0,14702.0,5088.208968020448,84.44977955888267
1745572549.3040154,meta-llama/Llama-3.1-8B-Instruct,MATH/PRM-800K,1.0,1,37,1274,21.099864721298218,9.0,4.17045689671388,5279.0,16905.0,6416.628992856475,82.55174845928677
1745572561.0689428,meta-llama/Llama-3.1-8B-Instruct,tigerbot-kaggle,1.0,1,298,675,11.057261943817139,10.0,4.173134111844491,1628.0,7817.0,3238.8186886601206,65.14107783908956
1745572564.8983414,meta-llama/Llama-3.1-8B-Instruct,scibench,1.0,1,27,488,8.015061378479004,10.0,4.174494625273303,1305.0,5458.0,5531.166712901397,56.16516521153129
1745572571.67213,meta-llama/Llama-3.1-8B-Instruct,reclor,1.0,1,132,107,1.7466881275177002,10.0,4.175247764080251,423.0,1180.0,4517.384674131725,57.21003741591074
1745572570.2641826,meta-llama/Llama-3.1-8B-Instruct,reclor,1.0,1,197,206,3.328477144241333,9.0,4.175419843637956,892.0,2105.0,5993.774698959577,46.841060891053665
1745572572.279789,meta-llama/Llama-3.1-8B-Instruct,reclor,1.0,1,144,113,1.8439979553222656,8.0,4.175847400731523,251.0,1191.0,2135.5641668998646,81.10827884208578
1745572572.9604342,meta-llama/Llama-3.1-8B-Instruct,MATH/PRM-800K,1.0,1,27,204,3.267122983932495,9.0,4.177846322350989,269.0,1822.0,2283.7067582521445,183.33968688692963
1745572571.3707855,meta-llama/Llama-3.1-8B-Instruct,leetcode_ne,1.0,1,192,495,8.030498266220093,11.0,4.182106740291764,1144.0,4976.0,5383.801261843192,135.00572587880833
1745572576.0720534,meta-llama/Llama-3.1-8B-Instruct,MATH/PRM-800K,1.0,1,68,426,7.3505518436431885,17.0,4.192365241361557,1870.0,5491.0,22488.039669557947,297.1775675742739
1745572565.492103,meta-llama/Llama-3.1-8B-Instruct,MATH/PRM-800K,1.0,1,46,1101,18.313048839569092,17.0,4.1934274667109985,3272.0,12651.0,7472.669567386636,89.95639787795945
1745572581.9038293,meta-llama/Llama-3.1-8B-Instruct,reclor,1.0,1,212,208,3.9814980030059814,18.0,4.198645779722079,1272.0,3670.0,14780.691663048998,124.56318270906701
1745572577.2471468,meta-llama/Llama-3.1-8B-Instruct,MATH/PRM-800K,1.0,1,51,508,9.123869895935059,18.0,4.199907795069181,2460.0,7588.0,17077.952118959278,163.231172342434
1745572584.85845,meta-llama/Llama-3.1-8B-Instruct,reclor,1.0,1,271,130,2.490377426147461,17.0,4.201830977611261,565.0,2407.0,5651.0015835982485,156.3570653300317
1745572575.7501106,meta-llama/Llama-3.1-8B-Instruct,airoboros,1.0,1,54,701,12.52508544921875,17.0,4.204718353828303,3106.0,10206.0,13218.852059194784,158.00312482975343
1745572585.977737,meta-llama/Llama-3.1-8B-Instruct,MATH/PRM-800K,1.0,1,52,137,2.6349904537200928,16.0,4.205335491252656,536.0,2471.0,4432.33963665826,93.14158018520067
1745572585.6133153,meta-llama/Llama-3.1-8B-Instruct,reclor,1.0,1,122,168,3.2104406356811523,15.0,4.205714729737333,698.0,3018.0,3727.46087728941,89.80418737017472
1745572577.2394269,meta-llama/Llama-3.1-8B-Instruct,airoboros,1.0,1,38,763,13.901272296905518,16.0,4.211045813958472,3363.0,11919.0,11334.817919683208,147.20650855190044
1745572587.6052363,meta-llama/Llama-3.1-8B-Instruct,theoremqa,1.0,1,404,220,4.117514610290527,15.0,4.212087773757329,903.0,3693.0,5617.913636980615,102.31017766916521
1745572582.8112648,meta-llama/Llama-3.1-8B-Instruct,leetcode_ne,1.0,1,374,591,10.952385663986206,15.0,4.215878999804545,2101.0,10021.0,5823.354083689078,113.98665060168847
1745572583.630207,meta-llama/Llama-3.1-8B-Instruct,MATH/PRM-800K,1.0,1,93,623,11.38961911201477,14.0,4.21804412654392,1687.0,10385.0,4646.956347546152,112.94113437163618
1745572589.4419107,meta-llama/Llama-3.1-8B-Instruct,guanaco,1.0,1,20,442,7.996093511581421,18.0,4.224734405523295,965.0,7229.0,5407.709524373283,150.50365650269427
1745572596.6414518,meta-llama/Llama-3.1-8B-Instruct,scienceqa,1.0,1,50,93,1.7876856327056885,18.0,4.226894488711464,155.0,1777.0,2642.9933129046685,183.74620783095395
1745572589.3089912,meta-llama/Llama-3.1-8B-Instruct,leetcode_ne,1.0,1,359,551,10.102977514266968,17.0,4.228773679549911,1429.0,9203.0,5683.7981459523635,153.91409878438415
1745572581.3840206,meta-llama/Llama-3.1-8B-Instruct,scibench,1.0,1,57,989,18.297760009765625,16.0,4.229251993675881,3486.0,16751.0,6718.420785896195,122.10680263213571
1745572595.598889,meta-llama/Llama-3.1-8B-Instruct,reclor,1.0,1,180,212,4.1012794971466064,15.0,4.229283482429483,491.0,3889.0,2995.608017691659,92.6436652242627
1745572597.9038725,meta-llama/Llama-3.1-8B-Instruct,MATH/PRM-800K,1.0,1,25,158,3.071357011795044,17.0,4.232589054066343,469.0,2813.0,2851.111648744799,75.93069330904561
1745572592.7062669,meta-llama/Llama-3.1-8B-Instruct,airoboros,1.0,1,46,445,8.288695812225342,16.0,4.23262320294216,1374.0,7550.0,4604.113862101613,100.10080651323342
1745572580.924126,meta-llama/Llama-3.1-8B-Instruct,airoboros,1.0,1,67,1185,21.984488248825073,17.0,4.236598703121866,4185.0,20007.0,6545.248680541389,114.72658812823425
1745572600.620045,meta-llama/Llama-3.1-8B-Instruct,reclor,1.0,1,192,121,2.37626576423645,17.0,4.237050743490944,536.0,2131.0,4403.018285267549,60.061380223289525
1745572595.499678,meta-llama/Llama-3.1-8B-Instruct,leetcode_ne,1.0,1,196,398,7.689126968383789,16.0,4.237392008855876,1435.0,7057.0,4477.996052530725,82.9369542962475
1745572601.5436678,meta-llama/Llama-3.1-8B-Instruct,ARB,1.0,1,97,83,1.663377285003662,15.0,4.2374234605203345,304.0,1498.0,2354.3196742661285,44.74721580685903
1745572599.8381088,meta-llama/Llama-3.1-8B-Instruct,MATH/PRM-800K,1.0,1,20,244,4.788957118988037,17.0,4.240935994567746,1071.0,4242.0,4971.256967184496,85.79274467708426
1745572603.2682214,meta-llama/Llama-3.1-8B-Instruct,MATH/PRM-800K,1.0,1,32,103,2.0627670288085938,16.0,4.242163818036985,363.0,1823.0,6400.11983569086,270.4602999168764
1745572581.777925,meta-llama/Llama-3.1-8B-Instruct,MATH/PRM-800K,1.0,1,112,1292,24.23312735557556,16.0,4.243562466923615,4546.0,21973.0,5482.318895705113,101.3330478386086
1745572603.291227,meta-llama/Llama-3.1-8B-Instruct,MATH/PRM-800K,1.0,1,56,188,3.709073543548584,17.0,4.245849635473457,621.0,3279.0,5261.751594922076,94.88881802746936
1745572603.7551904,meta-llama/Llama-3.1-8B-Instruct,ARB,1.0,1,155,179,3.5167388916015625,16.0,4.246326810939663,453.0,3144.0,2964.4664135713347,82.71165472820755
1745572595.8126023,meta-llama/Llama-3.1-8B-Instruct,MATH/PRM-800K,1.0,1,76,598,11.56834077835083,15.0,4.246515269745914,1600.0,10515.0,2996.6311684975126,77.19152990497976
1745572599.9767513,meta-llama/Llama-3.1-8B-Instruct,scibench,1.0,1,72,386,7.5241477489471436,14.0,4.246716424690883,1269.0,6669.0,3170.834091251832,65.57074059165588
1745572601.8216586,meta-llama/Llama-3.1-8B-Instruct,guanaco,1.0,1,11,442,8.620673894882202,18.0,4.253967405966936,1424.0,7779.0,3859.2583756395147,78.55104415093562
1745572595.2776277,meta-llama/Llama-3.1-8B-Instruct,scibench,1.0,1,117,799,15.460900068283081,18.0,4.25470780868534,2909.0,14049.0,4660.992619746321,83.80096762923405
1745572608.452259,meta-llama/Llama-3.1-8B-Instruct,reclor,1.0,1,294,149,2.928614377975464,17.0,4.25591929724287,466.0,2803.0,4558.943628871617,104.53798979589327
1745572608.9648178,meta-llama/Llama-3.1-8B-Instruct,MATH/PRM-800K,1.0,1,32,175,3.4199676513671875,17.0,4.258050216043284,264.0,3238.0,2005.0242870481507,107.31474262895908
1745572602.9194927,meta-llama/Llama-3.1-8B-Instruct,MATH/PRM-800K,1.0,1,76,542,10.57596755027771,16.0,4.259989479839474,1565.0,9500.0,3284.5358619645585,86.97415983443607
1745572606.0697129,meta-llama/Llama-3.1-8B-Instruct,MATH/PRM-800K,1.0,1,42,429,8.305938005447388,15.0,4.26149393833413,910.0,7520.0,2873.8078659257644,100.23448050627056
1745572607.81073,meta-llama/Llama-3.1-8B-Instruct,MATH/PRM-800K,1.0,1,25,407,7.897994756698608,16.0,4.265641849688764,1401.0,7092.0,6337.324262940008,124.90737757776287
1745572612.0388021,meta-llama/Llama-3.1-8B-Instruct,MATH/PRM-800K,1.0,1,92,335,6.522205114364624,20.0,4.274875193779834,2369.0,5732.0,15771.80650016925,157.3276908266487
1745572617.193051,meta-llama/Llama-3.1-8B-Instruct,reclor,1.0,1,187,137,2.782655954360962,20.0,4.278263305322129,943.0,2798.0,9623.283946651216,150.3023177327586
1745572610.4830449,meta-llama/Llama-3.1-8B-Instruct,airoboros,1.0,1,20,483,9.502869367599487,20.0,4.278263305322129,2574.0,8569.0,8811.370523947804,128.21776864793893
1745572617.686199,meta-llama/Llama-3.1-8B-Instruct,scienceqa,1.0,1,46,133,2.7031397819519043,19.0,4.279144025544787,295.0,2745.0,2267.070233826524,129.11050261288185
1745572618.3903553,meta-llama/Llama-3.1-8B-Instruct,MATH/PRM-800K,1.0,1,24,159,3.194624662399292,18.0,4.281578308657814,209.0,3205.0,1295.001270892468,131.36510318756285
1745572619.3268025,meta-llama/Llama-3.1-8B-Instruct,MATH/PRM-800K,1.0,1,41,247,4.992781400680542,17.0,4.286552607653525,145.0,4686.0,890.6114583563647,205.04569679709755
1745572625.6808746,meta-llama/Llama-3.1-8B-Instruct,MATH/PRM-800K,1.0,1,28,251,5.07256555557251,20.0,4.299539943898196,291.0,4817.0,9007.405293357233,960.9246810837834
1745572628.0156837,meta-llama/Llama-3.1-8B-Instruct,MATH/PRM-800K,1.0,1,19,193,3.869915723800659,19.0,4.3019235788901735,223.0,3889.0,3432.8574114871053,441.0760982221749
1745572615.0111036,meta-llama/Llama-3.1-8B-Instruct,theoremqa,1.0,1,581,894,17.962525367736816,19.0,4.306022934875818,3282.0,16755.0,9395.761632508682,262.4010389354653
1745572607.6290433,meta-llama/Llama-3.1-8B-Instruct,guanaco,1.0,1,34,1292,25.62290048599243,18.0,4.3065707620528775,4227.0,23676.0,7414.366279555727,171.1201152487525
1745572628.983501,meta-llama/Llama-3.1-8B-Instruct,MATH/PRM-800K,1.0,1,44,222,4.514490365982056,17.0,4.307008340345757,890.0,4479.0,4784.26512187805,78.99074220640107
1745572617.0245,meta-llama/Llama-3.1-8B-Instruct,theoremqa,1.0,1,661,966,19.595720529556274,16.0,4.312110201637053,2661.0,18092.0,5958.878698363691,171.45693523240368
1745572629.891246,meta-llama/Llama-3.1-8B-Instruct,MATH/PRM-800K,1.0,1,40,416,8.529243469238281,18.0,4.317146712156332,1629.0,7597.0,5680.320575292642,89.73499304672627
1745572614.7952025,meta-llama/Llama-3.1-8B-Instruct,scibench,1.0,1,77,1265,25.597312688827515,18.0,4.3212516429076935,4433.0,23169.0,8188.297656826483,157.22691432931575
1745572619.6540859,meta-llama/Llama-3.1-8B-Instruct,airoboros,1.0,1,24,1033,21.0083487033844,17.0,4.321724740669006,2115.0,18959.0,4124.9619763734945,123.10817032821342
1745572639.6864166,meta-llama/Llama-3.1-8B-Instruct,reclor,1.0,1,171,95,2.0249078273773193,17.0,4.323700990367657,311.0,1737.0,2995.150677540307,35.864943842567776
1745572641.4691434,meta-llama/Llama-3.1-8B-Instruct,scienceqa,1.0,1,60,66,1.4529263973236084,18.0,4.3268489113724735,513.0,1213.0,6729.333772653674,365.4138244428965
1745572642.4929311,meta-llama/Llama-3.1-8B-Instruct,reclor,1.0,1,277,150,3.158712863922119,18.0,4.33183199551194,372.0,2765.0,4489.049994182123,618.9138448146218
1745572638.047077,meta-llama/Llama-3.1-8B-Instruct,MATH/PRM-800K,1.0,1,217,386,8.151467084884644,17.0,4.332776795565422,1602.0,7003.0,6116.581376480505,100.85588974969573
1745572631.9082475,meta-llama/Llama-3.1-8B-Instruct,theoremqa,1.0,1,686,712,14.91888689994812,17.0,4.3371189464085855,3622.0,12674.0,6975.223167528355,83.58645910635983
1745572638.1347497,meta-llama/Llama-3.1-8B-Instruct,leetcode_ne,1.0,1,427,457,9.698273181915283,16.0,4.338734586360241,2540.0,8219.0,6577.517991547528,87.56729493344315
1745572649.4986265,meta-llama/Llama-3.1-8B-Instruct,scienceqa,1.0,1,23,66,1.5129551887512207,21.0,4.348812677527095,155.0,1444.0,4313.20586439558,1001.6699238855507
1745572648.8130517,meta-llama/Llama-3.1-8B-Instruct,reclor,1.0,1,213,134,3.015446662902832,20.0,4.350582240276734,1600.0,2812.0,20530.87583652737,640.9828024645689
1745572645.0508716,meta-llama/Llama-3.1-8B-Instruct,MATH/PRM-800K,1.0,1,15,345,7.498809576034546,19.0,4.352037319420019,3016.0,6568.0,9279.469928036417,138.51189693587702
1745572642.2570102,meta-llama/Llama-3.1-8B-Instruct,scibench,1.0,1,56,506,10.88924241065979,18.0,4.35316571701797,3429.0,9530.0,8659.909182899773,159.8596326652771
1745572649.0751207,meta-llama/Llama-3.1-8B-Instruct,airoboros,1.0,1,1074,243,5.264671325683594,18.0,4.35568056263811,1465.0,4926.0,6055.0226396026865,177.33068813653225
1745572649.2104988,meta-llama/Llama-3.1-8B-Instruct,MATH/PRM-800K,1.0,1,38,305,6.507799386978149,20.0,4.359290023793338,733.0,6127.0,2628.942972879519,179.00699125278794
1745572646.4942873,meta-llama/Llama-3.1-8B-Instruct,airoboros,1.0,1,1254,438,9.492326021194458,19.0,4.359829947236908,3461.0,8456.0,6838.478921556131,124.35105005117128
1745572655.3089688,meta-llama/Llama-3.1-8B-Instruct,MATH/PRM-800K,1.0,1,41,117,2.638904094696045,21.0,4.364932634233756,660.0,2376.0,3718.293687371504,129.29739893111807
1745572654.9607468,meta-llama/Llama-3.1-8B-Instruct,reclor,1.0,1,170,156,3.5198428630828857,21.0,4.366849925271901,1190.0,3201.0,5410.020695279899,146.75134808468022
1745572657.018102,meta-llama/Llama-3.1-8B-Instruct,reclor,1.0,1,238,188,4.540274143218994,22.0,4.374241366773789,1411.0,4116.0,10926.32509209835,393.1955141810311
1745572648.0383816,meta-llama/Llama-3.1-8B-Instruct,airoboros,1.0,1,27,630,14.109547138214111,22.0,4.375774510350245,3749.0,12835.0,6866.300567756659,188.51196496596745
1745572654.5405183,meta-llama/Llama-3.1-8B-Instruct,MATH/PRM-800K,1.0,1,51,342,7.980227947235107,21.0,4.376429225319411,1964.0,7231.0,5758.722274340702,149.96978873741352
1745572657.2892456,meta-llama/Llama-3.1-8B-Instruct,MATH/PRM-800K,1.0,1,186,274,6.499429702758789,20.0,4.379119508869115,1229.0,5988.0,5037.462634532187,154.181143420812
1745572657.1972852,meta-llama/Llama-3.1-8B-Instruct,MATH/PRM-800K,1.0,1,35,279,6.612812519073486,19.0,4.379160951590095,1304.0,6090.0,4647.5814379307685,134.19197697287913
1745572659.7750082,meta-llama/Llama-3.1-8B-Instruct,reclor,1.0,1,141,183,4.455545902252197,19.0,4.3805160420856035,912.0,3995.0,3745.959846859868,91.29516218030051
1745572661.6064117,meta-llama/Llama-3.1-8B-Instruct,airoboros,1.0,1,131,154,3.497981309890747,20.0,4.382626941053514,564.0,3262.0,2375.7643727222767,76.34413302196619
1745572664.3387833,meta-llama/Llama-3.1-8B-Instruct,MATH/PRM-800K,1.0,1,39,102,2.2421653270721436,20.0,4.385755393775444,227.0,2131.0,2794.643272059652,381.3383068056078
1745572664.0870569,meta-llama/Llama-3.1-8B-Instruct,reclor,1.0,1,189,139,3.0467097759246826,19.0,4.386832006916286,456.0,2864.0,2712.9079768798438,221.2587564951057
1745572665.7221868,meta-llama/Llama-3.1-8B-Instruct,MATH/PRM-800K,1.0,1,23,113,2.5342094898223877,20.0,4.392510255111646,1457.0,2317.0,12134.911767923646,304.70375260998253
1745572660.3485007,meta-llama/Llama-3.1-8B-Instruct,MATH/PRM-800K,1.0,1,291,422,9.555622577667236,20.0,4.395966660127358,2444.0,8788.0,5346.554882334321,136.73807329750525
1745572667.4121706,meta-llama/Llama-3.1-8B-Instruct,MATH/PRM-800K,1.0,1,21,174,3.8484015464782715,19.0,4.398613724918493,1486.0,3541.0,11791.390590008035,225.12128894368237
1745572658.34709,meta-llama/Llama-3.1-8B-Instruct,leetcode_ne,1.0,1,280,612,13.768826246261597,20.0,4.401298143691626,3372.0,12713.0,5748.721628606954,149.2714235568904
1745572671.8187375,meta-llama/Llama-3.1-8B-Instruct,reclor,1.0,1,146,93,2.070577621459961,20.0,4.405392299742972,426.0,1937.0,4526.235431505129,123.57038498223197
1745572667.859527,meta-llama/Llama-3.1-8B-Instruct,airoboros,1.0,1,1293,279,6.137676954269409,19.0,4.405598908305621,2092.0,5662.0,6237.522123345992,151.39248131012755
1745572673.2872636,meta-llama/Llama-3.1-8B-Instruct,reclor,1.0,1,200,127,2.9441616535186768,21.0,4.412404534147834,1238.0,2660.0,6025.771455600636,244.964357109157
1745572669.6410744,meta-llama/Llama-3.1-8B-Instruct,MATH/PRM-800K,1.0,1,52,317,7.063647031784058,20.0,4.41337119516414,1757.0,6505.0,4591.23296522829,145.2173079785477
1745572671.6116173,meta-llama/Llama-3.1-8B-Instruct,ARB,1.0,1,202,383,8.71017074584961,21.0,4.420792170963616,1921.0,7915.0,5647.071727638485,197.0257225685423
1745572674.495727,meta-llama/Llama-3.1-8B-Instruct,ARB,1.0,1,214,272,6.249187231063843,20.0,4.421626201382086,967.0,5673.0,5473.5179736061,229.8468824939771
1745572678.8649983,meta-llama/Llama-3.1-8B-Instruct,reclor,1.0,1,135,85,2.096221923828125,19.0,4.422038655017209,256.0,1843.0,1864.8901236468987,109.50556486034215
1745572674.2603493,meta-llama/Llama-3.1-8B-Instruct,tigerbot-kaggle,1.0,1,247,394,8.961596727371216,19.0,4.426298891221086,1325.0,8065.0,4833.834071496333,226.71997764220413
1745572653.2336462,meta-llama/Llama-3.1-8B-Instruct,MATH/PRM-800K,1.0,1,78,1458,32.5406768321991,20.0,4.431343753555656,6230.0,29616.0,4686.227112058822,160.3563693844196
1745572679.500706,meta-llama/Llama-3.1-8B-Instruct,MATH/PRM-800K,1.0,1,41,302,6.841399192810059,19.0,4.432414769344746,366.0,5977.0,1368.3107864606197,92.0407285022176
1745572664.7602963,meta-llama/Llama-3.1-8B-Instruct,airoboros,1.0,1,45,978,21.690909147262573,18.0,4.432607487762931,3840.0,19694.0,4506.517815382055,138.32184694426158
1745572675.7450826,meta-llama/Llama-3.1-8B-Instruct,leetcode_ne,1.0,1,417,512,11.559746503829956,18.0,4.434243944252199,1074.0,10203.0,2377.2728043955667,94.57479883718273
1745572638.0056121,meta-llama/Llama-3.1-8B-Instruct,MATH/PRM-800K,1.0,1,59,2242,49.32271385192871,17.0,4.4342798335401294,10869.0,44152.0,5330.359155405394,113.12045406419941
1745572682.3683882,meta-llama/Llama-3.1-8B-Instruct,MATH/PRM-800K,1.0,1,31,284,6.357863426208496,19.0,4.4375796852268214,724.0,5483.0,2376.0458165563577,40.09920977449988
1745572687.6714127,meta-llama/Llama-3.1-8B-Instruct,MATH/PRM-800K,1.0,1,14,64,1.4909539222717285,18.0,4.438350040997699,363.0,1280.0,4668.840974695669,166.19171767867564
1745572685.6923246,meta-llama/Llama-3.1-8B-Instruct,MATH/PRM-800K,1.0,1,93,240,5.602670669555664,22.0,4.444065707984493,1361.0,4782.0,4033.8436697658,35.475703329978835
1745572687.9196699,meta-llama/Llama-3.1-8B-Instruct,MATH/PRM-800K,1.0,1,15,167,4.052202463150024,21.0,4.445179834048156,763.0,3490.0,4642.54276512125,202.82385383316245
1745572650.5105116,meta-llama/Llama-3.1-8B-Instruct,airoboros,1.0,1,52,1875,42.03399324417114,20.0,4.446317899145444,7469.0,37993.0,4027.623209785703,106.83245574136703
1745572685.6841507,meta-llama/Llama-3.1-8B-Instruct,MATH/PRM-800K,1.0,1,41,333,7.799803256988525,19.0,4.448086059256949,1361.0,6716.0,2951.1336352473845,35.635318760360626
1745572687.8135617,meta-llama/Llama-3.1-8B-Instruct,MATH/PRM-800K,1.0,1,214,284,6.671992063522339,19.0,4.4509496556919865,1426.0,5822.0,4836.721770103362,79.21762033253398
1745572690.759298,meta-llama/Llama-3.1-8B-Instruct,MATH/PRM-800K,1.0,1,38,212,5.021663427352905,19.0,4.453468057607578,667.0,4343.0,2579.3049056455347,61.39195766185309
1745572691.1679842,meta-llama/Llama-3.1-8B-Instruct,airoboros,1.0,1,49,220,5.167325258255005,20.0,4.455688140072679,1078.0,4464.0,3581.179157392609,58.86248774489639
1745572689.152213,meta-llama/Llama-3.1-8B-Instruct,MATH/PRM-800K,1.0,1,166,306,7.2274346351623535,19.0,4.455770303163248,1697.0,6276.0,4409.379618768095,74.35809992848232
1745572686.6761196,meta-llama/Llama-3.1-8B-Instruct,MATH/PRM-800K,1.0,1,36,473,10.990970849990845,19.0,4.458330911070358,2243.0,9457.0,4000.4455172525427,58.25439582674054
1745572695.8798082,meta-llama/Llama-3.1-8B-Instruct,scibench,1.0,1,79,77,1.831380844116211,18.0,4.458407762475029,596.0,1567.0,3417.6585923614493,62.866440666987266
1745572695.3378127,meta-llama/Llama-3.1-8B-Instruct,MATH/PRM-800K,1.0,1,51,105,2.4646031856536865,17.0,4.45855089314026,687.0,2113.0,2657.700942801698,65.47390794182645
1745572689.317849,meta-llama/Llama-3.1-8B-Instruct,leetcode_ne,1.0,1,232,470,11.258241891860962,23.0,4.467494214736308,3253.0,9582.0,6154.251374822746,87.72508623910348
1745572693.6751573,meta-llama/Llama-3.1-8B-Instruct,ARB,1.0,1,370,308,7.505734920501709,23.0,4.468749422166105,2835.0,6250.0,6761.065352688113,108.77869185413321
1745572698.3985765,meta-llama/Llama-3.1-8B-Instruct,MATH/PRM-800K,1.0,1,36,176,4.879150390625,23.0,4.472677429663298,1677.0,3994.0,10779.095473853535,170.8641916418033
1745572699.100399,meta-llama/Llama-3.1-8B-Instruct,MATH/PRM-800K,1.0,1,19,176,4.996294021606445,22.0,4.474096315544852,1524.0,4068.0,7729.617532417793,143.7022143402468
1745572704.4427977,meta-llama/Llama-3.1-8B-Instruct,MATH/PRM-800K,1.0,1,22,70,2.0255000591278076,22.0,4.478285435175773,62.0,1632.0,1450.583905615278,835.5974970517524
1745572698.500729,meta-llama/Llama-3.1-8B-Instruct,MATH/PRM-800K,1.0,1,37,309,8.665011882781982,21.0,4.479395637033732,1663.0,7030.0,5920.314362987842,180.91014112595886
1745572695.897656,meta-llama/Llama-3.1-8B-Instruct,leetcode_ne,1.0,1,330,426,11.426435232162476,20.0,4.479700939316659,2483.0,9287.0,4421.6655322105735,119.8591526844591
1745572702.3941133,meta-llama/Llama-3.1-8B-Instruct,MATH/PRM-800K,1.0,1,46,179,5.065068006515503,19.0,4.479946778179054,148.0,4101.0,540.9345455697024,112.11275472925519
1745572696.8813665,meta-llama/Llama-3.1-8B-Instruct,MATH/PRM-800K,1.0,1,67,395,10.673851490020752,18.0,4.480100106653714,1994.0,8671.0,3569.2845011509935,107.26834915485408
1745572689.5130122,meta-llama/Llama-3.1-8B-Instruct,guanaco,1.0,1,23,729,18.557312488555908,20.0,4.483778318647146,4326.0,15456.0,4569.4268093949795,84.77897053823207
1745572698.1042814,meta-llama/Llama-3.1-8B-Instruct,airoboros,1.0,1,108,404,10.983409404754639,19.0,4.48562129974476,3000.0,8903.0,5800.462792280151,93.57552904719664
1745572699.6335227,meta-llama/Llama-3.1-8B-Instruct,airoboros,1.0,1,535,368,10.131108522415161,19.0,4.487120204387576,2761.0,8191.0,4678.5244131068885,77.9303522486735
1745572707.6992176,meta-llama/Llama-3.1-8B-Instruct,scienceqa,1.0,1,66,122,2.875838279724121,19.0,4.488692953449646,330.0,2479.0,1619.155564167061,58.82569219500387
1745572699.611562,meta-llama/Llama-3.1-8B-Instruct,leetcode_ne,1.0,1,560,442,11.83479928970337,18.0,4.490148062729411,2817.0,9631.0,3981.726625450637,80.51398112692888
1745572709.7962613,meta-llama/Llama-3.1-8B-Instruct,MATH/PRM-800K,1.0,1,16,132,3.1213910579681396,19.0,4.492999105595175,257.0,2558.0,1612.8990655577722,145.71222405769979
1745572707.5449443,meta-llama/Llama-3.1-8B-Instruct,airoboros,1.0,1,920,232,5.509100437164307,18.0,4.493228750306705,1491.0,4548.0,3250.9760369291494,62.39863615013837
1745572707.857325,meta-llama/Llama-3.1-8B-Instruct,MATH/PRM-800K,1.0,1,7,243,5.683971881866455,17.0,4.493977047882865,425.0,4733.0,931.0726541899415,69.71146137026196
1745572701.0830762,meta-llama/Llama-3.1-8B-Instruct,MATH/PRM-800K,1.0,1,44,571,14.499617338180542,16.0,4.49687976409645,1723.0,11640.0,1964.6336143758087,85.01345936597632
1745572712.7233965,meta-llama/Llama-3.1-8B-Instruct,scienceqa,1.0,1,47,146,3.4138331413269043,15.0,4.4976382189190405,87.0,2546.0,324.7200288204288,80.05901557439431
1745572700.092712,meta-llama/Llama-3.1-8B-Instruct,scibench,1.0,1,81,633,16.10910415649414,14.0,4.497721314674839,1844.0,12905.0,1809.9048051673474,77.07199389480655
1745572712.0104218,meta-llama/Llama-3.1-8B-Instruct,MATH/PRM-800K,1.0,1,74,186,4.340597629547119,13.0,4.497896738428105,201.0,3257.0,565.5124876620118,62.54010981957239
1745572607.645706,meta-llama/Llama-3.1-8B-Instruct,MATH/PRM-800K,1.0,1,51,5127,112.80117988586426,20.0,4.507309910688866,22123.0,98436.0,5082.462294834028,104.40781781533076
1745572718.8266208,meta-llama/Llama-3.1-8B-Instruct,MATH/PRM-800K,1.0,1,20,128,3.1227855682373047,19.0,4.5100049022967,1148.0,2592.0,15779.571807148277,22.389142624653815
1745572719.239739,meta-llama/Llama-3.1-8B-Instruct,ARB,1.0,1,201,200,4.7386133670806885,19.0,4.514443967209573,1243.0,3993.0,10144.532740585351,33.15474737623473
1745572719.1445358,meta-llama/Llama-3.1-8B-Instruct,reclor,1.0,1,209,214,5.086249828338623,18.0,4.514863825122789,1492.0,4255.0,8671.690249114596,33.91819070609341
1745572716.670154,meta-llama/Llama-3.1-8B-Instruct,MATH/PRM-800K,1.0,1,63,345,8.073975324630737,17.0,4.515645502115753,1886.0,6292.0,8756.58401343748,47.152813897242154
1745572719.2896194,meta-llama/Llama-3.1-8B-Instruct,MATH/PRM-800K,1.0,1,30,268,6.29372501373291,16.0,4.516829570303238,1243.0,5192.0,4851.4353121544655,37.17408823265895
1745572726.484294,meta-llama/Llama-3.1-8B-Instruct,reclor,1.0,1,186,77,1.885880708694458,16.0,4.521226582808562,226.0,1341.0,4566.692604819484,745.3702311933074
1745572717.3881965,meta-llama/Llama-3.1-8B-Instruct,MATH/PRM-800K,1.0,1,88,539,12.572014808654785,15.0,4.523372656414578,2009.0,9575.0,5745.276330402428,62.190589537659385
1745572718.6965625,meta-llama/Llama-3.1-8B-Instruct,airoboros,1.0,1,63,633,15.02931022644043,20.0,4.532767942218502,3343.0,11481.0,8493.74038140139,67.97163420099872
1745572732.1704447,meta-llama/Llama-3.1-8B-Instruct,scienceqa,1.0,1,35,64,1.6021897792816162,19.0,4.532849366702113,412.0,1316.0,4661.45509221525,79.90326891323052
1745572731.4534442,meta-llama/Llama-3.1-8B-Instruct,reclor,1.0,1,200,107,2.646073818206787,18.0,4.5333824651909564,652.0,2102.0,4688.239851965549,110.4772132946718
1745572730.029839,meta-llama/Llama-3.1-8B-Instruct,reclor,1.0,1,166,221,5.401251554489136,17.0,4.535367092471828,1462.0,4073.0,7741.9854462187795,167.35092694991704
1745572719.3790274,meta-llama/Llama-3.1-8B-Instruct,tigerbot-kaggle,1.0,1,488,715,16.92672562599182,19.0,4.537584863954529,2997.0,12988.0,4896.190469799899,66.56009172808889
1745572723.4495974,meta-llama/Llama-3.1-8B-Instruct,leetcode_ne,1.0,1,364,544,12.973153591156006,18.0,4.537775146371949,2469.0,9605.0,4095.9353664951636,104.12863698629253
1745572732.3360643,meta-llama/Llama-3.1-8B-Instruct,MATH/PRM-800K,1.0,1,62,260,6.338874816894531,20.0,4.542323699482792,1003.0,5055.0,2699.252022824053,83.81247039154708
1745572730.500168,meta-llama/Llama-3.1-8B-Instruct,MATH/PRM-800K,1.0,1,564,343,8.386089563369751,19.0,4.542689680027991,1922.0,6512.0,4305.2704279126165,94.9245853586145
1745572736.025494,meta-llama/Llama-3.1-8B-Instruct,reclor,1.0,1,200,177,4.343557596206665,20.0,4.545877302808084,838.0,3605.0,2712.981996025467,74.30709777978551
1745572737.4453099,meta-llama/Llama-3.1-8B-Instruct,MATH/PRM-800K,1.0,1,51,155,3.7476630210876465,19.0,4.547299874021298,330.0,3220.0,1516.3205579227872,143.29510492355385
1745572735.6727262,meta-llama/Llama-3.1-8B-Instruct,MATH/PRM-800K,1.0,1,27,291,7.113309144973755,19.0,4.5499922427417046,958.0,5808.0,2401.3781985981104,98.09774707376617
1745572736.8103142,meta-llama/Llama-3.1-8B-Instruct,MATH/PRM-800K,1.0,1,64,256,6.245310544967651,19.0,4.551329348749274,936.0,5174.0,3044.3745795449313,145.11184852161645
1745572737.1157467,meta-llama/Llama-3.1-8B-Instruct,MATH/PRM-800K,1.0,1,54,256,6.2232115268707275,18.0,4.55178524944059,832.0,5176.0,2356.7466158469697,123.83710907171148
1745572742.328139,meta-llama/Llama-3.1-8B-Instruct,MATH/PRM-800K,1.0,1,13,111,2.7885427474975586,19.0,4.555248262934989,667.0,2191.0,3744.8596048739396,99.42090303431337
1745572743.852539,meta-llama/Llama-3.1-8B-Instruct,MATH/PRM-800K,1.0,1,33,178,4.395164489746094,19.0,4.562674929239891,1233.0,3443.0,13994.106358570698,489.4238796781265
1745572742.765727,meta-llama/Llama-3.1-8B-Instruct,reclor,1.0,1,315,256,6.366749286651611,19.0,4.565119591324045,2004.0,4942.0,7100.558104021534,151.47110451556452
1745572605.699855,meta-llama/Llama-3.1-8B-Instruct,MATH/PRM-800K,1.0,1,46,6570,147.48116159439087,23.0,4.573416690745751,28132.0,125617.0,4948.687539666113,97.31321370248025
1745572750.868389,meta-llama/Llama-3.1-8B-Instruct,reclor,1.0,1,201,120,3.776691198348999,24.0,4.576287568584088,699.0,2869.0,8314.194826104795,18.985162463618018
1745572709.1162164,meta-llama/Llama-3.1-8B-Instruct,MATH/PRM-800K,1.0,1,81,1885,45.858280658721924,24.0,4.57738865966114,8010.0,35380.0,4331.9559148984445,65.93884116203444
1745572750.672319,meta-llama/Llama-3.1-8B-Instruct,MATH/PRM-800K,1.0,1,42,141,4.42344856262207,23.0,4.577592704943651,999.0,3358.0,5667.730024957996,16.68650987636722
1745572739.201564,meta-llama/Llama-3.1-8B-Instruct,airoboros,1.0,1,35,614,16.046404123306274,22.0,4.577834623748543,3392.0,12600.0,5653.613093000584,48.884147400616534
1745572750.894483,meta-llama/Llama-3.1-8B-Instruct,MATH/PRM-800K,1.0,1,14,144,4.5422351360321045,21.0,4.578109160052736,917.0,3438.0,3420.3920461288817,15.511073170806366
1745572748.070225,meta-llama/Llama-3.1-8B-Instruct,airoboros,1.0,1,934,281,8.011972665786743,20.0,4.579273560948452,2486.0,6175.0,5266.866389052764,25.716360399654743
1745572749.8072693,meta-llama/Llama-3.1-8B-Instruct,MATH/PRM-800K,1.0,1,57,243,6.987614393234253,20.0,4.5807551113655345,1207.0,5457.0,2902.096737460757,23.079201798160025
1745572748.8429298,meta-llama/Llama-3.1-8B-Instruct,leetcode_ne,1.0,1,376,353,9.708417892456055,20.0,4.583961248654467,1691.0,7690.0,3121.879049747422,30.47664200875817
1745572733.5136538,meta-llama/Llama-3.1-8B-Instruct,leetcode_ne,1.0,1,195,1020,26.003676414489746,21.0,4.586087134576613,4666.0,20642.0,3430.4551276053685,54.162236748967814
1745572735.9660962,meta-llama/Llama-3.1-8B-Instruct,airoboros,1.0,1,30,929,23.790640115737915,20.0,4.5865180160551065,4364.0,19006.0,3587.2809730596555,49.951467661392975
1745572751.7923205,meta-llama/Llama-3.1-8B-Instruct,leetcode_ne,1.0,1,183,297,8.106762886047363,19.0,4.586760783737242,995.0,6551.0,1570.2307950742752,21.571989836373834
1745572753.3688557,meta-llama/Llama-3.1-8B-Instruct,MATH/PRM-800K,1.0,1,51,281,7.385279417037964,20.0,4.588608791058801,959.0,6008.0,1472.37120835893,36.72978323571175
1745572757.4581287,meta-llama/Llama-3.1-8B-Instruct,MATH/PRM-800K,1.0,1,28,189,4.713682413101196,20.0,4.591778729568859,753.0,3906.0,2413.004846328391,49.32698111322577
1745572762.477211,meta-llama/Llama-3.1-8B-Instruct,MATH/PRM-800K,1.0,1,14,60,1.7838947772979736,22.0,4.595599695625935,216.0,1340.0,4644.456531283922,784.1908987501914
1745572763.111545,meta-llama/Llama-3.1-8B-Instruct,scienceqa,1.0,1,37,53,1.7541396617889404,21.0,4.596467337830498,162.0,1214.0,1718.5681130733897,359.94757047571136
1745572744.1089196,meta-llama/Llama-3.1-8B-Instruct,MATH/PRM-800K,1.0,1,146,812,21.384533643722534,20.0,4.597586283795306,3752.0,16926.0,3676.620892590613,47.86623361876084
1745572754.6891823,meta-llama/Llama-3.1-8B-Instruct,MATH/PRM-800K,1.0,1,178,418,10.876062393188477,19.0,4.5977075123701985,1298.0,8769.0,1539.4765948875702,43.85232435005767
1745572760.3091533,meta-llama/Llama-3.1-8B-Instruct,MATH/PRM-800K,1.0,1,57,217,5.781337022781372,18.0,4.5985387480980116,707.0,4542.0,2074.41720260144,85.54025376610994
1745572759.4275553,meta-llama/Llama-3.1-8B-Instruct,MATH/PRM-800K,1.0,1,42,255,6.711831092834473,17.0,4.598609063387044,789.0,5295.0,1463.3315107246833,45.1241983691892
1745572760.4154744,meta-llama/Llama-3.1-8B-Instruct,MATH/PRM-800K,1.0,1,50,237,6.234279155731201,16.0,4.599292240617204,610.0,4877.0,1400.4919487286954,74.0300625528154
1745572767.912587,meta-llama/Llama-3.1-8B-Instruct,MATH/PRM-800K,1.0,1,27,84,2.1132166385650635,17.0,4.604455341689831,67.0,1546.0,1436.7088988134974,762.8773713869094
1745572756.5985613,meta-llama/Llama-3.1-8B-Instruct,MATH/PRM-800K,1.0,1,71,576,14.713771343231201,19.0,4.609371558622715,2467.0,11335.0,3100.4030982442964,72.33902135974044
1745572754.4092379,meta-llama/Llama-3.1-8B-Instruct,guanaco,1.0,1,50,719,18.4641432762146,20.0,4.612628129505833,3086.0,14303.0,2611.3241766813107,55.61377860527423
1745572770.1006622,meta-llama/Llama-3.1-8B-Instruct,MATH/PRM-800K,1.0,1,714,123,3.2229840755462646,19.0,4.613354200090178,1503.0,2430.0,8334.046782706331,67.29366949670397
1745572770.766673,meta-llama/Llama-3.1-8B-Instruct,MATH/PRM-800K,1.0,1,10,148,3.958040237426758,23.0,4.617017372796947,983.0,3012.0,4369.420676641609,75.33330975668406
1745572770.6143072,meta-llama/Llama-3.1-8B-Instruct,ARB,1.0,1,348,161,4.3647167682647705,22.0,4.617402837043017,1371.0,3289.0,4790.254061625202,74.3279930503969
1745572766.8289626,meta-llama/Llama-3.1-8B-Instruct,airoboros,1.0,1,88,376,10.263851404190063,24.0,4.621513255133809,2746.0,7392.0,7215.764329465276,130.9192882541951
1745572772.7615116,meta-llama/Llama-3.1-8B-Instruct,reclor,1.0,1,184,147,4.550982236862183,23.0,4.6218687351773475,1272.0,3229.0,3735.5723869250146,72.95175057800941
1745572761.8595302,meta-llama/Llama-3.1-8B-Instruct,leetcode_ne,1.0,1,264,618,17.022229194641113,23.0,4.624977727934934,3549.0,12467.0,4024.1272793149324,91.3881852143745
1745572774.4587917,meta-llama/Llama-3.1-8B-Instruct,MATH/PRM-800K,1.0,1,21,206,6.776289463043213,26.0,4.629888791375764,1225.0,4859.0,3886.214087951192,104.68010705123683
1745572778.7127652,meta-llama/Llama-3.1-8B-Instruct,reclor,1.0,1,243,82,2.792471170425415,25.0,4.630336657733487,738.0,2074.0,4381.168524266795,78.81394087827825
1745572758.7306938,meta-llama/Llama-3.1-8B-Instruct,guanaco,1.0,1,72,827,22.87127375602722,23.0,4.6304967437376545,4385.0,17071.0,3395.3047689403184,70.80528307576154
1745572773.9475303,meta-llama/Llama-3.1-8B-Instruct,reclor,1.0,1,172,232,7.664685249328613,23.0,4.6304967437376545,1711.0,5491.0,3577.8549091070804,69.10424471285286
1745572774.104608,meta-llama/Llama-3.1-8B-Instruct,MATH/PRM-800K,1.0,1,53,243,8.00152850151062,22.0,4.631266667015943,1499.0,5735.0,2841.8115425565097,65.62738732231031
1745572774.191381,meta-llama/Llama-3.1-8B-Instruct,MATH/PRM-800K,1.0,1,141,258,8.513169527053833,22.0,4.632735226320201,1642.0,6100.0,2823.510877830626,63.67793698152352
1745572776.805709,meta-llama/Llama-3.1-8B-Instruct,reclor,1.0,1,157,217,7.197187662124634,23.0,4.635580501782352,1733.0,5180.0,3264.9178680392824,54.672664563241376
1745572776.9800622,meta-llama/Llama-3.1-8B-Instruct,MATH/PRM-800K,1.0,1,138,222,7.3078999519348145,22.0,4.6360133889284665,1536.0,5269.0,2625.085566527319,51.67069998429754
1745572780.661909,meta-llama/Llama-3.1-8B-Instruct,MATH/PRM-800K,1.0,1,19,109,3.6595723628997803,21.0,4.6360588671299,767.0,2590.0,1622.878591696871,35.010344597357985
1745572773.85843,meta-llama/Llama-3.1-8B-Instruct,MATH/PRM-800K,1.0,1,35,341,11.029108762741089,20.0,4.6370445641014895,2406.0,7901.0,3055.0284640603586,63.384706255198125
1745572781.0443807,meta-llama/Llama-3.1-8B-Instruct,MATH/PRM-800K,1.0,1,48,178,5.2741804122924805,20.0,4.639727774300909,800.0,3985.0,1401.7561635964166,44.21448167534039
1745572783.6606085,meta-llama/Llama-3.1-8B-Instruct,reclor,1.0,1,215,147,3.936509370803833,21.0,4.642249899852594,541.0,3140.0,1732.0786876683137,82.85878533578638
1745572764.0368226,meta-llama/Llama-3.1-8B-Instruct,airoboros,1.0,1,45,900,25.50204038619995,21.0,4.646095328844724,4819.0,18824.0,3191.6841541899616,74.94063660467987
1745572782.2602763,meta-llama/Llama-3.1-8B-Instruct,MATH/PRM-800K,1.0,1,196,327,9.45765471458435,22.0,4.649733691029248,1393.0,7117.0,2969.110406942439,87.76166350128267
1745572790.495203,meta-llama/Llama-3.1-8B-Instruct,MATH/PRM-800K,1.0,1,21,69,2.3134090900421143,21.0,4.651232112387074,61.0,1598.0,580.1369625410713,138.087759590398
1745572786.8229656,meta-llama/Llama-3.1-8B-Instruct,MATH/PRM-800K,1.0,1,53,200,6.060284614562988,20.0,4.651360468554949,681.0,4394.0,2625.689774228861,93.84666108577389
1745572788.4982526,meta-llama/Llama-3.1-8B-Instruct,reclor,1.0,1,304,139,4.459805011749268,19.0,4.651480971647205,487.0,3106.0,1830.035254098965,65.62442848009339
1745572784.843462,meta-llama/Llama-3.1-8B-Instruct,MATH/PRM-800K,1.0,1,52,287,8.238941669464111,18.0,4.651668721000526,773.0,6188.0,1645.0860567992602,81.99008984921285
1745572780.1882145,meta-llama/Llama-3.1-8B-Instruct,MATH/PRM-800K,1.0,1,104,481,14.144447326660156,18.0,4.654514911020574,2122.0,10465.0,2129.9802564947645,64.00454618504048
1745572776.3080199,meta-llama/Llama-3.1-8B-Instruct,guanaco,1.0,1,11,666,19.665125370025635,17.0,4.656784361330292,2995.0,14425.0,2484.372203933769,67.19719694931044
1745572787.344952,meta-llama/Llama-3.1-8B-Instruct,MATH/PRM-800K,1.0,1,61,364,10.258110046386719,17.0,4.659812448501811,1403.0,7248.0,2675.6193029245997,70.27814195748712
1745572790.0300155,meta-llama/Llama-3.1-8B-Instruct,MATH/PRM-800K,1.0,1,42,315,8.740363121032715,17.0,4.6615865460061725,1057.0,6007.0,2236.1424334341505,72.8004667592145
1745572799.5033343,meta-llama/Llama-3.1-8B-Instruct,MATH/PRM-800K,1.0,1,28,186,5.344965219497681,22.0,4.672304185531007,759.0,3855.0,15299.919236828462,732.0100466119035
1745572778.9560986,meta-llama/Llama-3.1-8B-Instruct,MATH/PRM-800K,1.0,1,124,993,28.75753879547119,22.0,4.6768955757485475,3761.0,20670.0,3007.9846316883854,87.6448187760014
1745572804.6890259,meta-llama/Llama-3.1-8B-Instruct,reclor,1.0,1,210,105,3.600010395050049,21.0,4.6776651736014925,490.0,2379.0,3035.1280203425245,63.566707181787976
1745572799.7828658,meta-llama/Llama-3.1-8B-Instruct,reclor,1.0,1,152,314,9.653221130371094,21.0,4.679557765624143,968.0,6741.0,4447.414246973135,143.44234888224324
1745572797.459283,meta-llama/Llama-3.1-8B-Instruct,leetcode_ne,1.0,1,337,470,13.952545166015625,22.0,4.683537028231642,1962.0,9743.0,5106.637323609128,122.27225069620576
1745572802.3852513,meta-llama/Llama-3.1-8B-Instruct,MATH/PRM-800K,1.0,1,28,286,9.19662857055664,21.0,4.683763229327502,1138.0,6316.0,3438.85213374989,90.28078869922635
1745572771.888855,meta-llama/Llama-3.1-8B-Instruct,MATH/PRM-800K,1.0,1,47,1393,40.97567892074585,21.0,4.687277628877291,6572.0,29350.0,3411.9124086456786,78.4830989565549
1745572798.1007915,meta-llama/Llama-3.1-8B-Instruct,MATH/PRM-800K,1.0,1,59,504,15.122025489807129,20.0,4.687874196750431,2267.0,10599.0,4700.928670158918,78.77221103156695
1745572810.638945,meta-llama/Llama-3.1-8B-Instruct,reclor,1.0,1,142,104,3.2257373332977295,19.0,4.688874087424415,1044.0,2247.0,3860.984869913577,27.38762022335862
1745572802.98211,meta-llama/Llama-3.1-8B-Instruct,scibench,1.0,1,53,401,12.395811557769775,18.0,4.691079226124564,1752.0,8596.0,3244.2246060880543,60.810903992207514
1745572811.85722,meta-llama/Llama-3.1-8B-Instruct,airoboros,1.0,1,642,127,3.573059558868408,17.0,4.6911487414665745,682.0,2587.0,2285.5174343874196,34.56289551225165
1745572794.0245926,meta-llama/Llama-3.1-8B-Instruct,leetcode_ne,1.0,1,398,763,21.7951557636261,16.0,4.691630910814502,3082.0,15285.0,3411.4938263028166,69.80611150309333
1745572806.1955752,meta-llama/Llama-3.1-8B-Instruct,leetcode_ne,1.0,1,200,382,11.128381490707397,16.0,4.6940615542888775,1657.0,7794.0,2341.0986529546503,45.2476895518437
1745572799.6123624,meta-llama/Llama-3.1-8B-Instruct,MATH/PRM-800K,1.0,1,48,633,18.407787084579468,15.0,4.694888082985428,2348.0,12902.0,2901.899433251357,65.88439306481408
1745572816.5614038,meta-llama/Llama-3.1-8B-Instruct,reclor,1.0,1,208,129,3.2778091430664062,14.0,4.696878727997473,248.0,2033.0,1472.3222212028047,62.507952611164164
1745572810.8802922,meta-llama/Llama-3.1-8B-Instruct,MATH/PRM-800K,1.0,1,140,339,9.10438084602356,13.0,4.697024435702595,1110.0,6125.0,1568.7638771554537,38.037298566362445
1745572783.4175916,meta-llama/Llama-3.1-8B-Instruct,guanaco,1.0,1,89,1497,41.68286919593811,17.0,4.704192757253183,5160.0,28808.0,2852.938262762546,72.84768425279887
1745572808.4443681,meta-llama/Llama-3.1-8B-Instruct,MATH/PRM-800K,1.0,1,85,627,16.9692280292511,16.0,4.704577710987968,2090.0,11065.0,2408.706669208958,48.30145738088165
1745572822.7568204,meta-llama/Llama-3.1-8B-Instruct,reclor,1.0,1,161,112,3.031952381134033,15.0,4.705019736138396,287.0,1980.0,1769.65734305771,32.23963878100065
1745572826.401669,meta-llama/Llama-3.1-8B-Instruct,reclor,1.0,1,133,110,2.948014736175537,19.0,4.711425516378052,291.0,2193.0,5096.067081477073,768.9295901725733
1745572827.549429,meta-llama/Llama-3.1-8B-Instruct,MATH/PRM-800K,1.0,1,26,161,4.2782511711120605,19.0,4.71524819181611,171.0,3182.0,1567.481724533936,451.68260362748487
1745572826.342297,meta-llama/Llama-3.1-8B-Instruct,MATH/PRM-800K,1.0,1,12,217,5.772745370864868,18.0,4.715657875868542,396.0,4223.0,2502.176941368688,331.32479826106305
1745572823.4952426,meta-llama/Llama-3.1-8B-Instruct,MATH/PRM-800K,1.0,1,46,351,9.33714771270752,17.0,4.716592973418289,758.0,6537.0,2031.655530421198,78.359025323405
1745572831.3009744,meta-llama/Llama-3.1-8B-Instruct,MATH/PRM-800K,1.0,1,65,216,5.902751445770264,19.0,4.723773362659356,786.0,3903.0,3783.870661114171,156.26139087563644
1745572822.3566802,meta-llama/Llama-3.1-8B-Instruct,MATH/PRM-800K,1.0,1,44,603,16.249929428100586,20.0,4.726269793086197,1889.0,11095.0,3942.0436939066317,105.2639886386172
1745572826.2191124,meta-llama/Llama-3.1-8B-Instruct,airoboros,1.0,1,73,502,13.689391851425171,21.0,4.729315551016474,1965.0,9552.0,5308.378726944635,165.88475036290808
1745572837.214384,meta-llama/Llama-3.1-8B-Instruct,MATH/PRM-800K,1.0,1,44,170,5.1845338344573975,22.0,4.733139013920146,777.0,3631.0,4860.82589033258,104.21740051142326
1745572842.4609978,meta-llama/Llama-3.1-8B-Instruct,scienceqa,1.0,1,54,64,2.518200635910034,29.0,4.7389750788471,822.0,1714.0,14579.983402822989,709.0670241305891
1745572836.884992,meta-llama/Llama-3.1-8B-Instruct,MATH/PRM-800K,1.0,1,38,267,8.849112510681152,29.0,4.741979587956947,2393.0,6109.0,7373.059523724627,117.8300544450647
1745572821.848987,meta-llama/Llama-3.1-8B-Instruct,airoboros,1.0,1,133,921,27.56806755065918,31.0,4.749550877156441,4752.0,19147.0,6300.619710132236,117.64841413743027
1745572822.1212873,meta-llama/Llama-3.1-8B-Instruct,MATH/PRM-800K,1.0,1,89,920,27.659584760665894,31.0,4.750348224769651,4641.0,19309.0,5749.772381316501,101.45325644552126
1745572843.6642177,meta-llama/Llama-3.1-8B-Instruct,ARB,1.0,1,155,195,7.865317344665527,31.0,4.753698569513322,1859.0,6073.0,6589.893146913715,82.06908030589248
1745572842.7004824,meta-llama/Llama-3.1-8B-Instruct,MATH/PRM-800K,1.0,1,31,232,9.248149633407593,31.0,4.7546473336891015,2099.0,7029.0,6239.849097169006,84.52575013888391
1745572844.1180592,meta-llama/Llama-3.1-8B-Instruct,airoboros,1.0,1,65,201,8.131860494613647,31.0,4.755625377454757,1847.0,6327.0,4691.0395624609155,69.38826599944406
1745572846.2126746,meta-llama/Llama-3.1-8B-Instruct,reclor,1.0,1,215,158,6.381554365158081,31.0,4.756786234902124,1000.0,5069.0,2889.061355580407,58.758933688013116
1745572838.6383529,meta-llama/Llama-3.1-8B-Instruct,MATH/PRM-800K,1.0,1,50,392,14.67531967163086,31.0,4.758234464232726,3287.0,10840.0,5304.108041157929,82.93407817588852
1745572843.8685977,meta-llama/Llama-3.1-8B-Instruct,MATH/PRM-800K,1.0,1,56,290,11.692625522613525,31.0,4.762504717165276,2328.0,9140.0,4092.968934103245,73.94051669882387
1745572840.6670353,meta-llama/Llama-3.1-8B-Instruct,MATH/PRM-800K,1.0,1,43,390,15.387235164642334,31.0,4.763498478843036,2994.0,11539.0,4415.264452241084,80.13114820015228
1745572849.404889,meta-llama/Llama-3.1-8B-Instruct,reclor,1.0,1,146,130,7.814032077789307,31.0,4.765699653374138,950.0,6209.0,1648.2985510244966,46.721689277509235
1745572849.4362807,meta-llama/Llama-3.1-8B-Instruct,reclor,1.0,1,189,125,7.879650354385376,31.0,4.765997533035979,1011.0,6240.0,1728.8027708954132,56.5338963838401
1745572851.5075498,meta-llama/Llama-3.1-8B-Instruct,MATH/PRM-800K,1.0,1,27,139,6.692625522613525,31.0,4.767728337236534,927.0,5281.0,1571.2474690030963,59.798830288962634
1745572842.221715,meta-llama/Llama-3.1-8B-Instruct,MATH/PRM-800K,1.0,1,42,403,16.160552978515625,31.0,4.768641492152046,3352.0,12380.0,3640.27920326601,70.46451254428028
1745572847.4991815,meta-llama/Llama-3.1-8B-Instruct,airoboros,1.0,1,49,264,12.950493812561035,31.0,4.7725832301304,1424.0,10330.0,1745.3168454852732,60.76911928683114
1745572839.5151658,meta-llama/Llama-3.1-8B-Instruct,leetcode_ne,1.0,1,317,568,22.137392044067383,31.0,4.774916360117174,3976.0,16793.0,3605.2254616214213,75.68474714921744
1745572855.9069395,meta-llama/Llama-3.1-8B-Instruct,airoboros,1.0,1,25,186,7.547147750854492,31.0,4.778459593529138,828.0,5991.0,1712.7669368100042,68.84433314914057
1745572835.9384956,meta-llama/Llama-3.1-8B-Instruct,MATH/PRM-800K,1.0,1,71,752,27.892630100250244,31.0,4.779315367807721,4643.0,21125.0,3514.1069760176692,75.69153044724789
1745572857.2451305,meta-llama/Llama-3.1-8B-Instruct,MATH/PRM-800K,1.0,1,27,164,6.725440740585327,31.0,4.779782698605515,877.0,5333.0,1831.387693432842,52.84892000597677
1745572853.1980894,meta-llama/Llama-3.1-8B-Instruct,MATH/PRM-800K,1.0,1,50,294,11.986250877380371,31.0,4.782481474641912,1323.0,9499.0,1724.4793974741917,59.62642925084862
1745572848.2264645,meta-llama/Llama-3.1-8B-Instruct,MATH/PRM-800K,1.0,1,53,341,17.14634084701538,31.0,4.78338886331302,2290.0,13588.0,1954.5821562760868,52.39830213572346
1745572857.9151816,meta-llama/Llama-3.1-8B-Instruct,MATH/PRM-800K,1.0,1,203,188,7.957458257675171,31.0,4.784519193006822,1321.0,6292.0,2219.852960027861,48.76220656496457
1745572844.5961664,meta-llama/Llama-3.1-8B-Instruct,scibench,1.0,1,60,536,21.70331883430481,31.0,4.785466282096962,3804.0,17055.0,2700.847122395414,56.91413160728563
1745572865.2020545,meta-llama/Llama-3.1-8B-Instruct,scienceqa,1.0,1,79,39,2.7088913917541504,31.0,4.788604016757728,562.0,2108.0,2299.2142901314032,47.464182830424235
1745572861.1264727,meta-llama/Llama-3.1-8B-Instruct,reclor,1.0,1,201,111,8.640098810195923,31.0,4.792623217234161,1401.0,6807.0,2294.31730324286,54.68590691031207
1745572859.3722193,meta-llama/Llama-3.1-8B-Instruct,scienceqa,1.0,1,45,171,11.134782075881958,31.0,4.79434637795337,1656.0,8789.0,2265.971273648141,61.89620852911177
1745572856.9490662,meta-llama/Llama-3.1-8B-Instruct,MATH/PRM-800K,1.0,1,21,346,14.37290620803833,31.0,4.796010638989348,2227.0,11309.0,2160.1883175010043,60.253090248240156
1745572845.6088028,meta-llama/Llama-3.1-8B-Instruct,leetcode_ne,1.0,1,676,695,28.12127447128296,31.0,4.80045647975086,4383.0,22178.0,2590.6939427974335,62.972907063845696
1745572858.4943562,meta-llama/Llama-3.1-8B-Instruct,airoboros,1.0,1,41,329,15.382795572280884,31.0,4.801310679359269,2183.0,12113.0,2320.3434515366093,61.38586965865139
1745572869.5032532,meta-llama/Llama-3.1-8B-Instruct,MATH/PRM-800K,1.0,1,39,65,4.5272955894470215,31.0,4.802263646738014,884.0,3547.0,2214.5464749185044,51.13649770911699
1745572868.0012355,meta-llama/Llama-3.1-8B-Instruct,scienceqa,1.0,1,134,109,6.289652347564697,31.0,4.802888002183548,1257.0,4954.0,2707.059281785818,67.14347268878267
1745572844.6100798,meta-llama/Llama-3.1-8B-Instruct,airoboros,1.0,1,45,769,31.177382230758667,31.0,4.805755694873314,5278.0,24474.0,2646.805384065998,60.276004617348626
1745572835.587487,meta-llama/Llama-3.1-8B-Instruct,leetcode_ne,1.0,1,452,1071,40.8723783493042,31.0,4.807767681703349,7713.0,31162.0,3378.5697407898456,63.92963802280395
1745572845.6775227,meta-llama/Llama-3.1-8B-Instruct,guanaco,1.0,1,30,769,31.207972049713135,31.0,4.809131973864091,5687.0,24543.0,2747.4404443466765,51.61983029853621
1745572859.958394,meta-llama/Llama-3.1-8B-Instruct,MATH/PRM-800K,1.0,1,182,331,17.624645471572876,31.0,4.810494444805406,3199.0,13804.0,2413.7541296826953,43.032914466155
1745572863.5339046,meta-llama/Llama-3.1-8B-Instruct,MATH/PRM-800K,1.0,1,53,317,15.346338987350464,31.0,4.81289321659949,3034.0,11982.0,2520.2615258215465,40.8046046226898
1745572873.504107,meta-llama/Llama-3.1-8B-Instruct,scienceqa,1.0,1,14,45,5.956594467163086,31.0,4.81415515265539,1527.0,4599.0,2311.8657687195855,25.628090351052688
1745572865.491126,meta-llama/Llama-3.1-8B-Instruct,reclor,1.0,1,255,291,14.428946733474731,31.0,4.816631196551214,3066.0,11248.0,2775.7562709696995,45.45615432642502
1745572858.4858735,meta-llama/Llama-3.1-8B-Instruct,MATH/PRM-800K,1.0,1,63,566,23.196697235107422,31.0,4.819891704817681,4231.0,18150.0,2678.4598988027774,48.99737685443831
1745572870.3153968,meta-llama/Llama-3.1-8B-Instruct,MATH/PRM-800K,1.0,1,38,192,11.728188276290894,31.0,4.821553099391502,2895.0,9074.0,2986.961418151047,37.296144661062435
1745572872.628825,meta-llama/Llama-3.1-8B-Instruct,reclor,1.0,1,214,136,9.562877178192139,31.0,4.822388505657534,2960.0,7347.0,3223.6740066999605,32.22905110180769
1745572868.3108325,meta-llama/Llama-3.1-8B-Instruct,MATH/PRM-800K,1.0,1,57,318,15.401820182800293,31.0,4.825590639142476,3538.0,11951.0,3036.573676894789,44.84451406690044
1745572847.4782078,meta-llama/Llama-3.1-8B-Instruct,guanaco,1.0,1,22,843,36.42324876785278,31.0,4.82640819274354,6651.0,28542.0,2578.1789686197817,48.30419155930559
1745572880.5827425,meta-llama/Llama-3.1-8B-Instruct,reclor,1.0,1,188,70,4.54486870765686,31.0,4.828663535572897,1153.0,3483.0,3110.9531475616714,40.06205412737424
1745572859.3965201,meta-llama/Llama-3.1-8B-Instruct,MATH/PRM-800K,1.0,1,59,525,26.158671855926514,31.0,4.829717429591184,5416.0,20354.0,2775.850368695119,44.644379918038645
1745572872.6731367,meta-llama/Llama-3.1-8B-Instruct,MATH/PRM-800K,1.0,1,23,209,12.989156484603882,31.0,4.830269009372207,3743.0,9966.0,3063.0858329310563,32.295309767285275
1745572872.1950004,meta-llama/Llama-3.1-8B-Instruct,theoremqa,1.0,1,300,238,13.609752893447876,31.0,4.830680752576168,3821.0,10445.0,2948.663703159512,32.79510446565247
1745572881.9363556,meta-llama/Llama-3.1-8B-Instruct,scienceqa,1.0,1,95,78,6.496880054473877,31.0,4.836786266183593,1715.0,4984.0,3006.0260514956285,46.46427167877079
1745572882.1664,meta-llama/Llama-3.1-8B-Instruct,reclor,1.0,1,119,88,7.1004345417022705,31.0,4.838742517302723,1685.0,5464.0,2925.365404085419,53.0698161264071
1745572870.3080583,meta-llama/Llama-3.1-8B-Instruct,MATH/PRM-800K,1.0,1,246,374,19.237107276916504,31.0,4.8400149586688865,5149.0,14792.0,3182.6858487275163,40.88346025448289
1745572869.8172388,meta-llama/Llama-3.1-8B-Instruct,leetcode_ne,1.0,1,208,378,19.769610166549683,30.0,4.840082895741465,5323.0,15207.0,3160.3209372081815,40.277288008198305
1745572876.1357558,meta-llama/Llama-3.1-8B-Instruct,MATH/PRM-800K,1.0,1,47,240,13.902955055236816,31.0,4.841611438899738,4241.0,10605.0,3291.7690148196007,36.926834325948384
1745572874.2322698,meta-llama/Llama-3.1-8B-Instruct,airoboros,1.0,1,642,269,16.60061025619507,31.0,4.843455183320306,4874.0,12714.0,3223.9936608910093,38.07500383146978
1745572870.8634894,meta-llama/Llama-3.1-8B-Instruct,MATH/PRM-800K,1.0,1,58,411,20.63613772392273,31.0,4.844775607818087,5640.0,15845.0,3059.751954226305,38.74413330391802
1745572883.0730772,meta-llama/Llama-3.1-8B-Instruct,reclor,1.0,1,171,102,9.706807136535645,31.0,4.847498818605279,2581.0,7411.0,2759.958416727187,43.27947278795603
1745572882.267817,meta-llama/Llama-3.1-8B-Instruct,MATH/PRM-800K,1.0,1,38,191,11.424879550933838,31.0,4.849322359538893,2915.0,8754.0,2924.6440605393063,48.86028603976282
1745572886.2803397,meta-llama/Llama-3.1-8B-Instruct,reclor,1.0,1,194,111,7.981096982955933,31.0,4.851287603232833,1846.0,6135.0,2686.876695270911,65.7973981126659
1745572887.19416,meta-llama/Llama-3.1-8B-Instruct,reclor,1.0,1,155,134,8.473363161087036,31.0,4.854119992627341,2015.0,6486.0,2669.101576096195,65.67380159567637
1745572888.139675,meta-llama/Llama-3.1-8B-Instruct,reclor,1.0,1,168,109,7.9632248878479,31.0,4.855489243724965,2272.0,6069.0,2762.7877995210197,58.77683752739509
1745572858.9042945,meta-llama/Llama-3.1-8B-Instruct,MATH/PRM-800K,1.0,1,98,890,39.69255614280701,32.0,4.860628271979526,8837.0,30770.0,2975.6365950206837,50.06588975180222
1745572838.133473,meta-llama/Llama-3.1-8B-Instruct,airoboros,1.0,1,41,1521,60.935219526290894,31.0,4.861262224621582,12903.0,46658.0,3184.9078060306733,52.96699803515227
1745572892.076471,meta-llama/Llama-3.1-8B-Instruct,reclor,1.0,1,129,119,7.2243945598602295,31.0,4.862263264580462,1487.0,5529.0,2867.080622987799,42.723339761369765
1745572882.406071,meta-llama/Llama-3.1-8B-Instruct,theoremqa,1.0,1,573,368,18.82941699028015,31.0,4.865752322624176,4138.0,14411.0,2797.6737306093737,46.23240768865928
1745572887.9932225,meta-llama/Llama-3.1-8B-Instruct,MATH/PRM-800K,1.0,1,35,257,13.631491422653198,31.0,4.866663725609772,3000.0,10384.0,2579.5981439940524,44.784443374224296
1745572877.250984,meta-llama/Llama-3.1-8B-Instruct,leetcode_ne,1.0,1,383,509,25.820420265197754,31.0,4.869281028792062,6127.0,19746.0,2962.1724114115837,46.974117778209646
1745572879.880317,meta-llama/Llama-3.1-8B-Instruct,tigerbot-kaggle,1.0,1,201,512,23.660971879959106,31.0,4.8702500032434255,5361.0,18052.0,2753.5357033923574,43.649571534180055
1745572880.6652758,meta-llama/Llama-3.1-8B-Instruct,tigerbot-kaggle,1.0,1,167,480,23.2300968170166,31.0,4.8713632223931835,5487.0,17700.0,2824.8883715456113,41.968537403317576
1745572881.670644,meta-llama/Llama-3.1-8B-Instruct,guanaco,1.0,1,14,491,22.856917142868042,31.0,4.87259806236346,5557.0,17411.0,2774.9441961777843,39.3674381040651
1745572892.1617954,meta-llama/Llama-3.1-8B-Instruct,reclor,1.0,1,217,240,13.60915756225586,31.0,4.8749896224652876,2193.0,10418.0,2154.083254889671,41.898051031652315
1745572892.5924146,meta-llama/Llama-3.1-8B-Instruct,ARB,1.0,1,140,234,13.39574933052063,31.0,4.876713572636801,2750.0,10193.0,2532.430733904183,39.4427453298555
1745572898.4967635,meta-llama/Llama-3.1-8B-Instruct,MATH/PRM-800K,1.0,1,173,81,8.533126831054688,31.0,4.878755412125756,1743.0,6485.0,2120.8566860695105,27.593858152880685
1745572873.9354086,meta-llama/Llama-3.1-8B-Instruct,scibench,1.0,1,66,712,34.886411905288696,31.0,4.8824496783565055,8640.0,26614.0,3033.5006838729832,41.24412565974895
1745572888.9534228,meta-llama/Llama-3.1-8B-Instruct,MATH/PRM-800K,1.0,1,66,406,20.951959133148193,31.0,4.886088524037402,4969.0,15912.0,2919.8036413346185,41.66172578757326
1745572896.7773106,meta-llama/Llama-3.1-8B-Instruct,MATH/PRM-800K,1.0,1,20,235,14.794617652893066,31.0,4.88907244835769,2795.0,11282.0,2775.660899096257,38.67392006031873
1745572897.5104778,meta-llama/Llama-3.1-8B-Instruct,MATH/PRM-800K,1.0,1,36,259,16.54848074913025,31.0,4.893352418292518,2847.0,12593.0,2662.837166960378,41.61735537817342
1745572894.9094713,meta-llama/Llama-3.1-8B-Instruct,MATH/PRM-800K,1.0,1,30,353,19.296749353408813,31.0,4.8943619423981,3593.0,14670.0,2835.8316683703715,44.80704743787013
1745572901.1180637,meta-llama/Llama-3.1-8B-Instruct,reclor,1.0,1,219,178,13.480819702148438,31.0,4.89519416267347,2794.0,10194.0,2736.645745164387,45.87444060038001
1745572826.1695476,meta-llama/Llama-3.1-8B-Instruct,MATH/PRM-800K,1.0,1,123,2383,90.56644535064697,31.0,4.899496249743977,17733.0,68345.0,3247.1028699484523,55.73097207896456
1745572891.8579102,meta-llama/Llama-3.1-8B-Instruct,leetcode_ne,1.0,1,365,574,26.056925773620605,31.0,4.901761572063722,4745.0,19816.0,2827.0025904846584,42.50518575299068
1745572899.178638,meta-llama/Llama-3.1-8B-Instruct,MATH/PRM-800K,1.0,1,30,360,19.95334815979004,31.0,4.903925716241018,3308.0,15150.0,2564.8206192224056,42.45459467777184
1745572903.820605,meta-llama/Llama-3.1-8B-Instruct,MATH/PRM-800K,1.0,1,38,156,16.9851713180542,31.0,4.9070434728515,2901.0,12882.0,2949.6333481240454,44.45571431381413
1745572903.5179598,meta-llama/Llama-3.1-8B-Instruct,MATH/PRM-800K,1.0,1,269,160,17.330482482910156,30.0,4.907111105351149,3114.0,13136.0,2760.8295758219506,41.328130991383524
1745572903.0910485,meta-llama/Llama-3.1-8B-Instruct,MATH/PRM-800K,1.0,1,12,223,17.988266706466675,31.0,4.908568747748238,3645.0,13582.0,3061.872366205046,41.50352534712645
1745572856.5773497,meta-llama/Llama-3.1-8B-Instruct,MATH/PRM-800K,1.0,1,30,1617,67.38571500778198,31.0,4.913726618257584,13637.0,51699.0,2829.164464658118,44.80518750944009
1745572886.4980745,meta-llama/Llama-3.1-8B-Instruct,MATH/PRM-800K,1.0,1,44,835,38.31632614135742,31.0,4.915270356415426,6882.0,29115.0,2692.8220516681454,42.64211344456912
1745572900.9756527,meta-llama/Llama-3.1-8B-Instruct,guanaco,1.0,1,70,469,24.871527910232544,31.0,4.9177631749420865,4303.0,18825.0,2671.801730075101,37.90405639222694
1745572907.5635204,meta-llama/Llama-3.1-8B-Instruct,guanaco,1.0,1,10,282,22.326839447021484,31.0,4.924677087596951,2811.0,16913.0,2707.777705059521,44.96595621190226
1745572911.1826885,meta-llama/Llama-3.1-8B-Instruct,MATH/PRM-800K,1.0,1,353,223,19.190124988555908,31.0,4.925684339777582,2110.0,14514.0,2112.3136466960427,42.85908280874381
1745572910.952744,meta-llama/Llama-3.1-8B-Instruct,MATH/PRM-800K,1.0,1,22,248,20.444409370422363,31.0,4.9276135660129565,2206.0,15441.0,2075.872707045295,44.227043534294125
1745572893.0920548,meta-llama/Llama-3.1-8B-Instruct,airoboros,1.0,1,79,776,38.349092960357666,30.0,4.927681101607547,6012.0,29054.0,2572.576369614835,42.33460132859327
1745572900.6336527,meta-llama/Llama-3.1-8B-Instruct,leetcode_ne,1.0,1,517,645,32.58216166496277,31.0,4.933521370443467,5734.0,24580.0,2897.1534719382344,41.77220479729155
1745572901.845576,meta-llama/Llama-3.1-8B-Instruct,leetcode_ne,1.0,1,686,591,32.161014556884766,31.0,4.935552378584452,5864.0,24229.0,3045.8374624255193,41.2417661197108
1745572904.3753824,meta-llama/Llama-3.1-8B-Instruct,MATH/PRM-800K,1.0,1,238,461,29.906373023986816,31.0,4.936268187445289,5620.0,22503.0,3146.5611718011264,41.34157448421815
1745572916.1752172,meta-llama/Llama-3.1-8B-Instruct,MATH/PRM-800K,1.0,1,56,114,19.228447675704956,31.0,4.9387378801690565,3326.0,14416.0,2769.495534504236,34.67551954069593
1745572894.8120205,meta-llama/Llama-3.1-8B-Instruct,tigerbot-kaggle,1.0,1,211,890,42.07788562774658,31.0,4.9416824840294264,7466.0,31739.0,2857.393072302965,40.26229842019257
1745572914.0413225,meta-llama/Llama-3.1-8B-Instruct,MATH/PRM-800K,1.0,1,30,298,24.63084888458252,31.0,4.944813979560925,4256.0,18443.0,2889.522364484552,37.76049694503783
1745572922.3414962,meta-llama/Llama-3.1-8B-Instruct,reclor,1.0,1,151,79,16.501803398132324,31.0,4.946070156178798,3133.0,12307.0,3129.156882209084,38.797307140005614
1745572921.3272307,meta-llama/Llama-3.1-8B-Instruct,reclor,1.0,1,211,128,18.504775524139404,31.0,4.947906391505954,3221.0,13842.0,3000.7886354446046,42.90124628473342
1745572917.1543822,meta-llama/Llama-3.1-8B-Instruct,reclor,1.0,1,258,172,23.54604196548462,31.0,4.9498093287803515,4163.0,17612.0,2773.117983682446,44.948587830850606
1745572916.4959002,meta-llama/Llama-3.1-8B-Instruct,reclor,1.0,1,153,225,24.77323579788208,31.0,4.950882779331055,4343.0,18506.0,2665.1643068693293,37.618545025988034
1745572912.8009794,meta-llama/Llama-3.1-8B-Instruct,guanaco,1.0,1,15,420,29.304267644882202,31.0,4.953119215944126,5359.0,21894.0,2831.1003190317588,40.31339322191694
1745572913.0866053,meta-llama/Llama-3.1-8B-Instruct,tigerbot-kaggle,1.0,1,273,438,30.657266855239868,31.0,4.955921902380564,5415.0,22885.0,2748.014861092162,40.72754420758198
1745572923.5528824,meta-llama/Llama-3.1-8B-Instruct,theoremqa,1.0,1,365,152,21.78423237800598,31.0,4.958708401704048,3964.0,16173.0,2731.2991692746996,42.22366417450133
1745572895.581504,meta-llama/Llama-3.1-8B-Instruct,scibench,1.0,1,68,1063,51.05129408836365,31.0,4.961449674434012,9025.0,38322.0,2766.124476769437,41.860549577586816
1745572922.3492975,meta-llama/Llama-3.1-8B-Instruct,MATH/PRM-800K,1.0,1,34,226,24.392759323120117,31.0,4.961765604053768,4282.0,18123.0,2709.35264029201,41.37022636739405
1745572911.5962079,meta-llama/Llama-3.1-8B-Instruct,MATH/PRM-800K,1.0,1,82,598,35.25543737411499,31.0,4.962086706279373,5933.0,26304.0,2635.0242719374496,40.52121207919789
1745572909.7724788,meta-llama/Llama-3.1-8B-Instruct,scibench,1.0,1,80,648,37.31092095375061,31.0,4.963243990238424,6313.0,27870.0,2586.450363177932,39.5964523948875
1745572904.513989,meta-llama/Llama-3.1-8B-Instruct,airoboros,1.0,1,76,713,42.93002915382385,31.0,4.963987464449396,8146.0,32088.0,2876.6906425434418,39.71467640091109
1745572926.3872106,meta-llama/Llama-3.1-8B-Instruct,reclor,1.0,1,155,198,22.131126880645752,31.0,4.965969372176191,4391.0,16362.0,2639.899656131312,40.043456239360886
1745572927.2112098,meta-llama/Llama-3.1-8B-Instruct,MATH/PRM-800K,1.0,1,24,182,21.498923540115356,31.0,4.966378574201061,4442.0,15849.0,2570.037710750444,38.05207588617434
1745572928.122301,meta-llama/Llama-3.1-8B-Instruct,guanaco,1.0,1,16,176,21.70974588394165,31.0,4.968479284612758,4552.0,16008.0,2538.1145036440453,37.74343077720341
1745572933.2407393,meta-llama/Llama-3.1-8B-Instruct,reclor,1.0,1,209,130,17.84014391899109,31.0,4.970797272997762,3304.0,13131.0,2205.546423637311,38.85213177003025
1745572902.6807153,meta-llama/Llama-3.1-8B-Instruct,airoboros,1.0,1,27,975,49.1008722782135,31.0,4.972169688063521,8969.0,36656.0,2648.5956572943514,38.90515176968304
1745572918.5206532,meta-llama/Llama-3.1-8B-Instruct,MATH/PRM-800K,1.0,1,75,409,33.304713010787964,30.0,4.972237026611681,5899.0,24702.0,2410.571895658468,38.05602125515965
1745572939.9370925,meta-llama/Llama-3.1-8B-Instruct,MATH/PRM-800K,1.0,1,11,113,13.59306025505066,31.0,4.977488617549669,2985.0,9968.0,2545.735978320553,33.946841855460875
1745572933.4374647,meta-llama/Llama-3.1-8B-Instruct,MATH/PRM-800K,1.0,1,29,208,22.35731339454651,31.0,4.981400004655819,4190.0,16456.0,2381.3847650872362,39.9990724511645
1745572942.6834989,meta-llama/Llama-3.1-8B-Instruct,MATH/PRM-800K,1.0,1,810,111,14.07749056816101,31.0,4.985231510937993,3315.0,10289.0,2906.605675100478,37.77178429089073
1745572927.9954927,meta-llama/Llama-3.1-8B-Instruct,leetcode_ne,1.0,1,311,356,28.91826581954956,31.0,4.98566872803172,6853.0,21249.0,2949.692391129437,40.593075108390885
1745572939.5650616,meta-llama/Llama-3.1-8B-Instruct,MATH/PRM-800K,1.0,1,51,227,17.883111715316772,31.0,4.986683012241077,4139.0,13067.0,2631.9624262124403,38.62653562943486
1745572934.9673252,meta-llama/Llama-3.1-8B-Instruct,MATH/PRM-800K,1.0,1,31,243,22.52428674697876,30.0,4.986750290960817,4897.0,16518.0,2563.7999242334527,40.524101002519984
1745572916.4888506,meta-llama/Llama-3.1-8B-Instruct,leetcode_ne,1.0,1,940,601,41.29115056991577,31.0,4.988604828593966,8806.0,30485.0,2782.8618053217056,36.091702076699306
1745572945.2897813,meta-llama/Llama-3.1-8B-Instruct,airoboros,1.0,1,875,75,13.981876373291016,31.0,4.991422047174861,4151.0,10093.0,2740.7897222550373,31.62136651037751
1745572942.2893708,meta-llama/Llama-3.1-8B-Instruct,MATH/PRM-800K,1.0,1,59,221,18.628766775131226,31.0,4.994225900958558,4287.0,13579.0,2583.0923663476424,39.05155502483567
1745572952.431935,meta-llama/Llama-3.1-8B-Instruct,MATH/PRM-800K,1.0,1,29,194,12.972792625427246,31.0,5.001752698846011,2045.0,9527.0,2452.8841232020472,93.0312235138845
1745572936.5371346,meta-llama/Llama-3.1-8B-Instruct,tigerbot-kaggle,1.0,1,273,436,29.4468891620636,31.0,5.002786645814215,5647.0,21570.0,2475.0669211819436,45.95596720875947
1745572940.9186165,meta-llama/Llama-3.1-8B-Instruct,MATH/PRM-800K,1.0,1,73,379,25.560671091079712,31.0,5.0037972785739395,4916.0,18694.0,2467.242354022286,44.579594810587956
1745572940.0689683,meta-llama/Llama-3.1-8B-Instruct,scibench,1.0,1,70,413,26.779258966445923,31.0,5.004614024566773,5081.0,19556.0,2375.128108338915,43.97275019853588
1745572954.3525202,meta-llama/Llama-3.1-8B-Instruct,MATH/PRM-800K,1.0,1,19,243,15.471826314926147,31.0,5.009639911819359,2293.0,11316.0,2220.9493278320374,70.05133521824891
1745572954.0147219,meta-llama/Llama-3.1-8B-Instruct,ARB,1.0,1,132,303,16.982184410095215,31.0,5.012903175788649,2855.0,12403.0,2580.2955670571328,71.02118694017219
1745572958.1456373,meta-llama/Llama-3.1-8B-Instruct,MATH/PRM-800K,1.0,1,43,144,15.031720876693726,31.0,5.01690141572935,1226.0,11064.0,1854.6575831306366,105.5979173408821
1745572953.3143356,meta-llama/Llama-3.1-8B-Instruct,ARB,1.0,1,381,365,20.174267768859863,31.0,5.0183713809542265,3543.0,14704.0,2669.176758605141,72.91141063981519
1745572944.2264426,meta-llama/Llama-3.1-8B-Instruct,airoboros,1.0,1,41,525,32.378368616104126,31.0,5.023953333367778,6031.0,23587.0,2728.885393620085,51.32998902635497
1745572942.497873,meta-llama/Llama-3.1-8B-Instruct,MATH/PRM-800K,1.0,1,114,570,34.391494035720825,31.0,5.024526469159786,6169.0,25089.0,2615.580566558302,49.84692602674303
1745572925.9785511,meta-llama/Llama-3.1-8B-Instruct,MATH/PRM-800K,1.0,1,48,882,51.58627700805664,31.0,5.0258507337764495,9727.0,37809.0,2757.60713045422,48.63044657900566
1745572961.2109437,meta-llama/Llama-3.1-8B-Instruct,reclor,1.0,1,206,120,17.633075952529907,31.0,5.028163229459415,2028.0,12885.0,2411.828916230175,64.60269034096625
1745572958.9182856,meta-llama/Llama-3.1-8B-Instruct,MATH/PRM-800K,1.0,1,159,196,20.821306467056274,31.0,5.030129973447396,2387.0,15218.0,2161.9672969678427,68.82394407164206
1745572937.9849296,meta-llama/Llama-3.1-8B-Instruct,airoboros,1.0,1,32,763,42.68816089630127,30.0,5.03172709122701,7827.0,31095.0,2499.4331329109636,47.045451939075534
1745572955.9253757,meta-llama/Llama-3.1-8B-Instruct,MATH/PRM-800K,1.0,1,10,344,24.782599210739136,30.0,5.03172709122701,4268.0,17996.0,2534.324329355501,53.43493408087218
1745572960.1198735,meta-llama/Llama-3.1-8B-Instruct,reclor,1.0,1,368,218,22.788789987564087,31.0,5.035738634602869,2561.0,16624.0,2121.530885257468,60.223916844434754
1745572964.8300834,meta-llama/Llama-3.1-8B-Instruct,scienceqa,1.0,1,69,136,18.122195959091187,30.0,5.035805686041076,2484.0,13136.0,2051.6292873394455,48.24852251514698
1745572966.5281873,meta-llama/Llama-3.1-8B-Instruct,MATH/PRM-800K,1.0,1,13,111,18.17765474319458,31.0,5.039396490285797,2679.0,13138.0,2476.564090957869,56.346042837188364
1745572967.5020754,meta-llama/Llama-3.1-8B-Instruct,MATH/PRM-800K,1.0,1,17,102,17.756747484207153,31.0,5.040750877917786,2697.0,12850.0,2476.8337819411076,58.513536386380395
1745572948.076736,meta-llama/Llama-3.1-8B-Instruct,MATH/PRM-800K,1.0,1,49,704,39.76765584945679,31.0,5.044994178226308,6502.0,28894.0,2507.3305154890986,58.27999761098248
1745572963.8869972,meta-llama/Llama-3.1-8B-Instruct,MATH/PRM-800K,1.0,1,21,269,24.721762895584106,31.0,5.046388851599046,3163.0,17900.0,2121.6183275989574,55.17139323146378
1745572967.6015186,meta-llama/Llama-3.1-8B-Instruct,reclor,1.0,1,248,134,21.344058990478516,31.0,5.047123757302582,2931.0,15407.0,2240.1922942337837,57.40698312600132
1745572968.1183565,meta-llama/Llama-3.1-8B-Instruct,MATH/PRM-800K,1.0,1,12,134,20.871843814849854,30.0,5.047190755981454,2931.0,15054.0,2128.1447791559026,54.88807911627933
1745572971.6008239,meta-llama/Llama-3.1-8B-Instruct,reclor,1.0,1,162,131,19.020692586898804,31.0,5.04998709344347,2284.0,13679.0,1737.6878614248978,53.32556378354502
1745572932.2281036,meta-llama/Llama-3.1-8B-Instruct,MATH/PRM-800K,1.0,1,37,1084,59.39415526390076,31.0,5.052136946275637,10067.0,43207.0,2355.760944920906,47.55368316238211
1745572973.4420207,meta-llama/Llama-3.1-8B-Instruct,scienceqa,1.0,1,43,113,19.564826488494873,31.0,5.054855685721881,2336.0,14030.0,1687.8097032081046,46.28603297118308
1745572974.579007,meta-llama/Llama-3.1-8B-Instruct,scienceqa,1.0,1,57,100,18.628870010375977,31.0,5.05536098199284,2179.0,13358.0,1592.5991905090873,45.79540342101693
1745572974.896758,meta-llama/Llama-3.1-8B-Instruct,scienceqa,1.0,1,13,104,18.860745191574097,31.0,5.056365799586548,2246.0,13517.0,1562.543402987565,45.61669357617454
1745572972.7243018,meta-llama/Llama-3.1-8B-Instruct,MATH/PRM-800K,1.0,1,14,222,22.540976762771606,31.0,5.059003414167116,3007.0,16138.0,1808.6901499619778,49.15061345273065
1745572980.701254,meta-llama/Llama-3.1-8B-Instruct,reclor,1.0,1,179,113,16.032357215881348,31.0,5.0615220263407785,1881.0,11472.0,1715.8963110768589,70.75808719499129
1745572974.833403,meta-llama/Llama-3.1-8B-Instruct,MATH/PRM-800K,1.0,1,21,205,23.36896824836731,31.0,5.063944742742582,2492.0,16746.0,1505.3486095995129,52.27545769357968
1745572954.4759004,meta-llama/Llama-3.1-8B-Instruct,airoboros,1.0,1,37,848,44.06306076049805,31.0,5.06467892748777,6297.0,31801.0,2109.7305275760586,57.338597655172606
1745572956.1700144,meta-llama/Llama-3.1-8B-Instruct,MATH/PRM-800K,1.0,1,55,740,42.84963846206665,31.0,5.066209821820189,5707.0,30873.0,1911.2959287265599,53.368208475513775
1745572981.1454446,meta-llama/Llama-3.1-8B-Instruct,MATH/PRM-800K,1.0,1,49,222,21.846468925476074,31.0,5.0726560323569165,2250.0,15630.0,1638.2028305797073,62.12778383862221
1745572965.0478587,meta-llama/Llama-3.1-8B-Instruct,MATH/PRM-800K,1.0,1,75,625,40.49564027786255,30.0,5.076800272352366,4807.0,29086.0,1863.4839608176585,53.56320333049002
1745572988.489848,meta-llama/Llama-3.1-8B-Instruct,reclor,1.0,1,285,156,17.081865787506104,30.0,5.076800272352366,1644.0,12146.0,1420.253823349956,52.70080371638397
1745572986.659548,meta-llama/Llama-3.1-8B-Instruct,MATH/PRM-800K,1.0,1,11,203,19.240853309631348,31.0,5.0785577964615465,2222.0,13711.0,1714.6174364015455,50.68849890741318
1745572957.6221817,meta-llama/Llama-3.1-8B-Instruct,scibench,1.0,1,61,913,49.63483452796936,31.0,5.080880418804962,5866.0,35768.0,1938.1843953724967,56.59473687123557
1745572966.0911684,meta-llama/Llama-3.1-8B-Instruct,leetcode_ne,1.0,1,183,659,42.341999769210815,31.0,5.082888941608474,5331.0,30332.0,1999.5652192648622,50.99555173408995
1745572983.4736953,meta-llama/Llama-3.1-8B-Instruct,MATH/PRM-800K,1.0,1,48,293,25.00015878677368,30.0,5.0829557732525,2652.0,17834.0,1599.5759632583456,49.12420053919431
1745572979.5897045,meta-llama/Llama-3.1-8B-Instruct,scibench,1.0,1,201,433,30.571746826171875,31.0,5.085884682621947,3366.0,21796.0,1598.7337132125149,47.87548943624724
1745572958.6564388,meta-llama/Llama-3.1-8B-Instruct,theoremqa,1.0,1,522,901,51.54932427406311,30.0,5.085951499993554,5753.0,37109.0,1778.7766575489788,52.41433531701095
1745572986.9502428,meta-llama/Llama-3.1-8B-Instruct,MATH/PRM-800K,1.0,1,57,303,24.98744249343872,31.0,5.088993046693119,2695.0,17737.0,1526.6552914772478,41.539559089584195
1745572991.377356,meta-llama/Llama-3.1-8B-Instruct,airoboros,1.0,1,54,145,21.176294088363647,31.0,5.090640033411879,2450.0,15021.0,1662.0796975508927,40.26313357007634
1745572991.457969,meta-llama/Llama-3.1-8B-Instruct,MATH/PRM-800K,1.0,1,40,164,23.28851842880249,31.0,5.094296724966812,2551.0,16524.0,1649.1443357015023,43.43359463360218
1745572991.649708,meta-llama/Llama-3.1-8B-Instruct,MATH/PRM-800K,1.0,1,23,146,23.51328134536743,31.0,5.096493557043174,3189.0,16651.0,2052.0871374718117,49.075988519842014
1745572989.0625494,meta-llama/Llama-3.1-8B-Instruct,airoboros,1.0,1,36,368,26.66033935546875,31.0,5.097482955497416,3545.0,18857.0,2003.3227331169176,46.05553321231966
1745572991.734038,meta-llama/Llama-3.1-8B-Instruct,MATH/PRM-800K,1.0,1,38,168,24.504690408706665,31.0,5.098415840563348,3318.0,17354.0,1951.7980219252022,47.742079298926335
1745572993.0810153,meta-llama/Llama-3.1-8B-Instruct,reclor,1.0,1,250,121,24.47194194793701,31.0,5.100565728939806,3154.0,17290.0,1838.7079391161103,47.50869174099605
1745572981.5835223,meta-llama/Llama-3.1-8B-Instruct,airoboros,1.0,1,27,571,37.51913595199585,31.0,5.1034999961343095,4729.0,26590.0,1822.7905077452442,50.37425014417988
1745572989.8187976,meta-llama/Llama-3.1-8B-Instruct,MATH/PRM-800K,1.0,1,33,359,29.63182282447815,31.0,5.104562463276603,4064.0,20933.0,1960.0431449745797,45.0497361369809
