epoch,train_total_loss,train_nll,train_mu_loss,val_total_loss,val_nll,val_mu_loss,mean_sigma,mean_alpha,noise_std,lr
0.0,1.0196480694271268,0.9359170964785984,0.8373097266469683,0.8295482248067856,0.7523397356271744,0.7720847427845001,0.8935286374319167,0.4609627283754803,0.0,0.001
1.0,0.5490246727353051,0.4924886283420381,0.5653604396751949,0.2745046764612198,0.22054976224899292,0.5395491644740105,0.4716594630763644,0.3730513666357313,0.0,0.001
2.0,0.14694353086607798,0.10543334591645925,0.4151018389633724,0.1946490416303277,0.1518852859735489,0.4276375100016594,0.2834716006403878,0.1688689607239905,0.0,0.001
3.0,0.172078653637852,0.13361896822849909,0.38459682322683786,0.19459338299930096,0.15538984164595604,0.392035361379385,0.24484534135886601,0.07393886060232208,0.0,0.001
4.0,0.11131277503002257,0.0778682619067175,0.33444513309569585,0.16149264574050903,0.12637043371796608,0.35122211277484894,0.28125981702691033,0.06984112216603189,0.0,0.001
5.0,0.09837482248743375,0.06650007888674736,0.3187474005279087,0.15489917248487473,0.1225515827536583,0.3234758600592613,0.2473738370906739,0.05864689162089711,0.0,0.001
6.0,0.07232695995342164,0.044776504238446556,0.2755045621168046,0.1646423414349556,0.13645890355110168,0.28183435648679733,0.24221120845703853,0.05805588141083717,0.0,0.001
7.0,0.06089995482138225,0.03607437262932459,0.24825580701941535,0.16223835945129395,0.13700121641159058,0.25237149372696877,0.24748638556117103,0.06009053634036155,0.0,0.001
8.0,0.05009474995590392,0.02708087010043008,0.23013879500684284,0.16578542441129684,0.14280293881893158,0.22982480563223362,0.23741029983475095,0.05823933705687523,0.0,0.001
9.0,0.036736837100415004,0.015578338078090124,0.21158496822629655,0.1658676192164421,0.14432982355356216,0.2153780646622181,0.23691097043809436,0.05906498041890916,0.0,0.001
10.0,0.023525105345816838,0.0033810479300362723,0.20144053796927133,0.16239336133003235,0.14176693558692932,0.2062642890959978,0.2324253554855074,0.058945197434652416,0.0,0.001
11.0,0.0070672134558359785,-0.01218980054060618,0.19257012754678726,0.15365222841501236,0.13315147906541824,0.20500744879245758,0.22949354634398506,0.05972587831673168,0.0,0.001
12.0,-0.012840740737460908,-0.031623752344222295,0.18783009903771536,0.13676046580076218,0.11583047360181808,0.20929994247853756,0.22691239345641362,0.06118265326533999,0.0,0.001
13.0,-0.037606888583728244,-0.05628225278286707,0.1867536466036524,0.10672937333583832,0.08481473475694656,0.21914635412395,0.22623343339988164,0.06432990428237688,0.0,0.001
14.0,-0.0660002955368587,-0.08499314600513094,0.18992850184440613,0.07933911308646202,0.055437520146369934,0.23901590704917908,0.23121852392242068,0.07018186205199786,0.0,0.001
15.0,-0.08462432949315934,-0.10460035573868524,0.19976026245525905,0.037497904151678085,0.014612440019845963,0.22885461524128914,0.23395690960543497,0.07576878493030866,0.0,0.001
16.0,-0.11534438317730314,-0.134516974290212,0.19172592815898715,0.01584050804376602,-0.008084326982498169,0.2392483465373516,0.23708630956354595,0.07937266287349519,0.0,0.001
17.0,-0.1385758373708952,-0.15896493799629666,0.20389101867164885,-0.03819165378808975,-0.058040572330355644,0.19848917424678802,0.2248955447049368,0.08239993045017832,0.0,0.001
18.0,-0.17614816554955073,-0.1931606868193263,0.17012517828316914,-0.07675879634916782,-0.09642616659402847,0.19667376950383186,0.22899354639507474,0.08600397017740068,0.0,0.001
19.0,-0.2163681737369015,-0.23770072257944516,0.21332552071128572,-0.05685260705649853,-0.07975970767438412,0.2290710285305977,0.21078797571715854,0.09871790841931388,0.0,0.001
20.0,-0.19716646885942846,-0.2194923258031763,0.22325853151934488,-0.15223952755331993,-0.16608043061569333,0.13840897381305695,0.22815676814033872,0.09712223566713787,0.0,0.001
21.0,-0.2990538457497245,-0.31949211852181525,0.20438272044772193,-0.11562604969367385,-0.1417300845932914,0.2610402889549732,0.19625091233423778,0.12315741926431656,0.0,0.001
22.0,-0.2714954510863338,-0.292828430332953,0.21332980727865583,-0.16792304441332817,-0.18486527344794013,0.16942235827445984,0.20620939419383094,0.1243005905832563,0.0,0.001
23.0,-0.35858603318532306,-0.3767481112763995,0.18162076157473384,-0.12594103766605258,-0.14863221492851153,0.22691181302070618,0.19304106384515762,0.13974407137859435,0.0,0.001
24.0,-0.3465691599107924,-0.3683623584608237,0.21793197326007344,-0.22315789107233286,-0.23310990538448095,0.09952015615999699,0.18490550134863173,0.16602672317198344,0.0,0.001
25.0,-0.4371658355618517,-0.4477233431257662,0.10557505523874647,-0.2996417786926031,-0.31197615526616573,0.12334381602704525,0.18035242954889932,0.19336414975779398,0.0,0.001
26.0,-0.48692197122034575,-0.4962207408887999,0.09298768036422275,-0.25106457993388176,-0.264630526304245,0.13565943576395512,0.16349374467418307,0.28581365446249646,0.0,0.001
27.0,-0.49971392892655875,-0.5070125907659531,0.07298661147554715,-0.29558288119733334,-0.30651029385626316,0.10927408561110497,0.16948038978236063,0.35241166324842543,0.0,0.001
28.0,-0.581705283550989,-0.5879733981121154,0.06268109780337129,-0.4578509256243706,-0.46513088792562485,0.07279971428215504,0.14663188585213252,0.4094842431091127,0.0,0.001
29.0,-0.6016923033055805,-0.6071212575549171,0.05428956617556867,-0.41538629680871964,-0.4218507185578346,0.06464423798024654,0.13630622838224685,0.4605412000701541,0.0,0.001
30.0,-0.5821679262887864,-0.5873023221890131,0.05134393478788081,-0.43399086967110634,-0.44091396778821945,0.06923082051798701,0.15368521674757912,0.49290751985141207,0.0,0.001
31.0,-0.6247943689425787,-0.6302846237307503,0.05490262185533842,-0.2811375707387924,-0.2896982803940773,0.08560708072036505,0.14124540452446258,0.4943499465783437,0.0,0.001
32.0,-0.5454099121547881,-0.5511989749613262,0.05789062886365822,-0.4515150561928749,-0.45847582817077637,0.06960769835859537,0.1477906753619512,0.48522667799677166,0.0,0.001
33.0,-0.6192335990213212,-0.6247268084968839,0.05493214859494141,-0.31963321194052696,-0.3301846496760845,0.1055143428966403,0.13652014696881884,0.4860793011529105,0.0,0.001
34.0,-0.6025357473464239,-0.6085622402883711,0.06026490006063666,-0.4640832096338272,-0.4719960168004036,0.07912812102586031,0.14038694011313574,0.4668764202367692,0.0,0.001
35.0,-0.6597075107551756,-0.6654366772799265,0.05729166515881107,-0.4230184219777584,-0.42952878028154373,0.06510356348007917,0.13813807531481698,0.4730585316816966,0.0,0.001
36.0,-0.6356218733957836,-0.640907965245701,0.05286089934053875,-0.5064790174365044,-0.5131180807948112,0.06639046175405383,0.1355359767164503,0.5062173988137927,0.0,0.001
37.0,-0.6763781067870912,-0.6816902926989964,0.05312186843227772,-0.46136313676834106,-0.4678911492228508,0.0652801119722426,0.13709580827327,0.49422673810096013,0.0,0.001
38.0,-0.6544737035319919,-0.6595437853109269,0.05070088812637897,-0.46135731041431427,-0.46823353320360184,0.06876218831166625,0.14015656106528782,0.5179566088176909,0.0,0.001
39.0,-0.7015857838449024,-0.7066043601149604,0.0501857583544084,-0.5445321872830391,-0.550541840493679,0.06009640358388424,0.13182586289587475,0.515492856502533,0.0,0.001
40.0,-0.7052298585573832,-0.7099935412406921,0.04763680341697875,-0.4693485274910927,-0.4762990474700928,0.06950519699603319,0.12867819730724608,0.5220335267838978,0.0,0.001
41.0,-0.6814340239479428,-0.6862452966826302,0.04811268698956285,-0.5433863252401352,-0.5489583685994148,0.05572026548907161,0.13659859555108206,0.532006154457728,0.0,0.001
42.0,-0.7035624555179051,-0.7081504421574729,0.04587985158321403,-0.5102567970752716,-0.5166468471288681,0.0639004884287715,0.12789287489084972,0.5402485785030183,0.0,0.001
43.0,-0.7107456858669009,-0.7153110489958808,0.04565359412559441,-0.5503185167908669,-0.5561925694346428,0.058740485925227404,0.12448914632910774,0.5315239457857042,0.0,0.001
44.0,-0.7165503132910955,-0.7211831822281792,0.046328673050517126,-0.4722154885530472,-0.47842952609062195,0.06214034138247371,0.13352684073504947,0.5299001520588285,0.0,0.001
45.0,-0.7112011001223609,-0.7156589073794228,0.04457806343478816,-0.5874930769205093,-0.593228243291378,0.05735154217109084,0.12808348061073394,0.5390387603214809,0.0,0.001
46.0,-0.7292154502300989,-0.733755091826121,0.04539642713609196,-0.3929971717298031,-0.4000047408044338,0.07007574569433928,0.12519945346173786,0.5355374160267058,0.0,0.001
47.0,-0.6971784929434458,-0.7016208200227647,0.04442332179418632,-0.5185739696025848,-0.5242337584495544,0.05659785866737366,0.1381209549449739,0.5357160667578379,0.0,0.001
48.0,-0.6440728221620832,-0.6488586025578635,0.047857770784979776,-0.408791396766901,-0.41801757737994194,0.09226189740002155,0.13478288835003263,0.5442661529495603,0.0,0.001
49.0,-0.6716752492246174,-0.6777425692194984,0.060673123757754056,-0.5499521717429161,-0.5558726489543915,0.05920468783006072,0.1347522366614569,0.491246413616907,0.0,0.001
50.0,-0.669145234993526,-0.6746854597613925,0.05540221202231589,-0.4699062556028366,-0.4770587608218193,0.07152504287660122,0.12768484758479254,0.49671205452510286,0.0,0.001
51.0,-0.6298325409491857,-0.6356651697840009,0.05832621836591335,-0.3884216174483299,-0.3984261341392994,0.10004512500017881,0.13863832929304667,0.4854454171089899,0.0,0.001
52.0,-0.6559919345946539,-0.6624484487942287,0.06456518244175684,-0.5369090810418129,-0.543461836874485,0.06552767287939787,0.13024841248989105,0.4511180179459708,0.0,0.001
53.0,-0.6551236432223093,-0.6615845277195885,0.06460888222569511,-0.5821595266461372,-0.588464580476284,0.06305061420425773,0.14355627021619252,0.48726641989889596,0.0,0.001
54.0,-0.7438070617970967,-0.7487637244519734,0.04956656242055552,-0.5480721443891525,-0.5546742454171181,0.06602092273533344,0.12767019796939122,0.48502584440367563,0.0,0.001
55.0,-0.7300608186494737,-0.7352087511902764,0.051479379690828775,-0.5045929551124573,-0.5128609091043472,0.08267949614673853,0.11899975758223306,0.4977298251220158,0.0,0.001
56.0,-0.7033710281054179,-0.709514258872895,0.06143234883035932,-0.5534407943487167,-0.5591707900166512,0.05729989381507039,0.13943178667908623,0.4947067229520707,0.0,0.001
57.0,-0.7484024720532554,-0.7532381472133455,0.04835673519188449,-0.519525557756424,-0.52609683573246,0.06571292225271463,0.11933134531690961,0.4955980706782568,0.0,0.001
58.0,-0.7154658011027745,-0.72017559834889,0.04709793999791145,-0.36201585084199905,-0.37091128528118134,0.08895447943359613,0.1381537261463347,0.5107278469062987,0.0,0.001
59.0,-0.7003765858355022,-0.7057863842873346,0.0540979438949199,-0.5565668866038322,-0.5621931031346321,0.05626219557598233,0.1231798573973633,0.5023156248387837,0.0,0.001
60.0,-0.7152892095702035,-0.7204919514201936,0.052027398809081034,-0.49856292456388474,-0.5052144080400467,0.06651478167623281,0.1215793164003463,0.49913118850617183,0.0,0.001
61.0,-0.7149283105418796,-0.7198558137530372,0.049274912458800134,-0.5573666989803314,-0.5646940544247627,0.07327352883294225,0.1389149743176642,0.47198785060927984,0.0,0.001
62.0,-0.7674773917311714,-0.7724634891464597,0.04986092022487095,-0.5175314620137215,-0.5241779610514641,0.06646513845771551,0.1204354376310394,0.4974153708843958,0.0,0.001
63.0,-0.7493593536672138,-0.7546284638700032,0.05269111684035687,-0.48961903899908066,-0.49586840718984604,0.06249366421252489,0.12514033416906992,0.48931268850962323,0.0,0.001
64.0,-0.7189918501036507,-0.7240857368423825,0.050938893375652175,-0.611817292869091,-0.617726631462574,0.05909346230328083,0.1299994790128299,0.48042868148712886,0.0,0.001
65.0,-0.761840840180715,-0.7666209808417729,0.04780140057915733,-0.5084552317857742,-0.5160461589694023,0.07590919267386198,0.12698409351564588,0.4898835789589655,0.0,0.001
66.0,-0.7778883022921426,-0.7834162187008631,0.05527918821289426,-0.6024825796484947,-0.6082379072904587,0.057553325314074755,0.12311126788457234,0.46663077104659306,0.0,0.001
67.0,-0.7423148197787148,-0.7478539234115964,0.05539099614889849,-0.6440821886062622,-0.6499782651662827,0.05896093789488077,0.12440576262417294,0.4742928005400158,0.0,0.001
68.0,-0.8110018117087228,-0.8157372432095664,0.04735425017064526,-0.3313668444752693,-0.3394668847322464,0.08100044261664152,0.12548797861451194,0.45951142481395174,0.0,0.001
69.0,-0.7117564862682706,-0.7173176138173967,0.0556113040518193,-0.6461190655827522,-0.6519426479935646,0.058235741686075926,0.11601181878220468,0.44576751476242427,0.0,0.001
70.0,-0.8001156548659006,-0.8053123780659267,0.05196717816094557,-0.6169694364070892,-0.6231205612421036,0.06151121575385332,0.12834730176698594,0.47125626461846487,0.0,0.001
71.0,-0.7917574019659133,-0.7965780184382484,0.048206244462302754,-0.3393037021160126,-0.3464985489845276,0.07194847799837589,0.1163180438535554,0.45431050942057655,0.0,0.001
72.0,-0.6325273698284513,-0.6379939913749695,0.054666220964420406,-0.6385652422904968,-0.6441660374403,0.05600806651636958,0.1352754295581863,0.4551061278297788,0.0,0.001
73.0,-0.8141017002718789,-0.8189860284328461,0.04884328010181586,-0.6218687295913696,-0.6279444769024849,0.06075739720836282,0.11321108894688743,0.4523771859350659,0.0,0.001
74.0,-0.8206819097201029,-0.8253914273920513,0.04709512057403723,-0.6673989966511726,-0.6732913330197334,0.058923283126205206,0.11901962402321044,0.4662459677173978,0.0,0.001
75.0,-0.8527703682581583,-0.85721393710091,0.04443568008996192,-0.6041504740715027,-0.6094309911131859,0.052805131301283836,0.11403337121009827,0.4776216447353363,0.0,0.001
76.0,-0.8112943711734953,-0.8155492842197418,0.04254915121765364,-0.6265743374824524,-0.6318111419677734,0.052367948926985264,0.13670718527975537,0.5176334068888709,0.0,0.001
77.0,-0.8302183818249476,-0.8348393511204493,0.04620969934122903,-0.6220105290412903,-0.6276796087622643,0.05669076042249799,0.11408511957242376,0.4785010587601435,0.0,0.001
78.0,-0.8573615863209679,-0.8615950161502475,0.04233431824970813,-0.6727806180715561,-0.6782794371247292,0.05498832603916526,0.11913695079939705,0.4864194237050556,0.0,0.001
79.0,-0.878277470668157,-0.8826838192485628,0.04406352030734221,-0.65731231123209,-0.662615217268467,0.05302922148257494,0.11911639074484508,0.48672916491826373,0.0,0.001
80.0,-0.8679612165405637,-0.8719163451875959,0.03955121302888507,-0.35875499434769154,-0.36394060030579567,0.051856092642992735,0.1264331103080795,0.4680561834857577,0.0,0.001
81.0,-0.777514710312798,-0.7817273501838956,0.042126345581242015,-0.6863856017589569,-0.6910772919654846,0.0469169938005507,0.1122148223221302,0.49022063471022104,0.0,0.001
82.0,-0.8970438667706081,-0.9011438119979132,0.04099935089193639,-0.6296073794364929,-0.6352504938840866,0.056431141681969166,0.10877560646761031,0.475117054723558,0.0,0.001
83.0,-0.8491499168532235,-0.8533511332103184,0.042012040370277,-0.5871637761592865,-0.5920683890581131,0.049046254716813564,0.14125074730032966,0.5025319939567929,0.0,0.001
84.0,-0.797471706356321,-0.8016393780708313,0.0416767391420546,-0.5707071870565414,-0.5763529986143112,0.05645803827792406,0.11341363368999391,0.48070951160930453,0.0,0.001
85.0,-0.7778403829960596,-0.7822028455280122,0.043624592324097954,0.015972323715686798,0.010039456188678741,0.05932866083458066,0.13638455385253542,0.49815441313244047,0.0,0.001
86.0,-0.5661834528048834,-0.5706160664558411,0.044326188042759895,-0.6791948229074478,-0.6843242570757866,0.051294453907758,0.1113618386998063,0.45537439414433073,0.0,0.001
87.0,-0.8622828920682272,-0.8664660028048924,0.0418309893991266,-0.5697198659181595,-0.5747625008225441,0.050426355097442865,0.11536359999861036,0.4802285617306119,0.0,0.001
88.0,-0.8204883720193591,-0.8244635136354537,0.0397514518172968,-0.6498902291059494,-0.6550783067941666,0.051880707032978535,0.11459191462823323,0.46242457770165946,0.0,0.001
89.0,-0.8618626239753905,-0.8659134578137171,0.040508282681306206,-0.6350430846214294,-0.6394976824522018,0.04454611800611019,0.12392884900882131,0.5019331773122152,0.0,0.001
90.0,-0.8883454430670965,-0.8923233179819017,0.03977879190019199,-0.658744290471077,-0.663421742618084,0.04677454475313425,0.1072996019252709,0.48562036951382953,0.0,0.001
91.0,-0.8751398324966431,-0.8788282388732547,0.036884170823863575,-0.7478718459606171,-0.7523381486535072,0.044662997126579285,0.12725519282477243,0.48891784463609966,0.0,0.001
92.0,-0.9435907261712211,-0.9474925143378121,0.039017819932528904,-0.5519529655575752,-0.5563080534338951,0.04355087736621499,0.10756691438811165,0.4877596582685198,0.0,0.001
93.0,-0.8577592216786885,-0.8613516035534087,0.03592380606347606,-0.6701967269182205,-0.6745118573307991,0.04315123148262501,0.13213503396227247,0.4890885778835842,0.0,0.001
94.0,-0.9131188293298086,-0.9169781875042688,0.03859363026207402,-0.6451658234000206,-0.649942435324192,0.0477659972384572,0.1115347496455624,0.48484592068763005,0.0,0.001
95.0,-0.9076633212112245,-0.9114173821040562,0.037540732306383905,-0.7460855543613434,-0.7509880363941193,0.049024895299226046,0.1163880665387426,0.48908071716626483,0.0,0.001
96.0,-0.952783845719837,-0.9567055219695682,0.03921678467165856,-0.7242208123207092,-0.7284654229879379,0.04244614019989967,0.11722971640882038,0.4761827488740285,0.0,0.001
97.0,-0.9528304451987857,-0.9564528479462578,0.03622387340735821,-0.6343691945075989,-0.6390046551823616,0.04635463049635291,0.12308760306664876,0.49923347575323923,0.0,0.001
98.0,-0.9254194696744283,-0.9292340988204593,0.038146174823244415,-0.6952706426382065,-0.6998826190829277,0.04611989064142108,0.1001187978046281,0.47372063994407654,0.0,0.001
99.0,-0.903848348628907,-0.9076831298215049,0.03834787144192627,-0.6340122744441032,-0.6384918466210365,0.0447958717122674,0.14271790108510427,0.49739387205668856,0.0,0.001
100.0,-0.8492449195612044,-0.8530321177982149,0.03787194804421493,-0.2639280632138252,-0.26884380728006363,0.049157397355884314,0.10587113847335179,0.47910641062827336,0.0,0.001
101.0,-0.6789836809039116,-0.6830930901425225,0.041094137266987844,-0.6824675127863884,-0.6869196966290474,0.04452179465442896,0.14242419245697202,0.500369905715897,0.0005,0.001
102.0,-0.885341879867372,-0.8893481492996216,0.04006270097479934,-0.5325068160891533,-0.5379182621836662,0.054114351980388165,0.10569800259101958,0.45644683781124296,0.001,0.001
103.0,-0.8135019498211997,-0.8179499067011333,0.04447953793264571,-0.7399598211050034,-0.7447414770722389,0.04781646141782403,0.12445376777932757,0.46342827734493075,0.0015,0.001
104.0,-0.9595492070629483,-0.9634623101779393,0.03913098316462267,-0.7996921464800835,-0.8043503686785698,0.046582342591136694,0.11440717464401609,0.45492781485830036,0.002,0.001
105.0,-0.9834150799683162,-0.987447969970249,0.040328887690390856,-0.7404764667153358,-0.7458987236022949,0.05422261590138078,0.10419945826842672,0.4566212140378498,0.0025000000000000005,0.001
106.0,-0.9803280503976912,-0.9844982155731746,0.04170172626063937,-0.7206651866436005,-0.7257813140749931,0.051161172334104776,0.12708462171611332,0.46757831601869493,0.003,0.001
107.0,-0.9910149318831307,-0.9950831560861497,0.04068223413612161,-0.42778943479061127,-0.432731032371521,0.04941590456292033,0.1055063349860055,0.43486899988991873,0.0035000000000000005,0.001
108.0,-0.8928667321091607,-0.896993026846931,0.041262964851089885,-0.7645310685038567,-0.7691864371299744,0.046553890220820904,0.13674863711709068,0.4869450933876492,0.004,0.001
109.0,-0.9628889958063761,-0.9668953716754913,0.04006373607331798,-0.5684467256069183,-0.5733423307538033,0.04895594576373696,0.09788014988104503,0.43634097065244404,0.0045,0.001
110.0,-0.8017537040369851,-0.8059641733056023,0.042104720182362054,-0.6657284200191498,-0.670611247420311,0.048828387167304754,0.16168523757230668,0.4953234053793408,0.005000000000000001,0.001
111.0,-0.9587820356800443,-0.9627504405521211,0.039684080030946506,-0.5495837405323982,-0.5549631267786026,0.053793882951140404,0.10337746125601587,0.4320363579761414,0.0055000000000000005,0.001
112.0,-0.8402793847379231,-0.8448138875620705,0.04534495994448662,0.1687660664319992,0.1640004739165306,0.04765596613287926,0.1362332815215701,0.4618107492015475,0.006,0.001
113.0,-0.6150230793725877,-0.6195741906052544,0.04551101724306742,-0.6618564873933792,-0.6679312810301781,0.06074789073318243,0.1077162419401464,0.40353220843133475,0.006500000000000001,0.001
114.0,-0.9589067101478577,-0.963600101925078,0.046933857369281,-0.7329365238547325,-0.7387529164552689,0.05816402565687895,0.1123712243778365,0.41267829707690645,0.007000000000000001,0.001
115.0,-0.9404109929289136,-0.9452456548100426,0.048346669368800665,-0.5905148163437843,-0.5960380807518959,0.05523262685164809,0.12571975411403746,0.41439867161569144,0.0075,0.001
116.0,-0.8866947917711168,-0.8919973373413086,0.053025435124124796,-0.6258388757705688,-0.6322032436728477,0.06364353280514479,0.10588380694389343,0.38397895154498873,0.008,0.001
117.0,-0.9013229395662036,-0.906894672484625,0.055717279691071736,-0.8261412605643272,-0.832579605281353,0.06438342109322548,0.13271790778353101,0.37883558514572324,0.0085,0.001
118.0,-1.050309026525134,-1.0555042369025094,0.05195203175147375,-0.6058679446578026,-0.6109682023525238,0.051002738531678915,0.11192611196920985,0.39025617071560453,0.009,0.001
119.0,-1.0204182721319652,-1.0255079865455627,0.050897116728481795,0.07817613333463669,0.07154681533575058,0.06629328709095716,0.1159109462584768,0.37407725694633664,0.009500000000000001,0.001
120.0,-0.7177674514906747,-0.72437898176057,0.0661153525468849,-0.7895189449191093,-0.7973750755190849,0.07856125012040138,0.12155961901659057,0.37129131740047816,0.010000000000000002,0.001
121.0,-0.9468562063716707,-0.9538327285221645,0.06976522664938654,-0.7604749575257301,-0.7673241719603539,0.06849203258752823,0.13471446629791034,0.3534004404431298,0.0105,0.001
122.0,-0.8340811445599511,-0.8416318822474707,0.0755074027748335,-0.08131878077983856,-0.08854040503501892,0.0722161689773202,0.10701778460116614,0.32574974851948874,0.011000000000000001,0.001
123.0,-0.36045025501932415,-0.3671609993491854,0.06710749367872874,-0.6445429623126984,-0.6507312655448914,0.061882915906608105,0.16934419245946974,0.4012865651221502,0.011500000000000002,0.001
124.0,-0.8126963419573647,-0.818689824569793,0.05993482576949256,-0.7165473103523254,-0.7233046814799309,0.0675736116245389,0.1038271016663029,0.3269330192179907,0.012,0.001
125.0,-0.9419188187235877,-0.9480278137184325,0.06108993256375903,0.5709667727351189,0.5638917237520218,0.07075025606900454,0.13252962487084524,0.36176349151702153,0.0125,0.001
126.0,-0.2374706637291681,-0.24469851737930662,0.07227856098186403,-0.6208379864692688,-0.6275145411491394,0.06676550302654505,0.10884282347701844,0.32962492605050403,0.013000000000000001,0.001
127.0,-0.79672828742436,-0.8031444322495234,0.06416148541583902,-0.7031530439853668,-0.7098373696208,0.06684316974133253,0.1412779146007129,0.3623433751719339,0.013500000000000002,0.001
128.0,-0.8916455890451159,-0.8990145467576527,0.07368954554909751,-0.679293118417263,-0.686725415289402,0.07432303763926029,0.10591486788221768,0.30527116713069735,0.014000000000000002,0.001
129.0,-0.9446428460734231,-0.9516657718590328,0.07022933076534953,-0.14216413348913193,-0.14993766695261002,0.07773535046726465,0.1307416306365104,0.3145897246542431,0.014499999999999999,0.001
130.0,-0.7728895743687948,-0.7801790507066817,0.07289474244628634,-0.7497944235801697,-0.757013313472271,0.0721887769177556,0.1117497178770247,0.3221152886038735,0.015,0.001
131.0,-0.9627183022953215,-0.9698880215485891,0.07169715137708754,-0.8070715218782425,-0.8145408853888512,0.07469355501234531,0.1340437609524954,0.3105491179795492,0.0155,0.001
132.0,-1.0148377461092812,-1.0220308573473067,0.07193115229407947,-0.42685987800359726,-0.43435584753751755,0.07495968323200941,0.1009861124413354,0.30319438307058244,0.016,0.001
133.0,-0.7562656835431144,-0.7633611744358426,0.07095490325064886,-0.45127369463443756,-0.45796381682157516,0.06690115574747324,0.16921079478093556,0.35988173882166546,0.0165,0.001
134.0,-0.8559410493998301,-0.8626451662608555,0.06704118564015343,-0.2616496682167053,-0.2686157748103142,0.06966102309525013,0.10451289851750646,0.3037628261815934,0.017,0.001
135.0,-0.6589097792194003,-0.6654859781265259,0.06576189859991982,-0.8249955251812935,-0.8316322565078735,0.06636734399944544,0.14711280592850276,0.37616420288880664,0.017499999999999998,0.001
136.0,-1.001310409534545,-1.0075504056044988,0.06239989506346839,-0.3611724078655243,-0.36808811128139496,0.06915699318051338,0.09944794415718033,0.30838231174718767,0.018,0.001
137.0,-0.6302967979794457,-0.6369010394527799,0.06604242661879176,-0.8328540921211243,-0.8397949784994125,0.06940886843949556,0.16666538835990996,0.3939665414038159,0.0185,0.001
138.0,-1.048451004993348,-1.0548733118034543,0.06422309382330804,-0.7622565627098083,-0.770025834441185,0.07769274991005659,0.09866598195263318,0.30434738383406684,0.019000000000000003,0.001
139.0,-0.9939073735759372,-1.0011629391284216,0.07255571087201436,0.5839107111096382,0.5770862698554993,0.06824465002864599,0.1503360349507559,0.36590465832324254,0.019500000000000003,0.001
140.0,0.2897186137381054,0.28230490003313335,0.07413698200668607,-0.6032141968607903,-0.6101332306861877,0.06919026840478182,0.09480193275071326,0.2656262442469597,0.020000000000000004,0.001
141.0,-0.8742797729514894,-0.8807736691974458,0.0649389535898254,-0.8914713263511658,-0.8984778225421906,0.07006479240953922,0.1548661224189259,0.3724123863946824,0.0205,0.001
142.0,-1.092595541761035,-1.099393918400719,0.06798392214945384,-0.4389217793941498,-0.4457299932837486,0.06808214634656906,0.10122465590635936,0.2826172290813355,0.021,0.001
143.0,-0.8358111140273866,-0.8429074642204103,0.070963577855201,-0.8447146490216255,-0.8515605553984642,0.06845899950712919,0.14718610012815111,0.3535684574218023,0.021500000000000002,0.001
144.0,-1.1079939277399153,-1.115236290863582,0.07242346448557717,-0.9024160727858543,-0.9097882658243179,0.07372171059250832,0.10845563950992766,0.27878181565375554,0.022000000000000002,0.001
145.0,-1.1051861090319497,-1.1122135009084428,0.07027397730520793,1.2165280431509018,1.2094072550535202,0.07120836153626442,0.13103771990253812,0.33779908007099513,0.022500000000000003,0.001
146.0,-0.27131870814732145,-0.2783344019026983,0.0701568288107713,-0.37154511269181967,-0.3783556753769517,0.06810564734041691,0.10293596663645335,0.28143903329258874,0.023000000000000003,0.001
147.0,-0.8731760212353298,-0.8797422860349927,0.06566263948168073,-0.896156407892704,-0.9030422270298004,0.06885833479464054,0.15031058163869948,0.34505402119386763,0.0235,0.001
148.0,-1.0359747736226945,-1.0421875034059798,0.06212724567878814,-0.8046081066131592,-0.8111480474472046,0.06539935013279319,0.09241828393368494,0.3143029858668645,0.024,0.001
149.0,-0.7306369784332457,-0.7370344400405884,0.06397464161827451,-0.7873979136347771,-0.7945675924420357,0.071696646977216,0.16363383190972464,0.32662068449315573,0.0245,0.001
150.0,-0.6498064224918684,-0.6561424870576177,0.063360640867835,-0.7641866505146027,-0.7711704224348068,0.06983762606978416,0.1050984382274605,0.293240358432134,0.025,0.001
151.0,-0.9232376955804371,-0.9295728582711447,0.06335153661313511,1.0369427502155304,1.0308998674154282,0.060428379103541374,0.14249668625139056,0.38355506034124465,0.025500000000000002,0.001
152.0,-0.09251063068707784,-0.09900875176702227,0.0649814000796704,-0.36412650952115655,-0.37162182945758104,0.07495321240276098,0.10345745973643802,0.2961824671143577,0.026000000000000002,0.001
153.0,-0.9383445296968732,-0.945466962598619,0.07122439731444631,-0.8844916969537735,-0.8913787081837654,0.0688700033351779,0.13654243520327977,0.3368566277481261,0.026500000000000003,0.001
154.0,-0.9275007237281118,-0.9343220485108239,0.06821324764972642,-0.9522823691368103,-0.9593707248568535,0.07088362891227007,0.0993030055293015,0.2665792242402122,0.027000000000000003,0.001
155.0,-1.2064028112661271,-1.2126824415865398,0.06279629096388817,-0.7947274446487427,-0.8007595539093018,0.06032094266265631,0.13201872188420521,0.3414471546808879,0.027500000000000004,0.001
156.0,-1.0544902157215845,-1.0609864862192244,0.06496270320245198,-0.9202093631029129,-0.9273298233747482,0.071204649284482,0.09534184262156487,0.2847377664986111,0.028000000000000004,0.001
157.0,-1.2080264361131758,-1.2148677664143699,0.06841334842500232,-0.9297706782817841,-0.9363296329975128,0.0655892975628376,0.14641661374341874,0.3266387652783167,0.028499999999999998,0.001
158.0,-1.2487851367110299,-1.255049901349204,0.06264769037564595,-0.883504331111908,-0.8901664912700653,0.06662152148783207,0.09843739246328671,0.29168767304647536,0.028999999999999998,0.001
159.0,-0.33905542606399175,-0.3452658369427636,0.06210406692255111,-0.9462180882692337,-0.9520363807678223,0.05818319180980325,0.15077554576453708,0.35930577559130533,0.0295,0.001
160.0,-1.2615265051523845,-1.2674311896165211,0.05904696580199968,0.8459153771400452,0.8393160849809647,0.0659933527931571,0.10171098279811087,0.29586441318194073,0.03,0.001
161.0,-0.3410623527708508,-0.3474661055065337,0.0640374386594409,0.1273478865623474,0.12153564393520355,0.05812203651294112,0.13365672989970162,0.3401757613534019,0.0305,0.001
162.0,0.26189484766551424,0.2557802512532189,0.06114578726036208,-0.27769453823566437,-0.28403302282094955,0.06338480859994888,0.10310199572926476,0.28381481837658656,0.031,0.001
163.0,-0.9623650127933139,-0.9685576643262591,0.061926517280794326,6.63577127456665,6.629641979932785,0.06129205971956253,0.13611491875989096,0.34386639367966426,0.0315,0.001
164.0,0.15306702220723742,0.14635208617186263,0.0671494250141439,-0.9405597746372223,-0.9467089623212814,0.061492154374718666,0.10331214769255548,0.273275559147199,0.032,0.001
165.0,-1.1271428238777887,-1.13325282789412,0.06109996565750667,-0.9886749535799026,-0.9946120232343674,0.05937091959640384,0.1317629391948382,0.3492459690287,0.0325,0.001
166.0,-0.909292588631312,-0.9160204927126566,0.067279057488555,0.7326778098940849,0.7255849987268448,0.07092754635959864,0.10204289942270234,0.26194648160820916,0.033,0.001
167.0,-0.7359777185178938,-0.7437018915301278,0.07724167814566976,-0.7756020724773407,-0.7824030965566635,0.06801027990877628,0.13672152764740444,0.33392502793243956,0.0335,0.001
168.0,-0.8772757124333155,-0.886156100602377,0.08880387104692913,-0.8754999116063118,-0.8840108066797256,0.08510912396013737,0.12032386536399524,0.27275836787053515,0.034,0.001
169.0,-1.0200772100970859,-1.0266523999827248,0.06575191890199979,-0.9797715246677399,-0.9868212193250656,0.07049728650599718,0.12773591492857253,0.28924609294959475,0.034499999999999996,0.001
170.0,-1.135630420985676,-1.1427507577907472,0.0712032596625033,-0.633578822016716,-0.6406974047422409,0.07118590734899044,0.09597306485686984,0.2792966990243821,0.034999999999999996,0.001
171.0,-0.9874720814682189,-0.9942084465708051,0.06736355966755322,-0.5415034964680672,-0.5477679073810577,0.0626441896893084,0.15154663225015005,0.33339780214286985,0.0355,0.001
172.0,-1.16585550563676,-1.172168968688874,0.0631347160254206,-0.948545053601265,-0.9551984369754791,0.06653386168181896,0.0990558656908217,0.2835879588410968,0.036,0.001
173.0,-0.629556003071013,-0.6374887540226891,0.07932734737793605,0.04208330810070038,0.03510984778404236,0.06973477266728878,0.14034083450124377,0.3049355958189283,0.0365,0.001
174.0,-0.5844542483488718,-0.5910489757855734,0.06594723019571531,0.2728959023952484,0.2658388018608093,0.07057092525064945,0.10598977052030109,0.28704514922130675,0.037,0.001
175.0,-0.2396769853574889,-0.24696765130474455,0.07290657822574888,-0.8586948812007904,-0.8651865050196648,0.0649163257330656,0.1318866383461725,0.30002716680367786,0.037500000000000006,0.001
176.0,-1.1985191660267966,-1.2054299896671659,0.06910822309908413,-0.9403668195009232,-0.9479601681232452,0.07593356631696224,0.10664516137469382,0.2747064857255845,0.038000000000000006,0.001
177.0,-1.058059614329111,-1.0662706820737748,0.08211068347806022,0.30813705176115036,0.300862580537796,0.07274455297738314,0.12738605429019248,0.28992395173935664,0.038500000000000006,0.001
178.0,-0.9892889396065757,-0.9972183938537326,0.07929450841177077,-0.8042988330125809,-0.811163455247879,0.06864607287570834,0.10741611037935529,0.24349517765499296,0.03900000000000001,0.001
179.0,-1.0481199891794295,-1.0552557791982378,0.07135787056315512,-0.9540475234389305,-0.9606232643127441,0.06575706321746111,0.13542115510929198,0.32304608821868896,0.03950000000000001,0.001
180.0,-1.213082379883244,-1.2202269427833103,0.07144565241677421,-0.9236800670623779,-0.9313604980707169,0.07680407725274563,0.0979359582776115,0.2481565521586509,0.04000000000000001,0.001
181.0,-0.5470754179571357,-0.5552920111942858,0.08216578389207523,0.056040480732917786,0.048917099833488464,0.07123373169451952,0.1346306407025882,0.3013668322847003,0.04050000000000001,0.001
182.0,-0.3591451446215312,-0.36638495467958,0.0723980184467066,-0.5712842792272568,-0.5787143409252167,0.07430063374340534,0.09905891422004927,0.2567236909554118,0.041,0.001
183.0,-0.7923462121259599,-0.8002761815275464,0.07929969969249907,-0.8499566912651062,-0.8565380722284317,0.06581353675574064,0.13718314859129133,0.297471427491733,0.0415,0.001
184.0,-1.0156943102677662,-1.0227603004092263,0.07065982495745023,-0.9742602705955505,-0.981380894780159,0.07120660971850157,0.10112770522634189,0.26117111423185896,0.042,0.001
185.0,-1.1543513153280531,-1.1620854706991286,0.0773416997066566,-1.0446074604988098,-1.0516481846570969,0.07040716428309679,0.133175943224203,0.3048353904769534,0.0425,0.001
186.0,-1.3136948006493705,-1.3211981327760787,0.07503320702484675,-1.0296131074428558,-1.0372828841209412,0.07669762894511223,0.09872008558540117,0.24101075671968006,0.043000000000000003,0.001
187.0,-1.207450040749141,-1.215328071798597,0.07878019660711288,-0.92512147128582,-0.9318896681070328,0.06768198776990175,0.12655060241619745,0.2900625410534087,0.043500000000000004,0.001
188.0,-1.319066625265848,-1.3265621520224071,0.07495514072832607,-1.046068236231804,-1.0534304678440094,0.07362269423902035,0.0980825074726627,0.24493899054470517,0.044000000000000004,0.001
189.0,-1.3227891652357011,-1.330597861182122,0.07808686065531913,-1.0976502448320389,-1.1047302931547165,0.07080033328384161,0.13075339652243115,0.28741987191495444,0.044500000000000005,0.001
190.0,-0.8012328062738691,-0.8086843916348049,0.07451571861193293,-0.7563400566577911,-0.7633012980222702,0.06961244344711304,0.10401677020958491,0.25977168125765665,0.045000000000000005,0.001
191.0,-0.6209409350440616,-0.6286548929555076,0.07713958887117249,-1.007262110710144,-1.014023333787918,0.06761233974248171,0.12944469920226506,0.27519510970229194,0.045500000000000006,0.001
192.0,-1.367668872787839,-1.3747934855165935,0.07124622166156769,2.5043328255414963,2.4975575357675552,0.06775211170315742,0.10328036458009765,0.2692309632187798,0.046000000000000006,0.001
193.0,1.108677693775722,1.1007414204733712,0.07936269435144606,-1.0565177947282791,-1.0636092722415924,0.0709147872403264,0.12590765740190232,0.2564468543444361,0.04650000000000001,0.001
194.0,-1.319490624325616,-1.3269584207307725,0.07467798232322648,-1.0448759198188782,-1.0514399111270905,0.06563986837863922,0.10940876904697645,0.26877642884140923,0.047,0.001
195.0,-1.2684181673186166,-1.2756508815856207,0.07232724431724775,-0.37993508763611317,-0.3869232926517725,0.06988204643130302,0.11238459000984828,0.2631063773518517,0.0475,0.001
196.0,-0.47832594953832175,-0.4872803496462958,0.0895441197568462,-0.39066511020064354,-0.3987705986946821,0.08105489425361156,0.12378191806021191,0.26346160542397273,0.048,0.001
197.0,-0.9039419811396372,-0.9116347836596626,0.0769280463102318,-0.625960685312748,-0.6330544054508209,0.07093717902898788,0.12288745528175718,0.29035194785822005,0.0485,0.001
198.0,-1.0839995387054624,-1.091628692689396,0.07629162268269629,-0.9875436425209045,-0.9951859414577484,0.0764231663197279,0.09729858807155065,0.23156150430440903,0.049,0.001
199.0,-1.2498442757697332,-1.258576200121925,0.08731931377024878,-0.4206533692777157,-0.42776236683130264,0.07109008263796568,0.1400612255647069,0.2906332051470166,0.0495,0.001
200.0,-0.6920747742766425,-0.6997617454755873,0.07686967526872952,-1.0672220885753632,-1.0746819972991943,0.07459896057844162,0.10993813368536177,0.24521390526067643,0.05,0.001
201.0,-1.3517092267672222,-1.3604872936294192,0.08778063402999015,-0.9763838946819305,-0.983816847205162,0.07432946749031544,0.11463156981127602,0.2662638688371295,0.0505,0.001
202.0,-1.3725589854376656,-1.38031405210495,0.07755062817817643,-1.1383748799562454,-1.1458385586738586,0.07463670987635851,0.12420261083614259,0.2621436828658694,0.051000000000000004,0.001
203.0,-1.3632011768363772,-1.3714775897207714,0.08276414888955298,-1.1017688363790512,-1.1096662431955338,0.07897418271750212,0.0986412192384402,0.23361433155479885,0.051500000000000004,0.001
204.0,-1.4189213542711168,-1.426887408608482,0.07966065655152003,-1.0883195102214813,-1.0946248322725296,0.06305336626246572,0.1306897330851782,0.2919212508769262,0.052000000000000005,0.001
205.0,-1.0961217000370933,-1.1038548378717332,0.07733148336410522,-0.980145275592804,-0.9879158586263657,0.07770574279129505,0.0984238852702436,0.22798290529421397,0.052500000000000005,0.001
206.0,-0.8620017625036693,-0.8703881189936683,0.08386363443874177,-0.9746062457561493,-0.9812684059143066,0.06662180833518505,0.1430092794554574,0.3074759642283122,0.053000000000000005,0.001
207.0,-1.444471538066864,-1.4523078387691861,0.07836301376422246,-0.9129932075738907,-0.9210261851549149,0.08032978512346745,0.09978106245398521,0.22885638014191673,0.053500000000000006,0.001
208.0,-1.3446004702931358,-1.3529391813845861,0.0833872031597864,-0.7893489748239517,-0.7963131964206696,0.0696420120075345,0.13951403079997926,0.2996809134880702,0.054000000000000006,0.001
209.0,-1.3639344388530368,-1.3719414075215657,0.08006968225042026,-1.0642435103654861,-1.0723155587911606,0.08072019927203655,0.10289955990655082,0.23859415167853945,0.05450000000000001,0.001
210.0,-1.3630100204831077,-1.3715351067838215,0.08525092970757257,-1.054968148469925,-1.0623068809509277,0.07338741235435009,0.13095002018270038,0.2760673264662425,0.05500000000000001,0.001
211.0,-1.451167181843803,-1.459368394953864,0.08201207912393979,-0.9110676199197769,-0.9191032648086548,0.08035621233284473,0.10683215232122512,0.24291375989005679,0.05550000000000001,0.001
212.0,-1.3008891017664046,-1.3095188779490334,0.08629778612937246,-1.104255810379982,-1.1121785342693329,0.07922731805592775,0.12265550061350777,0.26260013700950713,0.05600000000000001,0.001
213.0,-1.351471172202201,-1.3601467332669668,0.08675565233542806,-0.5134575366973877,-0.5216399058699608,0.08182371035218239,0.10565361025787535,0.2406228972332818,0.056499999999999995,0.001
214.0,-0.8392821976116726,-0.847881209282648,0.08598997053645906,-0.5690814107656479,-0.5763696581125259,0.0728823971003294,0.13135296957833426,0.2772125261170523,0.056999999999999995,0.001
215.0,-0.9948716986747015,-1.0031332231703258,0.08261516441901524,-0.5425603315234184,-0.550569161772728,0.0800882950425148,0.11494138180499985,0.26017826795578003,0.057499999999999996,0.001
216.0,-0.9305395384629568,-0.9399998585383097,0.09460313635922614,-1.0758224353194237,-1.0850575640797615,0.09235134813934565,0.12112848744505927,0.24085504987410136,0.057999999999999996,0.001
217.0,-1.4207652239572435,-1.429617580913362,0.08852361887693405,-0.9030997008085251,-0.9108794778585434,0.07779782731086016,0.12273101419920013,0.25628604491551715,0.058499999999999996,0.001
218.0,-1.214027103923616,-1.22251799986476,0.08490893830146108,-1.0954723358154297,-1.1035587638616562,0.08086441550403833,0.09514376095363072,0.2289159106356757,0.059,0.001
219.0,0.7324872456845783,0.7234786961759839,0.09008556267335302,-1.0745244324207306,-1.0824665576219559,0.07942141499370337,0.12925639890489124,0.25716141221069155,0.0595,0.001
220.0,-1.3730679828496206,-1.3819444952976137,0.08876515162133035,-1.1418035477399826,-1.149954691529274,0.0815112916752696,0.09996740076513518,0.23341468153964906,0.06,0.001
221.0,-1.439904598962693,-1.4487869583425068,0.08882352638812292,-1.0052952468395233,-1.012797474861145,0.07502228487282991,0.13590808248236066,0.2682470352876754,0.0605,0.001
222.0,-1.37589235107104,-1.384611652010963,0.08719308851730256,-0.8978955894708633,-0.9065338373184204,0.08638231921941042,0.10323422579538255,0.22950572414057596,0.061,0.001
223.0,-0.8699518385387602,-0.8791243930657705,0.0917253927105949,-0.7362738251686096,-0.7440815716981888,0.07807756029069424,0.13211093381756828,0.26901550378118244,0.0615,0.001
224.0,-0.61435723730496,-0.6233346121651786,0.08977381441564787,-1.0756560266017914,-1.083839163184166,0.08183164242655039,0.10548484449585278,0.22735498526266643,0.062,0.001
225.0,-1.3018898481414432,-1.311090199720292,0.09200350159690493,-0.960951954126358,-0.9687585383653641,0.0780661916360259,0.13035771995782852,0.2654933571105912,0.0625,0.001
226.0,-1.281766495534352,-1.290562893663134,0.0879638081505185,-0.27537137269973755,-0.28397540003061295,0.08604037761688232,0.11136353867394584,0.24446776225453332,0.063,0.001
227.0,-0.2521566351254781,-0.2615772469767502,0.09420615895873025,-1.0436145216226578,-1.052081659436226,0.08467104192823172,0.10974272606628281,0.22315819348607743,0.0635,0.001
228.0,-1.315465421903701,-1.3247637904825664,0.09298368720781236,-1.1724513620138168,-1.1796920746564865,0.0724070630967617,0.13341695566972098,0.28253852540538427,0.064,0.001
229.0,-1.3490043154784612,-1.3576387901391302,0.08634480443738755,-0.880637601017952,-0.8894104361534119,0.08772840350866318,0.09712306126242592,0.21147628447839192,0.0645,0.001
230.0,-1.463908307609104,-1.473282162632261,0.09373858180784043,-0.9152367413043976,-0.9230797216296196,0.07843002863228321,0.1370042406377338,0.27399463171050664,0.065,0.001
231.0,-1.0505827282156264,-1.0599617177531833,0.09378991559857414,-0.7879536151885986,-0.7960670292377472,0.08113415911793709,0.10559269963275819,0.21855723751442774,0.0655,0.001
232.0,-0.8334936371871403,-0.8430001224790301,0.09506482169741676,-1.1573000103235245,-1.164872094988823,0.07572118751704693,0.13020393908733413,0.267479548851649,0.066,0.001
233.0,-1.3292236654531389,-1.338210819022996,0.08987165756878399,-1.1522658616304398,-1.1608277261257172,0.08561864867806435,0.10046312461296718,0.20914565417028608,0.0665,0.001
234.0,-1.5048819794541313,-1.5140839857714516,0.09201995247886294,-1.1117551922798157,-1.1196904331445694,0.07935239560902119,0.12677064626699402,0.2574809115557444,0.067,0.001
235.0,-1.472202635946728,-1.4817083917912983,0.09505772803510938,-1.1315510720014572,-1.1401058286428452,0.08554738387465477,0.10703908510151364,0.22045755705663136,0.0675,0.001
236.0,-1.436311899196534,-1.4457099065184593,0.09398009042654719,-0.6223335713148117,-0.6302467510104179,0.0791317094117403,0.12429663822764442,0.2558396068357286,0.068,0.001
237.0,0.07297052088237944,0.0634552070072719,0.09515301741304852,-1.1648164987564087,-1.1740633100271225,0.09246830176562071,0.09923822574672245,0.20503721279757364,0.0685,0.001
238.0,-1.391157036735898,-1.4009200150058383,0.09762968300353914,-0.6210090517997742,-0.6291767582297325,0.08167704846709967,0.13233526281657673,0.25364661855357035,0.06899999999999999,0.001
239.0,-1.045715834413256,-1.0549115339914958,0.09195703658319655,-1.1223328858613968,-1.1308409422636032,0.0850808136165142,0.10082430498940605,0.21610779528106963,0.06949999999999999,0.001
240.0,-1.0948356714188343,-1.104486964864745,0.09651303433236622,-1.1754605025053024,-1.183729499578476,0.08268992509692907,0.13029420659655616,0.25182605925060453,0.06999999999999999,0.001
241.0,-1.2315236032009125,-1.24099124897094,0.09467655171950658,-1.1144706159830093,-1.1237546503543854,0.09284048806875944,0.1011391051468395,0.21284097255695433,0.0705,0.001
242.0,-1.3354624481428237,-1.3450729378632136,0.09610488336710703,1.1697466373443604,1.1618825197219849,0.07864164654165506,0.12798422574996948,0.25457939576535,0.071,0.001
243.0,-0.9758560629118056,-0.9851717367058709,0.09315671275059383,-0.9363562911748886,-0.9460146725177765,0.09658371843397617,0.1028917133808136,0.21236695881400788,0.0715,0.001
244.0,-0.7705056241580418,-0.7803847207909539,0.09879115897984732,0.7056241035461426,0.6973548531532288,0.08269304223358631,0.12775637635162898,0.24621812857332684,0.072,0.001
245.0,-1.2229618997800917,-1.232668169907161,0.09706272255806696,-1.1127160787582397,-1.1220134794712067,0.09297393169254065,0.10254462755152158,0.21749948745682127,0.0725,0.001
246.0,-1.3539626513208662,-1.3638315144039335,0.09868863615251723,1.4700075536966324,1.4622115045785904,0.07796097546815872,0.12386925092765264,0.24357022699855624,0.073,0.001
247.0,4.826254838988895,4.816571549290702,0.09683361614034289,-1.113002449274063,-1.1221611499786377,0.0915868766605854,0.10345097755392392,0.2116326657789094,0.0735,0.001
248.0,-1.5471137903985523,-1.557340654588881,0.10226849927788689,-0.19445939362049103,-0.20359070226550102,0.09131309669464827,0.12327549996830169,0.2323565688871202,0.074,0.001
249.0,-1.2167880492550986,-1.2271614528837658,0.10373418778181076,-1.0847721546888351,-1.0952924340963364,0.10520252492278814,0.10136133893614724,0.20186996601876758,0.0745,0.001
250.0,-0.8386075525056749,-0.8498113595304035,0.11203828312101818,-1.0156227499246597,-1.0243248641490936,0.08702105842530727,0.1404163890651294,0.25902377920491354,0.07500000000000001,0.001
251.0,-1.2022816737492878,-1.2120043805667333,0.09722716680594853,4.572915439493954,4.563307412434369,0.09608043171465397,0.11814910563684645,0.2353514823175612,0.07550000000000001,0.001
252.0,-0.16338607633397692,-0.17426764219999313,0.10881568420500982,-1.0397119224071503,-1.0489949733018875,0.09283026028424501,0.11374417284414881,0.21648649445601872,0.07600000000000001,0.001
253.0,-1.273894853180363,-1.2841975774083818,0.10302721176828657,-1.201089084148407,-1.2097865641117096,0.0869748592376709,0.125846395889918,0.24145265349320003,0.07650000000000001,0.001
254.0,-1.5000794586681185,-1.5097848304680415,0.09705384962615513,-1.20413538813591,-1.2131216675043106,0.08986285980790854,0.09888416564180738,0.2063770844113259,0.07700000000000001,0.001
255.0,-1.3477889810289656,-1.3580364187558491,0.10247438436462766,0.253837987780571,0.24639537930488586,0.07442597765475512,0.13345696244921004,0.2590337803676015,0.07750000000000001,0.001
256.0,0.1421883021082197,0.13202598974818275,0.10162318746248881,-1.205717772245407,-1.2149274200201035,0.09209646191447973,0.10701362167795499,0.21109399164006823,0.07800000000000001,0.001
257.0,-1.540967223190126,-1.5514266278062547,0.10459408625250771,-1.1881393045186996,-1.1971103847026825,0.0897106509655714,0.12046754076367333,0.24029217199200675,0.07850000000000001,0.001
258.0,-1.4272582587741671,-1.4382388378892625,0.1098059153272992,-1.030412957072258,-1.0399302244186401,0.09517231211066246,0.12012719983855884,0.20495393730345227,0.07900000000000001,0.001
259.0,-1.4553046496141524,-1.4661932445707775,0.10888606664680299,-1.1743727028369904,-1.1842431873083115,0.09870502352714539,0.10668444136778514,0.2178303287142799,0.07950000000000002,0.001
260.0,-1.5178049277691614,-1.5288995986893064,0.11094678796473004,-1.1917583346366882,-1.2008772194385529,0.09118872880935669,0.12031908173646245,0.22354121257861456,0.08000000000000002,0.001
261.0,-1.447776151554925,-1.45915949344635,0.11383337421076638,-1.1800936311483383,-1.1914176940917969,0.11324067041277885,0.10571158375768434,0.20178708221231187,0.08050000000000002,0.001
262.0,-1.3224440431665807,-1.3341340190243154,0.1168996241121065,-0.9292176142334938,-0.9385721236467361,0.09354479890316725,0.13483843260577746,0.23906178630533673,0.08100000000000002,0.001
263.0,-1.5589717555613745,-1.569538502466111,0.10566744243814832,-1.2354662865400314,-1.2458704262971878,0.10404162481427193,0.11167045629450253,0.20824531749600456,0.0815,0.001
264.0,-1.4450156603540694,-1.4566522595428286,0.11636599969296228,-0.5525138527154922,-0.5619096606969833,0.09395806211978197,0.12746809724540936,0.22829490225939525,0.082,0.001
265.0,-0.5865790176959265,-0.597450486251286,0.10871467313596181,-0.7248874306678772,-0.7353410422801971,0.10453610680997372,0.10778585431121644,0.2113619585122381,0.0825,0.001
266.0,-1.1472995653748512,-1.1596363153131235,0.12336747703098115,-1.0744703263044357,-1.08501435816288,0.10544056538492441,0.1265476191682475,0.22188601252578555,0.083,0.001
267.0,-1.251536761011396,-1.2626890809763045,0.11152328302462895,-0.9292381107807159,-0.9391946792602539,0.09956579841673374,0.11763045369159608,0.2156652087966601,0.0835,0.001
268.0,-1.3682542794517107,-1.3792815457674719,0.11027256896098454,-1.1799214035272598,-1.189488708972931,0.095673106610775,0.10344400930972326,0.2106231546827725,0.084,0.001
269.0,-1.2633764786379678,-1.2748020149412609,0.11425544463452839,-1.000441588461399,-1.0102693736553192,0.09827759210020304,0.1293200378616651,0.23738783243156614,0.0845,0.001
270.0,-1.3849175302755266,-1.3959922464120955,0.11074742603869665,0.31254224479198456,0.302307665348053,0.10234592296183109,0.10747543882046427,0.19530378211112248,0.085,0.001
271.0,0.22903556625048319,0.2175353921595074,0.11500167172579538,-0.8899850994348526,-0.8993319272994995,0.09346819948405027,0.12635491628732,0.23143824154422396,0.0855,0.001
272.0,-0.9569224410113835,-0.9684209802321025,0.1149853514063926,-1.1521378010511398,-1.1627974808216095,0.10659666080027819,0.09887017522539411,0.18757642947492145,0.08600000000000001,0.001
273.0,-1.5414479303927648,-1.5531508511021024,0.11702926669801984,-1.1978548467159271,-1.2070751935243607,0.09220367670059204,0.13939678935067995,0.24767757952213287,0.08650000000000001,0.001
274.0,-1.5252811596507119,-1.5362474464234852,0.10966288369326364,-1.2308989763259888,-1.2419566363096237,0.11057668644934893,0.1100126611334937,0.19782216598590216,0.08700000000000001,0.001
275.0,-1.287578118787635,-1.2994125010002227,0.11834374176604408,-1.2197850495576859,-1.2293676137924194,0.09582569822669029,0.1260139425950391,0.23452955661785035,0.08750000000000001,0.001
276.0,-1.2639835803281694,-1.275328196939968,0.11344621436936515,-1.242791011929512,-1.2528620958328247,0.10071066673845053,0.11175414955332166,0.19962911698080243,0.08800000000000001,0.001
277.0,-1.5944816626253582,-1.6055481277761006,0.11066465434573945,-0.3994242959888652,-0.4092915003420785,0.09867200814187527,0.12466828578284808,0.2297646389121101,0.08850000000000001,0.001
278.0,-1.0474003156026204,-1.0588366836309433,0.1143637980733599,-1.204752966761589,-1.214784875512123,0.10031903441995382,0.10585851027142434,0.19121202507189342,0.08900000000000001,0.001
279.0,-1.3652096390724182,-1.3765978869937716,0.11388260764735085,-0.8083429299294949,-0.817284569144249,0.08941633813083172,0.13092963610376632,0.24140617819059462,0.08950000000000001,0.001
280.0,-1.387836068868637,-1.399354860896156,0.11518787486212594,-1.1889493763446808,-1.19979789853096,0.10848514828830957,0.10161897806184632,0.18301348246279217,0.09000000000000001,0.001
281.0,-1.3915991243861972,-1.40404859043303,0.1244946342139017,-0.8759652227163315,-0.8862986862659454,0.10333459544926882,0.1419548417131106,0.2437904633226849,0.09050000000000001,0.001
282.0,-1.4259754916032155,-1.4380107380094982,0.12035247399693444,-1.1805697232484818,-1.1917229294776917,0.11153223179280758,0.10781690123535338,0.19174365131627946,0.09100000000000001,0.001
283.0,-1.5663335890997023,-1.5785359683490934,0.1220238928993543,-1.1940054446458817,-1.2039921432733536,0.09986667707562447,0.12714892927379834,0.22480105005559467,0.09150000000000001,0.001
284.0,-1.3127283184301286,-1.3251804184345972,0.12452094860020138,-1.2425879836082458,-1.2537320107221603,0.11144054029136896,0.10705071687698364,0.1902845629623958,0.09200000000000001,0.001
285.0,-1.636941440048672,-1.6490573684374492,0.12115923599118278,-1.0156643092632294,-1.0258314833045006,0.10167174879461527,0.12399216883239292,0.2206111348101071,0.09250000000000001,0.001
286.0,-1.186549457765761,-1.198654672929219,0.12105219491890498,-1.236365020275116,-1.2473735511302948,0.11008496768772602,0.11196064363632884,0.19612357765436172,0.09300000000000001,0.001
287.0,-1.2148319553761255,-1.2271640719402404,0.1233212784642265,-1.143664836883545,-1.1548651307821274,0.11200286913663149,0.11732030358342897,0.21030483607734954,0.09350000000000001,0.001
288.0,-1.3324704397292364,-1.3446653087933857,0.12194858491420746,-1.174660325050354,-1.1844194680452347,0.09759131725877523,0.12937732537587485,0.21970877051353455,0.094,0.001
289.0,-1.0873294614610218,-1.098600827512287,0.1127134831178756,-0.923353299498558,-0.9349800050258636,0.11626689042896032,0.10959512704894656,0.1958086643190611,0.0945,0.001
290.0,-1.605853490886234,-1.6189151094073342,0.13061622281869253,-1.2031636834144592,-1.2138156592845917,0.10651972703635693,0.13055470461646715,0.22610223151388623,0.095,0.001
291.0,-1.21528164545695,-1.2269633745863324,0.11681743888627916,-0.6177933514118195,-0.6283882707357407,0.10594924539327621,0.10603017856677373,0.19050648027942294,0.0955,0.001
292.0,-1.262507628826868,-1.2745991874308813,0.1209155757512365,-1.2011869102716446,-1.2113428264856339,0.10155915096402168,0.12654878908679598,0.2147556199204354,0.096,0.001
293.0,-0.7026954039576507,-0.7154193055771646,0.12723916804506666,-1.2200545370578766,-1.2312541157007217,0.11199591401964426,0.10735441247622173,0.19401034322522936,0.0965,0.001
294.0,-1.4819424663271223,-1.4945817802633559,0.12639309501364118,-1.1878964751958847,-1.1981744319200516,0.10277964640408754,0.1394313077131907,0.22738006852921985,0.097,0.001
295.0,-1.4132209349246252,-1.424988709744953,0.11767754136096864,-0.9209478199481964,-0.9322256445884705,0.11277845688164234,0.10841773680987812,0.19186006770247505,0.0975,0.001
296.0,-1.4546256689798265,-1.4679236284324102,0.13297950405450093,0.02251504361629486,0.011481881141662598,0.11033144406974316,0.1330246077406974,0.22548443114473707,0.098,0.001
297.0,0.8205741842587789,0.8080984013421195,0.1247580416855358,-1.152548760175705,-1.164441078901291,0.11892307735979557,0.1048576526698612,0.18575329191627957,0.0985,0.0005
298.0,-1.550159935440336,-1.5629706382751465,0.128106988966465,0.718766912817955,0.7078960090875626,0.10870909783989191,0.1303794745888029,0.21855480401288896,0.099,0.0005
299.0,-1.5797743499279022,-1.5921803088415236,0.12405935462032046,-1.1010712236166,-1.1121114939451218,0.11040238849818707,0.11454612743996438,0.19825386717205956,0.0995,0.0005
300.0,-1.668144316900344,-1.6809685159297216,0.1282421364670708,-1.2174939215183258,-1.2291237860918045,0.11629838682711124,0.11024328055126327,0.19566933704274042,0.1,0.0005
301.0,-1.5425192729703017,-1.5556808472389267,0.1316157036593982,-1.2595410495996475,-1.2712018340826035,0.11660774424672127,0.11941790563010034,0.19829443842172623,0.1,0.0005
302.0,-1.4012985896496546,-1.4142868156944002,0.1298822678980373,-0.9573002010583878,-0.9691354781389236,0.11835276894271374,0.11252341809726897,0.1969361166868891,0.1,0.0005
303.0,-1.6599842615070797,-1.6729526938427062,0.12968439821686065,-1.2857897877693176,-1.2971190959215164,0.1132928654551506,0.11779457650014333,0.19961193239405042,0.1,0.0005
304.0,-1.5732733039628892,-1.5858892982914334,0.12616005007709777,-0.9709451496601105,-0.9828816503286362,0.11936538014560938,0.11408015145432382,0.198420555463859,0.1,0.0005
305.0,-1.6049491734731764,-1.6181930289382027,0.1324386295108568,-1.2751970291137695,-1.28620745241642,0.11010440718382597,0.1163328964085806,0.2026978170587903,0.1,0.0005
306.0,-1.6599805993693215,-1.6725000540415447,0.12519459071613492,-1.0892419070005417,-1.1006722152233124,0.11430325545370579,0.1164562368676776,0.1990075877734593,0.1,0.0005
307.0,-1.6955914539950234,-1.7083406987644376,0.12749257328964414,-0.17427775263786316,-0.18628057837486267,0.12002838589251041,0.11119169937003226,0.19378291212377094,0.1,0.0005
308.0,-1.6384202802465075,-1.6518241465091705,0.13403868817147754,-1.2774886041879654,-1.2892806679010391,0.1179204024374485,0.11906839126632326,0.20699753505843027,0.1,0.0005
309.0,-1.7151851512136913,-1.7281363776751928,0.12951242072241648,-0.9920376837253571,-1.0038195699453354,0.1178186135366559,0.11025834509304591,0.1903594732284546,0.1,0.0005
310.0,-1.7408919774350666,-1.754277914762497,0.13385940591494241,-1.135905995965004,-1.1476589888334274,0.11753001995384693,0.1171691772483644,0.20593668626887457,0.1,0.0005
311.0,-1.7039161352884202,-1.716979871193568,0.13063721571649825,-1.0532211512327194,-1.065100535750389,0.11879363190382719,0.10995910990805853,0.187247633934021,0.1,0.0005
312.0,-1.5929870250679197,-1.6064147324789138,0.1342769960562388,-1.2852075695991516,-1.296589970588684,0.1138242008164525,0.11759902483650617,0.2017902373557999,0.1,0.0005
313.0,-1.682191496803647,-1.6950035251322246,0.1281202169401305,-1.1064145117998123,-1.1187808215618134,0.12366288900375366,0.11201030512650807,0.19075641497260049,0.1,0.0005
314.0,-1.7006698037896837,-1.7141352899017788,0.13465491575854166,-1.2314109206199646,-1.2433447539806366,0.11933849193155766,0.11845072341107186,0.20359160609188534,0.1,0.0005
315.0,-1.716970870892207,-1.7296512652011145,0.12680397679408392,-0.7737086564302444,-0.786133199930191,0.12424549832940102,0.11079676165467217,0.1912961137436685,0.1,0.0005
316.0,-1.5310211366131192,-1.5443641600154696,0.13343025069861186,-1.2694821506738663,-1.2814460843801498,0.11963936407119036,0.11675821812379927,0.19673534837507067,0.1,0.0005
317.0,-1.6129370104698908,-1.6257708328110831,0.1283381932548114,-1.0556756854057312,-1.067625343799591,0.11949628032743931,0.11372095452887672,0.19548719518241428,0.1,0.0005
318.0,-1.6725727646123796,-1.685957284200759,0.13384514443931125,-0.9235030561685562,-0.9353575855493546,0.11854516621679068,0.1158580971615655,0.19732946973471416,0.1,0.0005
319.0,-1.682970173302151,-1.6957382630734217,0.12768090551807768,-0.958601251244545,-0.9712732881307602,0.12672055512666702,0.1130197002064614,0.19380870355027063,0.1,0.0005
320.0,-1.6580563570771898,-1.6721624221120561,0.14106065850882304,-1.2076493501663208,-1.2199641466140747,0.12314818426966667,0.11633637653929847,0.19787706079937162,0.1,0.0005
321.0,-1.5459659511134738,-1.5589544531844912,0.12988500545422235,-0.9722857177257538,-0.9839939773082733,0.11708230338990688,0.11971986542145412,0.2007006240032968,0.1,0.0005
322.0,-1.5856108026845115,-1.598689962001074,0.13079160487367994,-1.2723731100559235,-1.2843724936246872,0.11999400332570076,0.10823965817689896,0.18701605853580294,0.1,0.0005
323.0,-1.6993500263918013,-1.7126712231408983,0.13321215269111453,-1.3059859424829483,-1.317620575428009,0.11634603329002857,0.11774262076332456,0.20450829608099802,0.1,0.0005
324.0,-1.4701111515363057,-1.4831300207546778,0.13018875533626192,-0.9741924554109573,-0.9864868223667145,0.12294348888099194,0.10829759460119974,0.18471422826959974,0.1,0.0005
325.0,-1.6198763251304626,-1.6332669925122034,0.1339066213085538,-1.2797785252332687,-1.2918987721204758,0.12120237294584513,0.11840080664980979,0.20060421384516217,0.1,0.0005
326.0,-1.7385456491084326,-1.7517725953033991,0.13226947649603799,-1.0921005755662918,-1.104067474603653,0.11966933123767376,0.11027186576809202,0.1853734932485081,0.1,0.0005
327.0,-1.4606034457683563,-1.4739163425706683,0.1331289481549036,-1.1090235859155655,-1.1212726831436157,0.12249096855521202,0.11773806100799925,0.2015968075110799,0.1,0.0005
328.0,-1.6830024520556133,-1.6956308909824915,0.12628438501130967,-1.102322667837143,-1.114282488822937,0.11959844548255205,0.10924998865950675,0.18556080226387298,0.1,0.0005
329.0,-1.6917250426042647,-1.7051058354831876,0.13380813137406394,-1.2880449146032333,-1.300031766295433,0.11986857187002897,0.11743859290367081,0.2011979612566176,0.1,0.0005
330.0,-1.756033372311365,-1.7691018013727098,0.13068451058296932,-1.089405283331871,-1.1018343716859818,0.12429066468030214,0.10916809932816596,0.18673407215447652,0.1,0.0005
331.0,-1.7458074930168332,-1.759300478867122,0.13492975383996964,-1.118939071893692,-1.1310883909463882,0.12149329949170351,0.11861893037954967,0.20446229655118214,0.1,0.0005
332.0,-1.6355613995166052,-1.6487857557478405,0.13224353818666368,-1.2929212301969528,-1.3052346110343933,0.12313347589224577,0.1111279074989614,0.1881189321478208,0.1,0.0005
333.0,-1.7135958515462422,-1.7267968342417763,0.13200974961121878,-1.1976665556430817,-1.2093510776758194,0.11684533674269915,0.11741948358359791,0.19892901962711698,0.1,0.0005
334.0,-1.6852203423068637,-1.6983475614161718,0.13127228724105017,-0.9875290989875793,-1.0002199113368988,0.12690830789506435,0.11235439777374268,0.19112316270669302,0.1,0.0005
335.0,-1.162298824105944,-1.175692847796849,0.13394042743103846,-1.2858200371265411,-1.2977863997220993,0.11966384388506413,0.11379120747248332,0.1961393743043854,0.1,0.0005
336.0,-1.7595260398728507,-1.772495570636931,0.1296953558921814,-1.2977536618709564,-1.3102706521749496,0.12516968790441751,0.11126329838520005,0.19369002821899595,0.1,0.0005
337.0,-1.6497584645237242,-1.66326619046075,0.13507729591358275,-0.7013148367404938,-0.713422030210495,0.12107179593294859,0.11420646558205287,0.19735402401004518,0.1,0.0005
338.0,-1.4538351439294361,-1.4665025571982067,0.1266743288863273,-0.9933314770460129,-1.005380928516388,0.12049449048936367,0.11092619047988028,0.1923153173355829,0.1,0.0005
339.0,-1.7342899356569563,-1.7472911051341466,0.1300116969006402,-1.261753961443901,-1.27323479950428,0.11480808723717928,0.11673137918114662,0.1984971779442969,0.1,0.0005
340.0,-1.360546234108153,-1.3731490870316823,0.12602842315321877,-1.265617921948433,-1.2778693288564682,0.1225137822329998,0.10873358253212202,0.18871560976618812,0.1,0.0005
341.0,-1.055189930257343,-1.06892491877079,0.13734984965551467,-1.1472771614789963,-1.1595023423433304,0.12225171737372875,0.11582432084140323,0.19890369403929936,0.1,0.0005
342.0,-1.6892440418402355,-1.7017382931496416,0.1249425932765007,-1.1249294579029083,-1.1366662383079529,0.11736778449267149,0.1126022892338889,0.19375635789973394,0.1,0.0005
343.0,-1.415768216053645,-1.4289380879629225,0.13169857150032407,0.734735518693924,0.7228702008724213,0.11865319311618805,0.11365926017363866,0.19371980357737767,0.1,0.0005
344.0,0.2749178409576416,0.2622271577517192,0.12690667311350504,-1.0799977630376816,-1.0919494703412056,0.11951698735356331,0.11489681615715935,0.19753415563276835,0.1,0.00025
345.0,-1.338190020549865,-1.3517526530084156,0.1356261833792641,-1.2490809857845306,-1.2615733593702316,0.12492405623197556,0.1096835324452037,0.18912273538964136,0.1,0.00025
346.0,-1.6479266399428958,-1.6608686035587674,0.1294196279985564,-0.9979137182235718,-1.0098482221364975,0.11934516858309507,0.11539342147963387,0.1976305398912657,0.1,0.00025
347.0,-1.7877001620474315,-1.8006828654380072,0.12982700765132904,-1.3095416873693466,-1.3216044455766678,0.12062746100127697,0.11143972387626058,0.1898761483884993,0.1,0.00025
348.0,-1.742706767150334,-1.7555929337229048,0.12886168736787068,-1.0017577558755875,-1.0141756534576416,0.12417927850037813,0.10997181864721435,0.18999484749067397,0.1,0.00025
349.0,-1.7494430772605396,-1.762369686648959,0.12926622586590902,-1.3068822026252747,-1.3189563304185867,0.12074124533683062,0.11196571748171534,0.19290771228926523,0.1,0.00025
350.0,-1.7721139873777116,-1.7853342181160337,0.13220227048510597,-1.1467865109443665,-1.159129872918129,0.12343370262533426,0.11252876105053085,0.19246183477696918,0.1,0.00025
351.0,-1.8035132061867487,-1.816449142637707,0.12935941134180343,-1.1838169991970062,-1.1960510909557343,0.12234109360724688,0.1124008008766742,0.19388252070971898,0.1,0.00025
352.0,-1.8129291875021798,-1.8261550608135404,0.1322587096974963,-1.1575961112976074,-1.170127972960472,0.1253188494592905,0.11056283950096085,0.19170901534103213,0.1,0.00025
353.0,-1.7867784074374609,-1.8000388996941703,0.13260501161927268,-1.1922918111085892,-1.204725295305252,0.12433465383946896,0.11166920282301449,0.19480162610610327,0.1,0.00025
354.0,-1.7775700503871554,-1.7908093475160145,0.1323929624188514,-1.314847156405449,-1.3271155208349228,0.1226836210116744,0.10924827963823364,0.18989438031400954,0.1,0.00025
355.0,-1.6898735477810813,-1.7032031416893005,0.13329587486528216,-1.1513670980930328,-1.1637585014104843,0.1239140871912241,0.11312715868864741,0.196856408956505,0.1,0.00025
356.0,-1.7895240570817674,-1.8025996316046942,0.13075583747455052,-1.2504060566425323,-1.262541338801384,0.12135270051658154,0.11078697868755885,0.1935375222847575,0.1,0.00025
357.0,-1.781315421774274,-1.7942847524370467,0.12969339248679934,-1.1121729761362076,-1.1244462579488754,0.12273294385522604,0.11152962098519008,0.19433726689645223,0.1,0.00025
358.0,-1.7930136720339458,-1.8061812349728175,0.13167563683929898,-1.2859917432069778,-1.2984882295131683,0.1249651238322258,0.11109733368669238,0.19375602617150262,0.1,0.00025
359.0,-1.6786756061372303,-1.6919828965550376,0.13307293504476547,-1.2433961778879166,-1.2559430599212646,0.1254687523469329,0.11043187763009753,0.1934459844515437,0.1,0.00025
360.0,-1.7488756719089689,-1.7619706832227253,0.1309501493260974,-0.8671888411045074,-0.87937031686306,0.12181455083191395,0.1114939751014823,0.19411405069487436,0.1,0.00025
361.0,-1.6972590798423404,-1.710206776857376,0.12947690735260645,-1.3071495592594147,-1.319456622004509,0.12307051382958889,0.11048662751203492,0.1907837681827091,0.1,0.00025
362.0,-1.8094581507501148,-1.822718171846299,0.1326001641296205,-1.1549605578184128,-1.16728276014328,0.12322221416980028,0.11320339693200021,0.19583907191242492,0.1,0.00025
363.0,-1.6992111035755701,-1.7121190627415974,0.1290794816755113,-1.2576327621936798,-1.2701107412576675,0.12478003464639187,0.1087691615379992,0.18891600093671254,0.1,0.00025
364.0,-1.5562574863433838,-1.5695892572402954,0.13331777708871023,-0.9779506772756577,-0.9903713166713715,0.12420627102255821,0.11161726890575319,0.19479797319287345,0.1,0.00025
365.0,-1.6429659582319713,-1.6557042314892723,0.12738295502605892,-1.2649700790643692,-1.277041032910347,0.12070940528064966,0.11004788020537012,0.1915860509588605,0.1,0.00025
366.0,-1.744457332860856,-1.757563402255376,0.13106065314440501,-1.1532002240419388,-1.1653721630573273,0.1217194264754653,0.11255501742873873,0.19620825811510995,0.1,0.00025
367.0,-1.7962025034995306,-1.8089459424927121,0.12743440625213442,-1.1573666483163834,-1.1696610152721405,0.12294382601976395,0.10956269378463428,0.19086079796155295,0.1,0.00025
368.0,-1.7397596275522595,-1.7530217280700093,0.1326208742601531,-1.1610296368598938,-1.1733990013599396,0.12369356490671635,0.11096619779155367,0.19584939983629046,0.1,0.00025
369.0,-1.765583743651708,-1.7784945113318307,0.12910779281741097,-1.1151209473609924,-1.1274455189704895,0.12324564158916473,0.11237068935519173,0.194451541418121,0.1,0.00025
370.0,-1.8253895044326782,-1.838468264965784,0.13078747476850236,-1.3126593232154846,-1.3249585777521133,0.12299252673983574,0.1101707982875052,0.19305422724712462,0.1,0.00025
371.0,-1.674288612036478,-1.6872150699297588,0.1292647428455807,-0.9418499618768692,-0.9543871581554413,0.12537159956991673,0.11138497488129706,0.19489541082155137,0.1,0.00025
372.0,-1.7357675830523174,-1.748981739793505,0.132141775673344,-1.305631160736084,-1.317854031920433,0.1222285982221365,0.11159366440205347,0.19652917626358213,0.1,0.00025
373.0,-1.8015242360887074,-1.8143455528077626,0.12821300327777863,-1.1556199491024017,-1.1677634418010712,0.12143504992127419,0.11094744237405914,0.1934466159769467,0.1,0.00025
374.0,-1.7687607989424752,-1.7815927323840914,0.12831935712269374,-1.2944010347127914,-1.3067101836204529,0.12309159059077501,0.11229652432458741,0.19623669094982601,0.1,0.00025
375.0,-1.8089306695120675,-1.8218616871606736,0.12931042732227416,-1.2311819195747375,-1.2434556782245636,0.12273760698735714,0.10966593435122854,0.19135880150965281,0.1,0.000125
376.0,-1.745391811643328,-1.7584950753620692,0.1310325623268173,-1.1533468961715698,-1.1657673567533493,0.12420458905398846,0.11186047838557334,0.19507088015476862,0.1,0.000125
377.0,-1.7596698573657445,-1.7725600827307928,0.12890226606811797,-1.2458327263593674,-1.257989078760147,0.12156350258737803,0.11001003640038627,0.19189640099094027,0.1,0.000125
378.0,-1.8394347117060708,-1.8523440957069397,0.12909393864018576,-1.154487133026123,-1.166803851723671,0.12316702026873827,0.11048368896756854,0.1939102876044455,0.1,0.000125
379.0,-1.7766624007906233,-1.7896185517311096,0.12956153246618451,-1.161362886428833,-1.1735451817512512,0.1218231413513422,0.1093558951147965,0.19247944865907943,0.1,0.000125
380.0,-1.8353808777672904,-1.8483426854723977,0.12961805363496146,-1.1519340723752975,-1.164173036813736,0.12238970026373863,0.11087302154018766,0.1934834679677373,0.1,0.000125
381.0,-1.8258038901147389,-1.8386202738398598,0.12816365417980013,-1.1622232496738434,-1.1744680851697922,0.1224485645070672,0.11081204900429362,0.19364588175501143,0.1,0.000125
382.0,-1.8292099407741003,-1.8421627879142761,0.1295285381021954,-1.219210833311081,-1.2314192652702332,0.12208457477390766,0.10958553371684891,0.19343538582324982,0.1,0.000125
383.0,-1.6702414807819186,-1.6830947597821553,0.12853287621622994,-1.0876791775226593,-1.099905103445053,0.12225921079516411,0.1093282662332058,0.19414862848463513,0.1,0.000125
384.0,-1.8201169087773277,-1.8331859480767023,0.13069025781892596,-1.2925519496202469,-1.3048334866762161,0.12281504459679127,0.11003570205398969,0.19450526045901434,0.1,0.000125
385.0,-1.815545258067903,-1.8285049810296012,0.1295970720904214,-1.1530382633209229,-1.1653838157653809,0.12345542665570974,0.10982419851989973,0.1937041509719122,0.1,0.000125
386.0,-1.7682835757732391,-1.781244131071227,0.12960564167726607,-1.141104519367218,-1.1533088684082031,0.1220435481518507,0.11149862142545837,0.19625404760951087,0.1,0.000125
387.0,-1.8253605110304696,-1.8381871013414293,0.12826602586678096,-1.1497301757335663,-1.1620873361825943,0.12357130460441113,0.10999740003829911,0.19293447477476938,0.1,0.000125
388.0,-1.691365659236908,-1.7043080869175138,0.12942431015627726,-1.1538286358118057,-1.1660909205675125,0.12262273207306862,0.11097408742422149,0.1951685363338107,0.1,0.000125
389.0,-1.8320678160304116,-1.8449428195045108,0.12875012769585564,-1.1491156667470932,-1.161388710141182,0.12273044977337122,0.11071677896238509,0.19414639011735008,0.1,0.000125
390.0,-1.6604878930818467,-1.6733738645201637,0.12885984494572594,-1.1541450321674347,-1.16656893491745,0.12423887569457293,0.10953664087823459,0.19293131430943808,0.1,0.000125
391.0,-1.8079363923697245,-1.8207866801392465,0.12850289791822433,-1.1499322950839996,-1.16219662129879,0.12264322768896818,0.11059006871212096,0.19446442134323574,0.1,0.000125
392.0,-1.7612962269978154,-1.7741155326366425,0.1281929388642311,-1.15804785490036,-1.1702674478292465,0.12219602055847645,0.11081236689573243,0.19487736090308144,0.1,0.000125
393.0,-1.79605899254481,-1.80892539840369,0.12866401424010596,-1.2942432910203934,-1.3065786063671112,0.12335300259292126,0.10923433090959277,0.19361373640242077,0.1,0.000125
394.0,-1.676734433287666,-1.6895585571016585,0.12824116895596185,-1.0268455147743225,-1.0392125844955444,0.12367081735283136,0.10983069932886533,0.19413005915426074,0.1,0.000125
395.0,-1.8249312866301763,-1.8380391682897295,0.13107883717332566,-1.2166860848665237,-1.229056254029274,0.12370156403630972,0.11002023110077494,0.19363836021650405,0.1,0.000125
396.0,-1.738541909626552,-1.7513520291873388,0.12810118283544267,-1.1535215824842453,-1.165754422545433,0.12232859991490841,0.10945712349244527,0.19282032088154838,0.1,6.25e-05
397.0,-1.7996170549165635,-1.8126138697067897,0.12996817167316163,-1.1582946330308914,-1.1705526113510132,0.12257961835712194,0.11017435647192456,0.19423497432754153,0.1,6.25e-05
398.0,-1.7946358351480394,-1.8074768433968227,0.12841017970017024,-1.1581190824508667,-1.1704127341508865,0.12293624226003885,0.10996688370193754,0.1938270004022689,0.1,6.25e-05
399.0,-1.8375320207505,-1.850390652815501,0.12858625891662778,-1.2294349670410156,-1.2417745739221573,0.12339615263044834,0.10957442667512667,0.19332409685566312,0.1,6.25e-05
400.0,-1.6983191541263036,-1.711236794789632,0.12917632290295192,-1.2053615599870682,-1.2177308201789856,0.12369287107139826,0.11012133370552744,0.19393503524008252,0.1,6.25e-05
401.0,-1.816873155889057,-1.8297585163797652,0.12885362051782154,-1.1497922539710999,-1.162154346704483,0.1236207690089941,0.11015783409987177,0.1947716020402454,0.1,6.25e-05
402.0,-1.8127388427300113,-1.8256681486964226,0.1292929791268848,-1.1424410343170166,-1.1547456979751587,0.1230465592816472,0.1099828462160769,0.19424713048196973,0.1,6.25e-05
403.0,-1.8489599596886408,-1.8618944996879214,0.12934540602422895,-1.285906508564949,-1.298257902264595,0.12351431138813496,0.10928101376408622,0.19315718894913084,0.1,6.25e-05
404.0,-1.8513952181452797,-1.8642527063687642,0.12857487336510703,-1.164764255285263,-1.1770328730344772,0.12268604710698128,0.11108436027453059,0.1956818135721343,0.1,6.25e-05
