phase,epoch,train_loss,val_loss,mean_pred_sigma,lr,scheduled_sampling_prob
teacher_forcing,1.0,1.4225224256515503,1.3799479007720947,1.0265021499102287,0.001,0.0
teacher_forcing,2.0,1.3945398330688477,1.3510136604309082,1.0183356329504674,0.001,0.0
teacher_forcing,3.0,1.3675531148910522,1.3226511478424072,1.0090016457880682,0.001,0.0
teacher_forcing,4.0,1.3412476778030396,1.2946252822875977,0.99873853805927,0.001,0.0
teacher_forcing,5.0,1.3153975009918213,1.2667566537857056,0.9877014897804892,0.001,0.0
teacher_forcing,6.0,1.2898342609405518,1.2389018535614014,0.9759886222167474,0.001,0.0
teacher_forcing,7.0,1.2644171714782715,1.210951328277588,0.9636631062593908,0.001,0.0
teacher_forcing,8.0,1.2390336990356445,1.1828250885009766,0.9507616708774028,0.001,0.0
teacher_forcing,9.0,1.2135984897613525,1.1544705629348755,0.93730613387586,0.001,0.0
teacher_forcing,10.0,1.1880515813827515,1.1258628368377686,0.9233107506558476,0.001,0.0
teacher_forcing,11.0,1.1623579263687134,1.0970103740692139,0.9087851602869328,0.001,0.0
teacher_forcing,12.0,1.136509656906128,1.0679641962051392,0.8937353498016462,0.001,0.0
teacher_forcing,13.0,1.1105316877365112,1.0388271808624268,0.8781638763780282,0.001,0.0
teacher_forcing,14.0,1.0844886302947998,1.0097694396972656,0.8620712424745312,0.001,0.0
teacher_forcing,15.0,1.0584955215454102,0.9810472130775452,0.8454563872390313,0.001,0.0
teacher_forcing,16.0,1.0327340364456177,0.953018069267273,0.828318626170753,0.001,0.0
teacher_forcing,17.0,1.0074604749679565,0.9261336922645569,0.8106642645896187,0.001,0.0
teacher_forcing,18.0,0.9829998016357422,0.9009078145027161,0.7925209577864987,0.001,0.0
teacher_forcing,19.0,0.9597292542457581,0.8777539730072021,0.7739302770079547,0.001,0.0
teacher_forcing,20.0,0.9379618763923645,0.8567283749580383,0.7549458965247507,0.001,0.0
teacher_forcing,21.0,0.9177597761154175,0.8372124433517456,0.7356346261400167,0.001,0.0
teacher_forcing,22.0,0.8987062573432922,0.8176888823509216,0.7160624756662274,0.001,0.0
teacher_forcing,23.0,0.8797412514686584,0.7961512207984924,0.6963350186719843,0.001,0.0
teacher_forcing,24.0,0.8594657182693481,0.770771861076355,0.6765463885034552,0.001,0.0
teacher_forcing,25.0,0.8366196751594543,0.7405678629875183,0.6567294450613487,0.001,0.0
teacher_forcing,26.0,0.8105679154396057,0.7057982087135315,0.6368340434713823,0.001,0.0
teacher_forcing,27.0,0.7815927863121033,0.6679745316505432,0.6167192727139171,0.001,0.0
teacher_forcing,28.0,0.7508912086486816,0.629517674446106,0.5961520406810806,0.001,0.0
teacher_forcing,29.0,0.7202867865562439,0.5930394530296326,0.574836446507448,0.001,0.0
teacher_forcing,30.0,0.6916136145591736,0.5601319074630737,0.5525846466063371,0.001,0.0
teacher_forcing,31.0,0.6657339930534363,0.5303577780723572,0.529596561311664,0.001,0.0
teacher_forcing,32.0,0.6419112086296082,0.5018588900566101,0.5063770634137629,0.001,0.0
teacher_forcing,33.0,0.6184446215629578,0.4731597602367401,0.48346865203028694,0.001,0.0
teacher_forcing,34.0,0.594074010848999,0.4452572464942932,0.4613626248423001,0.001,0.0
teacher_forcing,35.0,0.5696368217468262,0.42294856905937195,0.4406218850057522,0.001,0.0
teacher_forcing,36.0,0.5491858124732971,0.4100465178489685,0.4224663144675831,0.001,0.0
teacher_forcing,37.0,0.5363473296165466,0.39679187536239624,0.40824176749507085,0.001,0.0
teacher_forcing,38.0,0.5241916179656982,0.37417224049568176,0.3976831876958743,0.001,0.0
teacher_forcing,39.0,0.5053128600120544,0.34646275639533997,0.3903912829254308,0.001,0.0
teacher_forcing,40.0,0.48242300748825073,0.32485634088516235,0.38594362781557306,0.001,0.0
teacher_forcing,41.0,0.46343794465065,0.309592604637146,0.3830983946724679,0.001,0.0
teacher_forcing,42.0,0.4482305645942688,0.2941896915435791,0.381133548816888,0.001,0.0
teacher_forcing,43.0,0.4320705533027649,0.27882781624794006,0.37974130983251986,0.001,0.0
teacher_forcing,44.0,0.41536015272140503,0.26790064573287964,0.3787650054125167,0.001,0.0
teacher_forcing,45.0,0.4016050100326538,0.2582630217075348,0.3779407386118936,0.001,0.0
teacher_forcing,46.0,0.3891567885875702,0.24201181530952454,0.3768196868818274,0.001,0.0
teacher_forcing,47.0,0.37233445048332214,0.22269399464130402,0.37478050344786074,0.001,0.0
teacher_forcing,48.0,0.3538718819618225,0.20561817288398743,0.3711836704140457,0.001,0.0
teacher_forcing,49.0,0.3375031054019928,0.1883464753627777,0.36583137445904507,0.001,0.0
teacher_forcing,50.0,0.32086285948753357,0.16921637952327728,0.35895668239727463,0.001,0.0
teacher_forcing,51.0,0.30258405208587646,0.15075749158859253,0.3503105099685637,0.001,0.0
teacher_forcing,52.0,0.2848086357116699,0.1323491781949997,0.34021141521570925,0.001,0.0
teacher_forcing,53.0,0.26785287261009216,0.1088804304599762,0.3295470038612668,0.001,0.0
teacher_forcing,54.0,0.2484477460384369,0.08511459827423096,0.31858952655570894,0.001,0.0
teacher_forcing,55.0,0.23019205033779144,0.06472639739513397,0.3077843782397159,0.001,0.0
teacher_forcing,56.0,0.21420371532440186,0.044932328164577484,0.2978100942899109,0.001,0.0
teacher_forcing,57.0,0.1972436159849167,0.03088083490729332,0.28932550855586636,0.001,0.0
teacher_forcing,58.0,0.18312329053878784,0.013000383973121643,0.28306944214392693,0.001,0.0
teacher_forcing,59.0,0.16739726066589355,-0.006987859960645437,0.27910922705721414,0.001,0.0
teacher_forcing,60.0,0.1507871299982071,-0.023795543238520622,0.2765783231040932,0.001,0.0
teacher_forcing,61.0,0.13367922604084015,-0.04012589529156685,0.27486428311469524,0.001,0.0
teacher_forcing,62.0,0.11449655890464783,-0.055026523768901825,0.27396400699990303,0.001,0.0
teacher_forcing,63.0,0.09692583233118057,-0.07387412339448929,0.2732984581521191,0.001,0.0
teacher_forcing,64.0,0.07845225930213928,-0.08989443629980087,0.2716179029830829,0.001,0.0
teacher_forcing,65.0,0.06159796565771103,-0.10577114671468735,0.26862632797482616,0.001,0.0
teacher_forcing,66.0,0.0443304181098938,-0.12398848682641983,0.2641628796937445,0.001,0.0
teacher_forcing,67.0,0.02655624970793724,-0.14446942508220673,0.2583620081028674,0.001,0.0
teacher_forcing,68.0,0.008073253557085991,-0.16528870165348053,0.2513995162551692,0.001,0.0
teacher_forcing,69.0,-0.011336670257151127,-0.1848324090242386,0.24354683777285063,0.001,0.0
teacher_forcing,70.0,-0.029779309406876564,-0.20669376850128174,0.2363069998772981,0.001,0.0
teacher_forcing,71.0,-0.048201870173215866,-0.2269134819507599,0.2293138237068784,0.001,0.0
teacher_forcing,72.0,-0.06720050424337387,-0.23928505182266235,0.22321316279432699,0.001,0.0
teacher_forcing,73.0,-0.08234778046607971,-0.26206129789352417,0.21891443509624678,0.001,0.0
teacher_forcing,74.0,-0.103333480656147,-0.2699410915374756,0.2168208073042539,0.001,0.0
teacher_forcing,75.0,-0.11197139322757721,-0.28364551067352295,0.21475039768505375,0.001,0.0
teacher_forcing,76.0,-0.12769807875156403,-0.3079892098903656,0.21257584453387673,0.001,0.0
teacher_forcing,77.0,-0.15391378104686737,-0.301888644695282,0.21066787472324064,0.001,0.0
teacher_forcing,78.0,-0.15660889446735382,-0.31775355339050293,0.2098167799795436,0.001,0.0
teacher_forcing,79.0,-0.17313462495803833,-0.347431480884552,0.20974731395328336,0.001,0.0
teacher_forcing,80.0,-0.19708530604839325,-0.3577520549297333,0.20802459300583157,0.001,0.0
teacher_forcing,81.0,-0.20713771879673004,-0.37406641244888306,0.2052308742843433,0.001,0.0
teacher_forcing,82.0,-0.224468395113945,-0.38264432549476624,0.20032512975508243,0.001,0.0
teacher_forcing,83.0,-0.2352028638124466,-0.40510424971580505,0.1961860572867795,0.001,0.0
teacher_forcing,84.0,-0.25280508399009705,-0.4205704629421234,0.19122873938619656,0.001,0.0
teacher_forcing,85.0,-0.26622122526168823,-0.43014219403266907,0.18625110282578108,0.001,0.0
teacher_forcing,86.0,-0.2782467305660248,-0.4489611089229584,0.18310281552077398,0.001,0.0
teacher_forcing,87.0,-0.2934491038322449,-0.4618542194366455,0.18099895600176577,0.001,0.0
teacher_forcing,88.0,-0.30716046690940857,-0.4750432074069977,0.18068205473772542,0.001,0.0
teacher_forcing,89.0,-0.32186391949653625,-0.48811471462249756,0.1810765451977313,0.001,0.0
teacher_forcing,90.0,-0.3354118764400482,-0.49566885828971863,0.18040485321503683,0.001,0.0
teacher_forcing,91.0,-0.34820231795310974,-0.5124992728233337,0.17996359272509366,0.001,0.0
teacher_forcing,92.0,-0.36304971575737,-0.5230782628059387,0.17721878887604756,0.001,0.0
teacher_forcing,93.0,-0.37607187032699585,-0.5354741215705872,0.17403298506370635,0.001,0.0
teacher_forcing,94.0,-0.38557347655296326,-0.5513836741447449,0.1700959020799971,0.001,0.0
teacher_forcing,95.0,-0.40192079544067383,-0.5399743318557739,0.16561153290525737,0.001,0.0
teacher_forcing,96.0,-0.3989108204841614,-0.5630269050598145,0.1626586138723593,0.001,0.0
teacher_forcing,97.0,-0.41766735911369324,-0.5777820348739624,0.16112462692727184,0.001,0.0
teacher_forcing,98.0,-0.42424651980400085,-0.5811958909034729,0.159340511678535,0.001,0.0
teacher_forcing,99.0,-0.42766398191452026,-0.6055129766464233,0.15734219445641892,0.001,0.0
teacher_forcing,100.0,-0.4535207152366638,-0.5956186056137085,0.15710707894991716,0.001,0.0
teacher_forcing,101.0,-0.4528876841068268,-0.6181402802467346,0.15790320803604627,0.001,0.0
teacher_forcing,102.0,-0.47153228521347046,-0.5924525260925293,0.15915695440660702,0.001,0.0
teacher_forcing,103.0,-0.44727256894111633,-0.579550564289093,0.15963915317196578,0.001,0.0
teacher_forcing,104.0,-0.43855175375938416,-0.627255916595459,0.1594364899129775,0.001,0.0
teacher_forcing,105.0,-0.48221486806869507,-0.6169605255126953,0.1582074940907339,0.001,0.0
teacher_forcing,106.0,-0.4837200939655304,-0.589755654335022,0.15756272374128227,0.001,0.0
teacher_forcing,107.0,-0.4661935269832611,-0.633862316608429,0.1576469842026241,0.001,0.0
teacher_forcing,108.0,-0.4998262822628021,-0.6485529541969299,0.15793209630208002,0.001,0.0
teacher_forcing,109.0,-0.5054159760475159,-0.6361032724380493,0.15692180297216188,0.001,0.0
teacher_forcing,110.0,-0.49451711773872375,-0.6657944917678833,0.1551048309029901,0.001,0.0
teacher_forcing,111.0,-0.5218434929847717,-0.6446604132652283,0.15209876848994838,0.001,0.0
teacher_forcing,112.0,-0.513542652130127,-0.6223806142807007,0.14987035588072445,0.001,0.0
teacher_forcing,113.0,-0.4985359311103821,-0.6693798899650574,0.1485586624416863,0.001,0.0
teacher_forcing,114.0,-0.5327702164649963,-0.6765390634536743,0.1478177061809437,0.001,0.0
teacher_forcing,115.0,-0.530244767665863,-0.6563132405281067,0.1465133018398418,0.001,0.0
teacher_forcing,116.0,-0.5120403170585632,-0.6885249018669128,0.14491458802286245,0.001,0.0
teacher_forcing,117.0,-0.5411270260810852,-0.6859279870986938,0.14298658539491815,0.001,0.0
teacher_forcing,118.0,-0.5476099252700806,-0.6707496047019958,0.14201660875463307,0.001,0.0
teacher_forcing,119.0,-0.5379798412322998,-0.7048313617706299,0.14195753529634042,0.001,0.0
teacher_forcing,120.0,-0.5619378685951233,-0.6793136596679688,0.14262296167777846,0.001,0.0
teacher_forcing,121.0,-0.5336328148841858,-0.6488727927207947,0.1428751766861026,0.001,0.0
teacher_forcing,122.0,-0.5076886415481567,-0.6889491677284241,0.14282263709627674,0.001,0.0
teacher_forcing,123.0,-0.5435651540756226,-0.7175841331481934,0.14234954112921655,0.001,0.0
teacher_forcing,124.0,-0.5752631425857544,-0.7101295590400696,0.14194236780261738,0.001,0.0
teacher_forcing,125.0,-0.5721208453178406,-0.7271466255187988,0.1419934631559054,0.001,0.0
teacher_forcing,126.0,-0.5829741358757019,-0.7332392334938049,0.1402648818523321,0.001,0.0
teacher_forcing,127.0,-0.586854100227356,-0.7301660180091858,0.13797586239086376,0.001,0.0
teacher_forcing,128.0,-0.5882237553596497,-0.7441011667251587,0.13660374641765405,0.001,0.0
teacher_forcing,129.0,-0.5974782109260559,-0.7262266874313354,0.13646494384690377,0.001,0.0
teacher_forcing,130.0,-0.5770436525344849,-0.723446786403656,0.1360748500523511,0.001,0.0
teacher_forcing,131.0,-0.5747937560081482,-0.7598965167999268,0.13546140850084262,0.001,0.0
teacher_forcing,132.0,-0.6095559597015381,-0.7062323689460754,0.13454573211240292,0.001,0.0
teacher_forcing,133.0,-0.5782645344734192,-0.655891478061676,0.13445269028474624,0.001,0.0
teacher_forcing,134.0,-0.542809009552002,-0.7109876275062561,0.13515297822424907,0.001,0.0
teacher_forcing,135.0,-0.5846686363220215,-0.7750130295753479,0.13643538470004393,0.001,0.0
teacher_forcing,136.0,-0.6287170648574829,-0.7714669108390808,0.13586968075316444,0.001,0.0
teacher_forcing,137.0,-0.6239199042320251,-0.7834282517433167,0.13475210154017445,0.001,0.0
teacher_forcing,138.0,-0.6365665793418884,-0.7494746446609497,0.13282792980730498,0.001,0.0
teacher_forcing,139.0,-0.6172260642051697,-0.7417687773704529,0.131686401114988,0.001,0.0
teacher_forcing,140.0,-0.6127806305885315,-0.7898423075675964,0.13128835687982748,0.001,0.0
teacher_forcing,141.0,-0.6468626856803894,-0.7590112090110779,0.13134935388345956,0.001,0.0
teacher_forcing,142.0,-0.6134718656539917,-0.712659478187561,0.13114541015112163,0.001,0.0
teacher_forcing,143.0,-0.5742128491401672,-0.7515645027160645,0.13081410484007708,0.001,0.0
teacher_forcing,144.0,-0.6083552837371826,-0.8087155222892761,0.1302812262515419,0.001,0.0
teacher_forcing,145.0,-0.6619921326637268,-0.7031751871109009,0.12901547471400948,0.001,0.0
teacher_forcing,146.0,-0.5907111763954163,-0.5819150805473328,0.12856577678922426,0.001,0.0
teacher_forcing,147.0,-0.5003862380981445,-0.612832248210907,0.12899110401666708,0.001,0.0
teacher_forcing,148.0,-0.524635374546051,-0.7482539415359497,0.13015564038633606,0.001,0.0
teacher_forcing,149.0,-0.6270192861557007,-0.8133680820465088,0.13170914700065153,0.001,0.0
teacher_forcing,150.0,-0.6704185009002686,-0.7845999598503113,0.1320012009029307,0.001,0.0
teacher_forcing,151.0,-0.6446542143821716,-0.7964404225349426,0.13175344823925053,0.001,0.0
teacher_forcing,152.0,-0.655663251876831,-0.8208906054496765,0.13092658850206348,0.001,0.0
teacher_forcing,153.0,-0.6806281805038452,-0.8027292490005493,0.12652719609407032,0.001,0.0
teacher_forcing,154.0,-0.6692594289779663,-0.8156647682189941,0.12306036386122866,0.001,0.0
teacher_forcing,155.0,-0.6772944331169128,-0.8388976454734802,0.12062636216155649,0.001,0.0
teacher_forcing,156.0,-0.6875755786895752,-0.8411868214607239,0.11881731148484298,0.001,0.0
teacher_forcing,157.0,-0.6877813339233398,-0.8397660851478577,0.11765396634768033,0.001,0.0
teacher_forcing,158.0,-0.6918349862098694,-0.8479391932487488,0.11809428074178834,0.001,0.0
teacher_forcing,159.0,-0.6983019113540649,-0.8342860341072083,0.12076019982666941,0.001,0.0
teacher_forcing,160.0,-0.684390664100647,-0.832319974899292,0.12315153683798172,0.001,0.0
teacher_forcing,161.0,-0.6855595111846924,-0.8536653518676758,0.12509273051709854,0.001,0.0
teacher_forcing,162.0,-0.709193229675293,-0.7890616655349731,0.12539038446054873,0.001,0.0
teacher_forcing,163.0,-0.6672367453575134,-0.744720458984375,0.1261080765840175,0.001,0.0
teacher_forcing,164.0,-0.6358298659324646,-0.7973159551620483,0.12728747982647926,0.001,0.0
teacher_forcing,165.0,-0.6760367751121521,-0.8559579849243164,0.12868935523309172,0.001,0.0
teacher_forcing,166.0,-0.7168599963188171,-0.8492885231971741,0.12564104747419683,0.001,0.0
teacher_forcing,167.0,-0.7064542174339294,-0.8616649508476257,0.1223894740519538,0.001,0.0
teacher_forcing,168.0,-0.7153316736221313,-0.8678935170173645,0.11912146619952563,0.001,0.0
teacher_forcing,169.0,-0.7244068384170532,-0.8691565990447998,0.11679654522639447,0.001,0.0
teacher_forcing,170.0,-0.7244564294815063,-0.8789226412773132,0.11555671676899282,0.001,0.0
teacher_forcing,171.0,-0.7261961102485657,-0.8839344382286072,0.11475295863969173,0.001,0.0
teacher_forcing,172.0,-0.7310682535171509,-0.8678693175315857,0.11460439491783281,0.001,0.0
teacher_forcing,173.0,-0.7257816195487976,-0.8714646100997925,0.11536372144542628,0.001,0.0
teacher_forcing,174.0,-0.7299884557723999,-0.886077880859375,0.11689455581030675,0.001,0.0
teacher_forcing,175.0,-0.7378392815589905,-0.8869077563285828,0.11838199499474093,0.001,0.0
teacher_forcing,176.0,-0.7405152320861816,-0.8781222105026245,0.11951730995208919,0.001,0.0
teacher_forcing,177.0,-0.7397193312644958,-0.882466733455658,0.12080755310600598,0.001,0.0
teacher_forcing,178.0,-0.7435912489891052,-0.882737934589386,0.12189160882338776,0.001,0.0
teacher_forcing,179.0,-0.7398335337638855,-0.8832967281341553,0.12214810187923233,0.001,0.0
teacher_forcing,180.0,-0.7408831119537354,-0.8880382180213928,0.12160861977407651,0.001,0.0
teacher_forcing,181.0,-0.7490094900131226,-0.8926615715026855,0.12047966397032965,0.001,0.0
teacher_forcing,182.0,-0.752414882183075,-0.8879841566085815,0.11882979312695521,0.001,0.0
teacher_forcing,183.0,-0.7438456416130066,-0.891930103302002,0.1169799173845459,0.001,0.0
teacher_forcing,184.0,-0.746412456035614,-0.8991691470146179,0.11512359290809357,0.001,0.0
teacher_forcing,185.0,-0.7563223838806152,-0.9032262563705444,0.11430804312174762,0.001,0.0
teacher_forcing,186.0,-0.7589301466941833,-0.8973823189735413,0.11460656819507868,0.001,0.0
teacher_forcing,187.0,-0.7492866516113281,-0.8999665379524231,0.11479756329759909,0.001,0.0
teacher_forcing,188.0,-0.7520473599433899,-0.9044438004493713,0.11483457643868021,0.001,0.0
teacher_forcing,189.0,-0.7613539099693298,-0.9063365459442139,0.1153291288275204,0.001,0.0
teacher_forcing,190.0,-0.7638216614723206,-0.9056401252746582,0.11613457871015877,0.001,0.0
teacher_forcing,191.0,-0.7602008581161499,-0.9081412553787231,0.11655860627694871,0.001,0.0
teacher_forcing,192.0,-0.7639129161834717,-0.9008251428604126,0.11657948939507531,0.001,0.0
teacher_forcing,193.0,-0.7635579705238342,-0.9018853306770325,0.11691858085980837,0.001,0.0
teacher_forcing,194.0,-0.7650195360183716,-0.9102550745010376,0.11747989958797558,0.001,0.0
teacher_forcing,195.0,-0.7679955363273621,-0.9135466814041138,0.1174229971091274,0.001,0.0
teacher_forcing,196.0,-0.7709608674049377,-0.9042913913726807,0.11667487005892062,0.001,0.0
teacher_forcing,197.0,-0.7679542899131775,-0.90720534324646,0.11615591224918073,0.001,0.0
teacher_forcing,198.0,-0.7698906660079956,-0.9173555970191956,0.11583753215404846,0.001,0.0
teacher_forcing,199.0,-0.7732473611831665,-0.9205114841461182,0.11501552799463731,0.001,0.0
teacher_forcing,200.0,-0.7759002447128296,-0.9103514552116394,0.11383766674413842,0.001,0.0
teacher_forcing,201.0,-0.7724391222000122,-0.9136356711387634,0.1132114567472684,0.001,0.0
teacher_forcing,202.0,-0.7748146057128906,-0.922576904296875,0.113170358440938,0.001,0.0
teacher_forcing,203.0,-0.7774492502212524,-0.9237227439880371,0.11305513804787277,0.001,0.0
teacher_forcing,204.0,-0.7787685990333557,-0.9182134866714478,0.1128734435986113,0.001,0.0
teacher_forcing,205.0,-0.7792912721633911,-0.9225489497184753,0.11323647307461361,0.001,0.0
teacher_forcing,206.0,-0.7827160358428955,-0.9211561679840088,0.11398647167597145,0.001,0.0
teacher_forcing,207.0,-0.777176558971405,-0.9215186834335327,0.11437042404573348,0.001,0.0
teacher_forcing,208.0,-0.7780221700668335,-0.9259434938430786,0.11435846674631643,0.001,0.0
teacher_forcing,209.0,-0.7864193916320801,-0.9284893274307251,0.1143532003178287,0.001,0.0
teacher_forcing,210.0,-0.7885351777076721,-0.920788049697876,0.11426878178157,0.001,0.0
teacher_forcing,211.0,-0.7784627079963684,-0.9227413535118103,0.11388388497243329,0.001,0.0
teacher_forcing,212.0,-0.7804827690124512,-0.9294228553771973,0.11326952952003634,0.001,0.0
teacher_forcing,213.0,-0.7901087999343872,-0.9323197603225708,0.1131010632631211,0.001,0.0
teacher_forcing,214.0,-0.7924385666847229,-0.9261573553085327,0.11325743566682502,0.001,0.0
teacher_forcing,215.0,-0.7831712961196899,-0.9285304546356201,0.11311152626980087,0.001,0.0
teacher_forcing,216.0,-0.7852471470832825,-0.9311995506286621,0.11265566710664963,0.001,0.0
teacher_forcing,217.0,-0.7924028038978577,-0.9330359101295471,0.11242785884454058,0.001,0.0
teacher_forcing,218.0,-0.7942166328430176,-0.9355779886245728,0.11246332328769525,0.001,0.0
teacher_forcing,219.0,-0.7923400402069092,-0.9384085536003113,0.11221640783633328,0.001,0.0
teacher_forcing,220.0,-0.7955544590950012,-0.9270924925804138,0.11177763032551263,0.001,0.0
teacher_forcing,221.0,-0.7915431261062622,-0.9279705286026001,0.11188360251009982,0.001,0.0
teacher_forcing,222.0,-0.7925868034362793,-0.9407997727394104,0.11246151104165152,0.001,0.0
teacher_forcing,223.0,-0.7990046143531799,-0.943181037902832,0.11269268372273271,0.001,0.0
teacher_forcing,224.0,-0.8014631271362305,-0.9284682273864746,0.11242718652446461,0.001,0.0
teacher_forcing,225.0,-0.7946944236755371,-0.930561363697052,0.11247383382821187,0.001,0.0
teacher_forcing,226.0,-0.7962992191314697,-0.9428476095199585,0.11274658487271738,0.001,0.0
teacher_forcing,227.0,-0.8014867305755615,-0.9454330205917358,0.11242690320577305,0.001,0.0
teacher_forcing,228.0,-0.8040229082107544,-0.9334824681282043,0.11159751370575664,0.001,0.0
teacher_forcing,229.0,-0.79921954870224,-0.9363067746162415,0.11121205680789727,0.001,0.0
teacher_forcing,230.0,-0.8011258244514465,-0.9457859396934509,0.11129294177877475,0.001,0.0
teacher_forcing,231.0,-0.8043494820594788,-0.9469844102859497,0.11118576210139182,0.001,0.0
teacher_forcing,232.0,-0.8055008053779602,-0.9420970678329468,0.11089261970537896,0.001,0.0
teacher_forcing,233.0,-0.8059738278388977,-0.9466518759727478,0.11101955903073642,0.001,0.0
teacher_forcing,234.0,-0.8093296885490417,-0.9439607858657837,0.11140530590841219,0.001,0.0
teacher_forcing,235.0,-0.8026295304298401,-0.9437862038612366,0.11143974189395886,0.001,0.0
teacher_forcing,236.0,-0.8027626872062683,-0.9498522281646729,0.11114279609967402,0.001,0.0
teacher_forcing,237.0,-0.8121792078018188,-0.9526954889297485,0.1109319797275263,0.001,0.0
teacher_forcing,238.0,-0.814441978931427,-0.9443342089653015,0.11085438831241091,0.001,0.0
teacher_forcing,239.0,-0.8038392066955566,-0.9456924200057983,0.11056377880250258,0.001,0.0
teacher_forcing,240.0,-0.8053216934204102,-0.9509071111679077,0.1101270699182609,0.001,0.0
teacher_forcing,241.0,-0.8136762380599976,-0.9538946151733398,0.11024975644067318,0.001,0.0
teacher_forcing,242.0,-0.8164554834365845,-0.9511336088180542,0.11073124969941171,0.001,0.0
teacher_forcing,243.0,-0.8105745911598206,-0.9525392055511475,0.11085759967399413,0.001,0.0
teacher_forcing,244.0,-0.8123188614845276,-0.9475685358047485,0.11058190195536757,0.001,0.0
teacher_forcing,245.0,-0.8134757280349731,-0.9483903646469116,0.11050798174731827,0.001,0.0
teacher_forcing,246.0,-0.8145454525947571,-0.958673357963562,0.1106382144049792,0.001,0.0
teacher_forcing,247.0,-0.8189399838447571,-0.9619156122207642,0.11030622206748873,0.001,0.0
teacher_forcing,248.0,-0.8222706317901611,-0.9410971999168396,0.10958743589248834,0.001,0.0
teacher_forcing,249.0,-0.810400664806366,-0.9402784109115601,0.10938071936366002,0.001,0.0
teacher_forcing,250.0,-0.8098350167274475,-0.9619126915931702,0.10966255272508561,0.001,0.0
teacher_forcing,251.0,-0.8230512142181396,-0.9649489521980286,0.10982141792061191,0.001,0.0
teacher_forcing,252.0,-0.825373113155365,-0.9533782005310059,0.10955450915633727,0.001,0.0
teacher_forcing,253.0,-0.8202763795852661,-0.9562649130821228,0.1095806640369234,0.001,0.0
teacher_forcing,254.0,-0.8219203352928162,-0.9545345306396484,0.10976378484676874,0.001,0.0
teacher_forcing,255.0,-0.8162112236022949,-0.9573456048965454,0.10962633587399405,0.001,0.0
teacher_forcing,256.0,-0.8187949061393738,-0.9655883312225342,0.10920882966456127,0.001,0.0
teacher_forcing,257.0,-0.829497218132019,-0.9677826762199402,0.10901711119894576,0.001,0.0
teacher_forcing,258.0,-0.8309340476989746,-0.9566120505332947,0.10910942180165999,0.001,0.0
teacher_forcing,259.0,-0.8182048797607422,-0.95853590965271,0.1089968912354167,0.001,0.0
teacher_forcing,260.0,-0.8200502991676331,-0.9686686992645264,0.10869605805696927,0.001,0.0
teacher_forcing,261.0,-0.8324101567268372,-0.9709416031837463,0.10870606160480838,0.001,0.0
teacher_forcing,262.0,-0.8346066474914551,-0.9612361788749695,0.10888247328958141,0.001,0.0
teacher_forcing,263.0,-0.8234925270080566,-0.962444543838501,0.10879442393346068,0.001,0.0
teacher_forcing,264.0,-0.825210452079773,-0.9658021926879883,0.10845743138129928,0.001,0.0
teacher_forcing,265.0,-0.8322950005531311,-0.9680296182632446,0.1084025266908121,0.001,0.0
teacher_forcing,266.0,-0.8344205021858215,-0.9725870490074158,0.10859679760361397,0.001,0.0
teacher_forcing,267.0,-0.834423840045929,-0.9750838875770569,0.10844369068588906,0.001,0.0
teacher_forcing,268.0,-0.8370715975761414,-0.9586662650108337,0.10797186676102626,0.001,0.0
teacher_forcing,269.0,-0.8289403915405273,-0.9586213231086731,0.10793978673087663,0.001,0.0
teacher_forcing,270.0,-0.8291975855827332,-0.9770308136940002,0.10830994107412804,0.001,0.0
teacher_forcing,271.0,-0.8400865197181702,-0.9793669581413269,0.10830960621882374,0.001,0.0
teacher_forcing,272.0,-0.8425167798995972,-0.9601293206214905,0.1078051809447905,0.001,0.0
teacher_forcing,273.0,-0.8316847085952759,-0.9616693258285522,0.10769257638654903,0.001,0.0
teacher_forcing,274.0,-0.8327980637550354,-0.9752947688102722,0.10791264622433268,0.001,0.0
teacher_forcing,275.0,-0.8395291566848755,-0.9787570834159851,0.10774418809572447,0.001,0.0
teacher_forcing,276.0,-0.8423062562942505,-0.9719211459159851,0.10722353791446082,0.001,0.0
teacher_forcing,277.0,-0.8407289385795593,-0.9755905866622925,0.10709206597150349,0.001,0.0
teacher_forcing,278.0,-0.8430576324462891,-0.9746503233909607,0.10734752996919504,0.001,0.0
teacher_forcing,279.0,-0.8382093906402588,-0.9737212657928467,0.10740705975717273,0.001,0.0
teacher_forcing,280.0,-0.8376891016960144,-0.9800639152526855,0.1072858069352982,0.001,0.0
teacher_forcing,281.0,-0.8466445207595825,-0.9839845895767212,0.10746847543550836,0.001,0.0
teacher_forcing,282.0,-0.8500179052352905,-0.9714913368225098,0.1076411168438683,0.001,0.0
teacher_forcing,283.0,-0.8367345333099365,-0.9698387384414673,0.10753847346563943,0.001,0.0
teacher_forcing,284.0,-0.8359479904174805,-0.9772072434425354,0.10719079826903348,0.001,0.0
teacher_forcing,285.0,-0.8457962274551392,-0.979902982711792,0.10695964175893174,0.001,0.0
teacher_forcing,286.0,-0.8486834764480591,-0.9872384071350098,0.10696757735938846,0.001,0.0
teacher_forcing,287.0,-0.8514171838760376,-0.9878683090209961,0.10665406238312679,0.001,0.0
teacher_forcing,288.0,-0.8527836799621582,-0.9668114185333252,0.1062430275784954,0.001,0.0
teacher_forcing,289.0,-0.8405114412307739,-0.9729899764060974,0.10628707501184616,0.001,0.0
teacher_forcing,290.0,-0.8453677296638489,-0.9904308915138245,0.10669786530424089,0.001,0.0
teacher_forcing,291.0,-0.8551203012466431,-0.9907501935958862,0.10669061022677592,0.001,0.0
teacher_forcing,292.0,-0.8558526039123535,-0.9783305525779724,0.1062880815083974,0.001,0.0
teacher_forcing,293.0,-0.8501747250556946,-0.9818295240402222,0.10625168691509078,0.001,0.0
teacher_forcing,294.0,-0.8527396321296692,-0.9890968203544617,0.1065351043650682,0.001,0.0
teacher_forcing,295.0,-0.854864776134491,-0.9907956719398499,0.10650023112100003,0.001,0.0
teacher_forcing,296.0,-0.8563867807388306,-0.9857109189033508,0.10615646585619229,0.001,0.0
teacher_forcing,297.0,-0.8561978936195374,-0.9883314371109009,0.10612731957300944,0.001,0.0
teacher_forcing,298.0,-0.8581216931343079,-0.9897220134735107,0.10634843199370515,0.001,0.0
teacher_forcing,299.0,-0.8553416728973389,-0.9907031655311584,0.10626692668297391,0.001,0.0
teacher_forcing,300.0,-0.856481671333313,-0.9904692769050598,0.10591317629720942,0.001,0.0
teacher_forcing,301.0,-0.8604046702384949,-0.9930029511451721,0.10585501931656237,0.001,0.0
teacher_forcing,302.0,-0.862334668636322,-0.9886015057563782,0.10604114079665637,0.001,0.0
teacher_forcing,303.0,-0.8553609251976013,-0.9897062182426453,0.10597013073128772,0.001,0.0
teacher_forcing,304.0,-0.8565810322761536,-0.9940894842147827,0.10565849350605104,0.001,0.0
teacher_forcing,305.0,-0.8637787103652954,-0.995966374874115,0.10559199388369024,0.001,0.0
teacher_forcing,306.0,-0.8651666045188904,-0.990162193775177,0.1057036351739637,0.001,0.0
teacher_forcing,307.0,-0.8569443821907043,-0.9925004243850708,0.10557067231661048,0.001,0.0
teacher_forcing,308.0,-0.8590602874755859,-0.9958096146583557,0.1052175575551954,0.001,0.0
teacher_forcing,309.0,-0.8657011985778809,-0.9972078800201416,0.1051854527409864,0.001,0.0
teacher_forcing,310.0,-0.8668714165687561,-0.9931498169898987,0.10544069766433764,0.001,0.0
teacher_forcing,311.0,-0.8603777289390564,-0.9952142834663391,0.10544998341423019,0.001,0.0
teacher_forcing,312.0,-0.8626241087913513,-0.9962270855903625,0.10521347721966591,0.001,0.0
teacher_forcing,313.0,-0.8674136400222778,-0.997342586517334,0.10525988314511003,0.001,0.0
teacher_forcing,314.0,-0.8684005737304688,-0.9962747097015381,0.10551760092762835,0.001,0.0
teacher_forcing,315.0,-0.8641219735145569,-0.9987808465957642,0.10546376639661022,0.001,0.0
teacher_forcing,316.0,-0.8664440512657166,-0.9960795044898987,0.10510324861894008,0.001,0.0
teacher_forcing,317.0,-0.8683229088783264,-0.9974896311759949,0.10503028523531208,0.001,0.0
teacher_forcing,318.0,-0.8694158792495728,-1.0000089406967163,0.1052218261082975,0.001,0.0
teacher_forcing,319.0,-0.8678908944129944,-1.001703143119812,0.10512084038244544,0.001,0.0
teacher_forcing,320.0,-0.8696603775024414,-0.9962889552116394,0.1047507475766823,0.001,0.0
teacher_forcing,321.0,-0.8693414926528931,-0.9980952143669128,0.10472971602433435,0.001,0.0
teacher_forcing,322.0,-0.8708102107048035,-1.0021717548370361,0.10500004731600879,0.001,0.0
teacher_forcing,323.0,-0.8705525398254395,-1.003616452217102,0.10495086304913992,0.001,0.0
teacher_forcing,324.0,-0.872063159942627,-0.9970042109489441,0.10458739315128011,0.001,0.0
teacher_forcing,325.0,-0.8708043694496155,-0.9989713430404663,0.10454629022950025,0.001,0.0
teacher_forcing,326.0,-0.8722959160804749,-1.0041651725769043,0.10478699625261721,0.001,0.0
teacher_forcing,327.0,-0.8728538751602173,-1.005614995956421,0.10471283810047084,0.001,0.0
teacher_forcing,328.0,-0.8743410706520081,-0.9981592893600464,0.104347947236274,0.001,0.0
teacher_forcing,329.0,-0.8723111748695374,-1.0000911951065063,0.10433647849272874,0.001,0.0
teacher_forcing,330.0,-0.8738115429878235,-1.005877137184143,0.10462793328078213,0.001,0.0
teacher_forcing,331.0,-0.8749017119407654,-1.0071827173233032,0.10459833901159424,0.001,0.0
teacher_forcing,332.0,-0.8763059973716736,-0.9992932081222534,0.10425247043891624,0.001,0.0
teacher_forcing,333.0,-0.8740153312683105,-1.0013126134872437,0.10423613555219256,0.001,0.0
teacher_forcing,334.0,-0.875576913356781,-1.0071390867233276,0.1045005837276772,0.001,0.0
teacher_forcing,335.0,-0.8766999840736389,-1.0084351301193237,0.10443501669109373,0.001,0.0
teacher_forcing,336.0,-0.8780661225318909,-1.0006842613220215,0.10405996307435181,0.001,0.0
teacher_forcing,337.0,-0.8757397532463074,-1.0027259588241577,0.10402780759898797,0.001,0.0
teacher_forcing,338.0,-0.8772808313369751,-1.0087400674819946,0.1042932346062595,0.001,0.0
teacher_forcing,339.0,-0.878537654876709,-1.0100414752960205,0.10424186020829342,0.001,0.0
teacher_forcing,340.0,-0.8798776865005493,-1.001995325088501,0.10388708918339969,0.001,0.0
teacher_forcing,341.0,-0.8773897886276245,-1.00405752658844,0.10387290175342616,0.001,0.0
teacher_forcing,342.0,-0.878970205783844,-1.0100220441818237,0.10415014031952528,0.001,0.0
teacher_forcing,343.0,-0.880211591720581,-1.011216640472412,0.10410647919760237,0.001,0.0
teacher_forcing,344.0,-0.8815173506736755,-1.0034594535827637,0.10375700146217126,0.001,0.0
teacher_forcing,345.0,-0.8792006969451904,-1.0054876804351807,0.10374420568723329,0.001,0.0
teacher_forcing,346.0,-0.8807488083839417,-1.0111610889434814,0.10401935539015031,0.001,0.0
teacher_forcing,347.0,-0.8818053603172302,-1.0124568939208984,0.10397307206446565,0.001,0.0
teacher_forcing,348.0,-0.8831388354301453,-1.0048161745071411,0.1036182291623449,0.001,0.0
teacher_forcing,349.0,-0.8808806538581848,-1.0068275928497314,0.10359562338817198,0.001,0.0
teacher_forcing,350.0,-0.8823993802070618,-1.0125246047973633,0.10385839149301494,0.001,0.0
teacher_forcing,351.0,-0.883446991443634,-1.0137659311294556,0.10380307277341115,0.001,0.0
teacher_forcing,352.0,-0.8847549557685852,-1.0061975717544556,0.10344669401892641,0.001,0.0
teacher_forcing,353.0,-0.8825470805168152,-1.0082061290740967,0.10342700709974732,0.001,0.0
teacher_forcing,354.0,-0.8840768337249756,-1.0136619806289673,0.1036962912029836,0.001,0.0
teacher_forcing,355.0,-0.8849983811378479,-1.0149071216583252,0.10365150060068049,0.001,0.0
teacher_forcing,356.0,-0.8863053321838379,-1.0074937343597412,0.10330516806066377,0.001,0.0
teacher_forcing,357.0,-0.8841925859451294,-1.0094656944274902,0.10328941064171535,0.001,0.0
teacher_forcing,358.0,-0.8856876492500305,-1.0148961544036865,0.10355639419663218,0.001,0.0
teacher_forcing,359.0,-0.8865745067596436,-1.0161592960357666,0.10350792481760247,0.001,0.0
teacher_forcing,360.0,-0.8878867030143738,-1.0087406635284424,0.10315977632720097,0.001,0.0
teacher_forcing,361.0,-0.8857457041740417,-1.0106987953186035,0.10314474896187494,0.001,0.0
teacher_forcing,362.0,-0.8872272968292236,-1.0161235332489014,0.10341585058889453,0.001,0.0
teacher_forcing,363.0,-0.8881494998931885,-1.0173687934875488,0.1033740183279718,0.001,0.0
teacher_forcing,364.0,-0.8894528150558472,-1.009892225265503,0.10303140474276083,0.001,0.0
teacher_forcing,365.0,-0.8872587084770203,-1.011828064918518,0.1030176772699995,0.001,0.0
teacher_forcing,366.0,-0.8887318968772888,-1.017310619354248,0.103284866367147,0.001,0.0
teacher_forcing,367.0,-0.8897091746330261,-1.0185555219650269,0.10323623782677992,0.001,0.0
teacher_forcing,368.0,-0.891007661819458,-1.0109977722167969,0.102886942709225,0.001,0.0
teacher_forcing,369.0,-0.888714611530304,-1.0129302740097046,0.10286942274576522,0.001,0.0
teacher_forcing,370.0,-0.8901731371879578,-1.0185664892196655,0.10313768537300502,0.001,0.0
teacher_forcing,371.0,-0.8912879824638367,-1.0198131799697876,0.1030940519643605,0.001,0.0
teacher_forcing,372.0,-0.8925780653953552,-1.0120283365249634,0.1027512721972424,0.001,0.0
teacher_forcing,373.0,-0.8901015520095825,-1.0139557123184204,0.10273977346209649,0.001,0.0
teacher_forcing,374.0,-0.8915632367134094,-1.0197947025299072,0.10301181806204363,0.001,0.0
teacher_forcing,375.0,-0.8928489685058594,-1.0210037231445312,0.1029684223409598,0.001,0.0
teacher_forcing,376.0,-0.8941196799278259,-1.0130338668823242,0.10262319293746397,0.001,0.0
teacher_forcing,377.0,-0.8914764523506165,-1.0149589776992798,0.10260978993689958,0.001,0.0
teacher_forcing,378.0,-0.8929343223571777,-1.0209890604019165,0.10288169906065221,0.001,0.0
teacher_forcing,379.0,-0.8943964242935181,-1.0222070217132568,0.10283862996328955,0.001,0.0
teacher_forcing,380.0,-0.8956608176231384,-1.0139617919921875,0.10249295791768379,0.001,0.0
teacher_forcing,381.0,-0.8927817940711975,-1.0158870220184326,0.1024795025311434,0.001,0.0
teacher_forcing,382.0,-0.8942360877990723,-1.022249698638916,0.10275143609016887,0.001,0.0
teacher_forcing,383.0,-0.8959567546844482,-1.023437738418579,0.10270638553089012,0.001,0.0
teacher_forcing,384.0,-0.8972000479698181,-1.0148706436157227,0.1023578375534558,0.001,0.0
teacher_forcing,385.0,-0.8940534591674805,-1.0168043375015259,0.1023442508133118,0.001,0.0
teacher_forcing,386.0,-0.8955159187316895,-1.023457646369934,0.10261928651778832,0.001,0.0
teacher_forcing,387.0,-0.897495687007904,-1.024630069732666,0.10257744544458405,0.001,0.0
teacher_forcing,388.0,-0.8987239003181458,-1.0157040357589722,0.10223043508843857,0.001,0.0
teacher_forcing,389.0,-0.8952816724777222,-1.0176388025283813,0.10221886645815825,0.001,0.0
teacher_forcing,390.0,-0.8967450857162476,-1.0246952772140503,0.10249597208953706,0.001,0.0
teacher_forcing,391.0,-0.8990402817726135,-1.0258456468582153,0.10245302664086622,0.001,0.0
teacher_forcing,392.0,-0.9002478122711182,-1.0165154933929443,0.1021028119087919,0.001,0.0
teacher_forcing,393.0,-0.896469235420227,-1.0184680223464966,0.10209089793572121,0.001,0.0
teacher_forcing,394.0,-0.8979423642158508,-1.0259239673614502,0.10237102423395429,0.001,0.0
teacher_forcing,395.0,-0.90057373046875,-1.0270510911941528,0.10233015169984211,0.001,0.0
teacher_forcing,396.0,-0.9017612934112549,-1.0172667503356934,0.10197925757824046,0.001,0.0
teacher_forcing,397.0,-0.8976181745529175,-1.0192265510559082,0.10196770026422772,0.001,0.0
teacher_forcing,398.0,-0.8991007208824158,-1.0271499156951904,0.10224887776911118,0.001,0.0
teacher_forcing,399.0,-0.9021027684211731,-1.0282487869262695,0.10220567978096753,0.001,0.0
teacher_forcing,400.0,-0.9032665491104126,-1.0179979801177979,0.10185033555973935,0.001,0.0
teacher_forcing,401.0,-0.8987367749214172,-1.0199803113937378,0.10183802477011329,0.001,0.0
teacher_forcing,402.0,-0.9002312421798706,-1.0283814668655396,0.10212265362157454,0.001,0.0
teacher_forcing,403.0,-0.9036247134208679,-1.0294585227966309,0.10208223379733836,0.001,0.0
teacher_forcing,404.0,-0.9047669172286987,-1.0186785459518433,0.10172685301710499,0.001,0.0
teacher_forcing,405.0,-0.8998156189918518,-1.020676612854004,0.10171608485306459,0.001,0.0
teacher_forcing,406.0,-0.9013254642486572,-1.0296097993850708,0.10200331668827416,0.001,0.0
teacher_forcing,407.0,-0.9051406979560852,-1.0306495428085327,0.10196125651316477,0.001,0.0
teacher_forcing,408.0,-0.906255304813385,-1.0193506479263306,0.10160106407138854,0.001,0.0
teacher_forcing,409.0,-0.9008787870407104,-1.021372675895691,0.10158915308523914,0.001,0.0
teacher_forcing,410.0,-0.9024043679237366,-1.030827283859253,0.10187940208510377,0.001,0.0
teacher_forcing,411.0,-0.9066469669342041,-1.0318464040756226,0.10183923969768581,0.001,0.0
teacher_forcing,412.0,-0.9077396988868713,-1.019968032836914,0.10147771180347166,0.001,0.0
teacher_forcing,413.0,-0.9019014835357666,-1.0220115184783936,0.10146653477522238,0.001,0.0
teacher_forcing,414.0,-0.9034439921379089,-1.0320630073547363,0.10175918868978838,0.001,0.0
teacher_forcing,415.0,-0.9081538319587708,-1.0330435037612915,0.101717190883154,0.001,0.0
teacher_forcing,416.0,-0.9092175364494324,-1.0205904245376587,0.1013506830957716,0.001,0.0
teacher_forcing,417.0,-0.9029125571250916,-1.0226622819900513,0.10133869341856137,0.001,0.0
teacher_forcing,418.0,-0.9044762849807739,-1.0332790613174438,0.10163499453327755,0.001,0.0
teacher_forcing,419.0,-0.909650444984436,-1.0342344045639038,0.1015955035193605,0.001,0.0
teacher_forcing,420.0,-0.9106910824775696,-1.021154522895813,0.1012275890748942,0.001,0.0
teacher_forcing,421.0,-0.9038897156715393,-1.0232514142990112,0.1012164285840524,0.001,0.0
teacher_forcing,422.0,-0.9054730534553528,-1.0345150232315063,0.10151538574180898,0.001,0.0
teacher_forcing,423.0,-0.9111509323120117,-1.03543221950531,0.1014737831301849,0.001,0.0
teacher_forcing,424.0,-0.9121614098548889,-1.02173912525177,0.10110030227819283,0.001,0.0
teacher_forcing,425.0,-0.9048620462417603,-1.0238701105117798,0.10108800522906627,0.001,0.0
teacher_forcing,426.0,-0.906470537185669,-1.035738229751587,0.10139053930170487,0.001,0.0
teacher_forcing,427.0,-0.9126434326171875,-1.0366283655166626,0.10135134149121522,0.001,0.0
teacher_forcing,428.0,-0.9136307239532471,-1.0222654342651367,0.10097573993723155,0.001,0.0
teacher_forcing,429.0,-0.9058054685592651,-1.024424433708191,0.10096377039500222,0.001,0.0
teacher_forcing,430.0,-0.9074373841285706,-1.0369781255722046,0.10126872910311609,0.001,0.0
teacher_forcing,431.0,-0.9141427874565125,-1.0378297567367554,0.10122711725269122,0.001,0.0
teacher_forcing,432.0,-0.9150994420051575,-1.0228289365768433,0.10084583677591105,0.001,0.0
teacher_forcing,433.0,-0.9067550301551819,-1.0250271558761597,0.10083294811477736,0.001,0.0
teacher_forcing,434.0,-0.9084151387214661,-1.0382144451141357,0.10114187217040403,0.001,0.0
teacher_forcing,435.0,-0.9156384468078613,-1.0390383005142212,0.10110323497236816,0.001,0.0
teacher_forcing,436.0,-0.9165722131729126,-1.0233346223831177,0.10071944060842723,0.001,0.0
teacher_forcing,437.0,-0.907680094242096,-1.0255650281906128,0.10070656947170449,0.001,0.0
teacher_forcing,438.0,-0.9093676805496216,-1.0394660234451294,0.1010177176450868,0.001,0.0
teacher_forcing,439.0,-0.9171450138092041,-1.0402518510818481,0.10097630448942974,0.001,0.0
teacher_forcing,440.0,-0.9180484414100647,-1.023895263671875,0.10058661191463295,0.001,0.0
teacher_forcing,441.0,-0.908624529838562,-1.0261679887771606,0.10057272653565129,0.001,0.0
teacher_forcing,442.0,-0.9103432297706604,-1.0407233238220215,0.10088775475140464,0.001,0.0
teacher_forcing,443.0,-0.9186535477638245,-1.0414814949035645,0.10084939697770594,0.001,0.0
teacher_forcing,444.0,-0.9195354580879211,-1.0244046449661255,0.1004565221271474,0.001,0.0
teacher_forcing,445.0,-0.909551739692688,-1.0267161130905151,0.10044222696825433,0.001,0.0
teacher_forcing,446.0,-0.9113027453422546,-1.0419977903366089,0.10075938628344035,0.001,0.0
teacher_forcing,447.0,-0.9201781749725342,-1.0427203178405762,0.10071870506665395,0.001,0.0
teacher_forcing,448.0,-0.9210313558578491,-1.0249838829040527,0.10032050164075364,0.001,0.0
teacher_forcing,449.0,-0.9105122089385986,-1.0273399353027344,0.10030548212312503,0.001,0.0
teacher_forcing,450.0,-0.9122974276542664,-1.043288230895996,0.10062635302596565,0.001,0.0
teacher_forcing,451.0,-0.921712338924408,-1.0439828634262085,0.10058804408808099,0.001,0.0
teacher_forcing,452.0,-0.9225448966026306,-1.0255401134490967,0.10018540336327787,0.001,0.0
teacher_forcing,453.0,-0.9114745259284973,-1.02794349193573,0.10016913949835372,0.001,0.0
teacher_forcing,454.0,-0.9132974147796631,-1.0445977449417114,0.1004919453828001,0.001,0.0
teacher_forcing,455.0,-0.9232673645019531,-1.0452626943588257,0.10045284830969511,0.001,0.0
teacher_forcing,456.0,-0.9240757822990417,-1.0261650085449219,0.10004590999576886,0.001,0.0
teacher_forcing,457.0,-0.9124786257743835,-1.0286154747009277,0.1000292368667625,0.001,0.0
teacher_forcing,458.0,-0.9143387675285339,-1.0459388494491577,0.10035512793273316,0.001,0.0
teacher_forcing,459.0,-0.9248427748680115,-1.0465753078460693,0.10031668673564945,0.001,0.0
teacher_forcing,460.0,-0.9256313443183899,-1.0268261432647705,0.09990435416131017,0.001,0.0
teacher_forcing,461.0,-0.9135196208953857,-1.0293285846710205,0.09988593578451822,0.001,0.0
teacher_forcing,462.0,-0.9154219627380371,-1.047298550605774,0.1002137693003167,0.001,0.0
teacher_forcing,463.0,-0.9264437556266785,-1.0479151010513306,0.10017710778294035,0.001,0.0
teacher_forcing,464.0,-0.9272148013114929,-1.0275532007217407,0.09976137548868104,0.001,0.0
teacher_forcing,465.0,-0.9146112203598022,-1.0301146507263184,0.09974253557945124,0.001,0.0
teacher_forcing,466.0,-0.9165562391281128,-1.0487128496170044,0.10007254562550905,0.001,0.0
teacher_forcing,467.0,-0.9280757904052734,-1.0493011474609375,0.10003518143701114,0.001,0.0
teacher_forcing,468.0,-0.9288304448127747,-1.028363585472107,0.09961386016296589,0.001,0.0
teacher_forcing,469.0,-0.9157739877700806,-1.0309704542160034,0.09959292295039723,0.001,0.0
teacher_forcing,470.0,-0.9177632927894592,-1.0501351356506348,0.09992435951948742,0.001,0.0
teacher_forcing,471.0,-0.9297401905059814,-1.0507203340530396,0.09989013804704239,0.001,0.0
teacher_forcing,472.0,-0.9304823279380798,-1.029303789138794,0.09946729339094687,0.001,0.0
teacher_forcing,473.0,-0.9170210361480713,-1.0319875478744507,0.099446853197745,0.001,0.0
teacher_forcing,474.0,-0.919056236743927,-1.0516570806503296,0.09978029982006029,0.001,0.0
teacher_forcing,475.0,-0.931439220905304,-1.0522044897079468,0.09974436513361416,0.001,0.0
teacher_forcing,476.0,-0.9321736097335815,-1.0303114652633667,0.09931391093864501,0.001,0.0
teacher_forcing,477.0,-0.9183568358421326,-1.0330250263214111,0.0992892448371019,0.001,0.0
teacher_forcing,478.0,-0.9204371571540833,-1.0531209707260132,0.09962239565589445,0.001,0.0
teacher_forcing,479.0,-0.9331717491149902,-1.0537171363830566,0.09959513208411351,0.001,0.0
teacher_forcing,480.0,-0.933901846408844,-1.031581997871399,0.09917045094553549,0.001,0.0
teacher_forcing,481.0,-0.9198198318481445,-1.034400224685669,0.09915067981921237,0.001,0.0
teacher_forcing,482.0,-0.9219391345977783,-1.0548057556152344,0.09948652265273658,0.001,0.0
teacher_forcing,483.0,-0.9349244236946106,-1.0553112030029297,0.099448300041545,0.001,0.0
teacher_forcing,484.0,-0.935661792755127,-1.0328809022903442,0.09900982017190017,0.001,0.0
teacher_forcing,485.0,-0.9214261770248413,-1.035658836364746,0.09898083476734149,0.001,0.0
teacher_forcing,486.0,-0.9235817193984985,-1.0561355352401733,0.09931401315736184,0.001,0.0
teacher_forcing,487.0,-0.9366562962532043,-1.0568840503692627,0.09930526258864227,0.001,0.0
teacher_forcing,488.0,-0.9374217391014099,-1.0349334478378296,0.09889829754862485,0.001,0.0
teacher_forcing,489.0,-0.9233379364013672,-1.0378895998001099,0.09889031761754437,0.001,0.0
teacher_forcing,490.0,-0.9254921078681946,-1.057966947555542,0.09923036833442218,0.001,0.0
teacher_forcing,491.0,-0.9382485151290894,-1.058526873588562,0.09918776302210304,0.001,0.0
teacher_forcing,492.0,-0.9391123652458191,-1.037216067314148,0.09875475068083407,0.001,0.0
teacher_forcing,493.0,-0.9257967472076416,-1.039831519126892,0.09872518970054775,0.001,0.0
teacher_forcing,494.0,-0.9278945326805115,-1.0581023693084717,0.09905543694479925,0.001,0.0
teacher_forcing,495.0,-0.9393264651298523,-1.0595641136169434,0.09909847346645351,0.001,0.0
teacher_forcing,496.0,-0.94045090675354,-1.0421993732452393,0.09878968908789626,0.001,0.0
teacher_forcing,497.0,-0.9295339584350586,-1.044976830482483,0.09883621671228231,0.001,0.0
teacher_forcing,498.0,-0.9312999248504639,-1.0588691234588623,0.09918174757375937,0.001,0.0
teacher_forcing,499.0,-0.9392314553260803,-1.0602707862854004,0.09917363709323226,0.001,0.0
teacher_forcing,500.0,-0.9407040476799011,-1.0482516288757324,0.09881206346258974,0.001,0.0
