timestamp,index,uuid,power.draw [W],clocks.sm [MHz],clocks.mem [MHz],utilization.gpu [%],utilization.memory [%],memory.used [MiB],temperature.gpu
2026/07/21 11:15:07.829,0,GPU-03a84180-d660-dbdc-17f4-0e0655717066,83.29,1410,1593,0,0,73331,35
2026/07/21 11:15:08.079,0,GPU-03a84180-d660-dbdc-17f4-0e0655717066,83.29,1410,1593,0,0,73331,35
2026/07/21 11:15:08.329,0,GPU-03a84180-d660-dbdc-17f4-0e0655717066,83.56,1410,1593,0,0,73331,35
2026/07/21 11:15:08.579,0,GPU-03a84180-d660-dbdc-17f4-0e0655717066,83.56,1410,1593,0,0,73331,35
2026/07/21 11:15:08.829,0,GPU-03a84180-d660-dbdc-17f4-0e0655717066,82.96,1410,1593,0,0,73331,35
2026/07/21 11:15:09.079,0,GPU-03a84180-d660-dbdc-17f4-0e0655717066,83.29,1410,1593,0,0,73331,35
2026/07/21 11:15:09.329,0,GPU-03a84180-d660-dbdc-17f4-0e0655717066,83.29,1410,1593,0,0,73331,35
2026/07/21 11:15:09.579,0,GPU-03a84180-d660-dbdc-17f4-0e0655717066,83.29,1410,1593,0,0,73331,35
2026/07/21 11:15:09.829,0,GPU-03a84180-d660-dbdc-17f4-0e0655717066,83.29,1410,1593,0,0,73331,35
2026/07/21 11:15:10.080,0,GPU-03a84180-d660-dbdc-17f4-0e0655717066,82.96,1410,1593,0,0,73331,35
2026/07/21 11:15:10.330,0,GPU-03a84180-d660-dbdc-17f4-0e0655717066,83.29,1410,1593,0,0,73331,35
2026/07/21 11:15:10.580,0,GPU-03a84180-d660-dbdc-17f4-0e0655717066,83.29,1410,1593,0,0,73331,35
2026/07/21 11:15:10.830,0,GPU-03a84180-d660-dbdc-17f4-0e0655717066,83.29,1410,1593,0,0,73331,35
2026/07/21 11:15:11.080,0,GPU-03a84180-d660-dbdc-17f4-0e0655717066,83.29,1410,1593,0,0,73331,35
2026/07/21 11:15:11.330,0,GPU-03a84180-d660-dbdc-17f4-0e0655717066,83.29,1410,1593,0,0,73331,35
2026/07/21 11:15:11.580,0,GPU-03a84180-d660-dbdc-17f4-0e0655717066,83.29,1410,1593,0,0,73331,35
2026/07/21 11:15:11.830,0,GPU-03a84180-d660-dbdc-17f4-0e0655717066,83.29,1410,1593,0,0,73331,35
2026/07/21 11:15:12.080,0,GPU-03a84180-d660-dbdc-17f4-0e0655717066,83.29,1410,1593,0,0,73331,35
2026/07/21 11:15:12.330,0,GPU-03a84180-d660-dbdc-17f4-0e0655717066,82.96,1410,1593,0,0,73331,35
2026/07/21 11:15:12.580,0,GPU-03a84180-d660-dbdc-17f4-0e0655717066,83.29,1410,1593,0,0,73331,35
2026/07/21 11:15:12.830,0,GPU-03a84180-d660-dbdc-17f4-0e0655717066,83.37,1410,1593,0,0,73331,35
2026/07/21 11:15:13.081,0,GPU-03a84180-d660-dbdc-17f4-0e0655717066,83.56,1410,1593,0,0,73331,35
2026/07/21 11:15:13.331,0,GPU-03a84180-d660-dbdc-17f4-0e0655717066,83.56,1410,1593,0,0,73331,35
2026/07/21 11:15:13.581,0,GPU-03a84180-d660-dbdc-17f4-0e0655717066,83.29,1410,1593,0,0,73331,35
2026/07/21 11:15:13.831,0,GPU-03a84180-d660-dbdc-17f4-0e0655717066,83.29,1410,1593,0,0,73331,35
2026/07/21 11:15:14.081,0,GPU-03a84180-d660-dbdc-17f4-0e0655717066,83.29,1410,1593,0,0,73331,35
2026/07/21 11:15:14.331,0,GPU-03a84180-d660-dbdc-17f4-0e0655717066,83.29,1410,1593,0,0,73331,35
2026/07/21 11:15:14.581,0,GPU-03a84180-d660-dbdc-17f4-0e0655717066,83.29,1410,1593,0,0,73331,35
2026/07/21 11:15:14.831,0,GPU-03a84180-d660-dbdc-17f4-0e0655717066,82.96,1410,1593,0,0,73331,35
2026/07/21 11:15:15.081,0,GPU-03a84180-d660-dbdc-17f4-0e0655717066,82.96,1410,1593,0,0,73331,35
2026/07/21 11:15:15.331,0,GPU-03a84180-d660-dbdc-17f4-0e0655717066,83.05,1410,1593,0,0,73331,35
2026/07/21 11:15:15.581,0,GPU-03a84180-d660-dbdc-17f4-0e0655717066,83.29,1410,1593,0,0,73331,35
2026/07/21 11:15:15.832,0,GPU-03a84180-d660-dbdc-17f4-0e0655717066,83.29,1410,1593,0,0,73331,35
2026/07/21 11:15:16.082,0,GPU-03a84180-d660-dbdc-17f4-0e0655717066,83.29,1410,1593,0,0,73331,35
2026/07/21 11:15:16.332,0,GPU-03a84180-d660-dbdc-17f4-0e0655717066,82.96,1410,1593,0,0,73331,35
2026/07/21 11:15:16.582,0,GPU-03a84180-d660-dbdc-17f4-0e0655717066,83.37,1410,1593,0,0,73331,35
2026/07/21 11:15:16.832,0,GPU-03a84180-d660-dbdc-17f4-0e0655717066,83.29,1410,1593,0,0,73331,35
2026/07/21 11:15:17.082,0,GPU-03a84180-d660-dbdc-17f4-0e0655717066,83.29,1410,1593,0,0,73331,35
2026/07/21 11:15:17.332,0,GPU-03a84180-d660-dbdc-17f4-0e0655717066,83.29,1410,1593,0,0,73331,35
2026/07/21 11:15:17.582,0,GPU-03a84180-d660-dbdc-17f4-0e0655717066,83.29,1410,1593,0,0,73331,35
2026/07/21 11:15:17.832,0,GPU-03a84180-d660-dbdc-17f4-0e0655717066,82.96,1410,1593,0,0,73331,35
2026/07/21 11:15:18.082,0,GPU-03a84180-d660-dbdc-17f4-0e0655717066,83.29,1410,1593,0,0,73331,35
2026/07/21 11:15:18.332,0,GPU-03a84180-d660-dbdc-17f4-0e0655717066,83.29,1410,1593,0,0,73331,35
2026/07/21 11:15:18.583,0,GPU-03a84180-d660-dbdc-17f4-0e0655717066,82.96,1410,1593,0,0,73331,35
2026/07/21 11:15:18.833,0,GPU-03a84180-d660-dbdc-17f4-0e0655717066,82.69,1410,1593,0,0,73331,35
2026/07/21 11:15:19.083,0,GPU-03a84180-d660-dbdc-17f4-0e0655717066,82.96,1410,1593,0,0,73331,35
2026/07/21 11:15:19.333,0,GPU-03a84180-d660-dbdc-17f4-0e0655717066,82.96,1410,1593,0,0,73331,35
2026/07/21 11:15:19.583,0,GPU-03a84180-d660-dbdc-17f4-0e0655717066,82.96,1410,1593,0,0,73331,35
2026/07/21 11:15:19.833,0,GPU-03a84180-d660-dbdc-17f4-0e0655717066,82.96,1410,1593,0,0,73331,35
2026/07/21 11:15:20.083,0,GPU-03a84180-d660-dbdc-17f4-0e0655717066,82.96,1410,1593,0,0,73331,35
2026/07/21 11:15:20.333,0,GPU-03a84180-d660-dbdc-17f4-0e0655717066,82.96,1410,1593,0,0,73331,35
2026/07/21 11:15:20.583,0,GPU-03a84180-d660-dbdc-17f4-0e0655717066,82.78,1410,1593,0,0,73331,35
2026/07/21 11:15:20.833,0,GPU-03a84180-d660-dbdc-17f4-0e0655717066,82.69,1410,1593,0,0,73331,35
2026/07/21 11:15:21.083,0,GPU-03a84180-d660-dbdc-17f4-0e0655717066,82.69,1410,1593,0,0,73331,35
2026/07/21 11:15:21.333,0,GPU-03a84180-d660-dbdc-17f4-0e0655717066,82.69,1410,1593,0,0,73331,35
2026/07/21 11:15:21.583,0,GPU-03a84180-d660-dbdc-17f4-0e0655717066,82.69,1410,1593,0,0,73331,35
2026/07/21 11:15:21.834,0,GPU-03a84180-d660-dbdc-17f4-0e0655717066,82.69,1410,1593,0,0,73331,35
2026/07/21 11:15:22.084,0,GPU-03a84180-d660-dbdc-17f4-0e0655717066,82.69,1410,1593,0,0,73331,35
2026/07/21 11:15:22.334,0,GPU-03a84180-d660-dbdc-17f4-0e0655717066,82.69,1410,1593,0,0,73331,35
2026/07/21 11:15:22.584,0,GPU-03a84180-d660-dbdc-17f4-0e0655717066,82.96,1410,1593,0,0,73331,35
2026/07/21 11:15:22.834,0,GPU-03a84180-d660-dbdc-17f4-0e0655717066,82.69,1410,1593,0,0,73331,35
2026/07/21 11:15:23.084,0,GPU-03a84180-d660-dbdc-17f4-0e0655717066,82.69,1410,1593,0,0,73331,35
2026/07/21 11:15:23.334,0,GPU-03a84180-d660-dbdc-17f4-0e0655717066,82.69,1410,1593,0,0,73331,35
2026/07/21 11:15:23.584,0,GPU-03a84180-d660-dbdc-17f4-0e0655717066,82.69,1410,1593,0,0,73331,35
2026/07/21 11:15:23.834,0,GPU-03a84180-d660-dbdc-17f4-0e0655717066,82.69,1410,1593,0,0,73331,35
2026/07/21 11:15:24.084,0,GPU-03a84180-d660-dbdc-17f4-0e0655717066,82.69,1410,1593,0,0,73331,35
2026/07/21 11:15:24.335,0,GPU-03a84180-d660-dbdc-17f4-0e0655717066,82.69,1410,1593,0,0,73331,35
2026/07/21 11:15:24.585,0,GPU-03a84180-d660-dbdc-17f4-0e0655717066,82.78,1410,1593,0,0,73331,35
2026/07/21 11:15:24.835,0,GPU-03a84180-d660-dbdc-17f4-0e0655717066,82.96,1410,1593,0,0,73331,35
2026/07/21 11:15:25.085,0,GPU-03a84180-d660-dbdc-17f4-0e0655717066,82.69,1410,1593,0,0,73331,35
2026/07/21 11:15:25.335,0,GPU-03a84180-d660-dbdc-17f4-0e0655717066,82.96,1410,1593,0,0,73331,35
2026/07/21 11:15:25.585,0,GPU-03a84180-d660-dbdc-17f4-0e0655717066,82.69,1410,1593,0,0,73331,35
2026/07/21 11:15:25.835,0,GPU-03a84180-d660-dbdc-17f4-0e0655717066,82.96,1410,1593,0,0,73331,35
2026/07/21 11:15:26.085,0,GPU-03a84180-d660-dbdc-17f4-0e0655717066,82.69,1410,1593,0,0,73331,35
2026/07/21 11:15:26.335,0,GPU-03a84180-d660-dbdc-17f4-0e0655717066,82.69,1410,1593,0,0,73331,35
2026/07/21 11:15:26.585,0,GPU-03a84180-d660-dbdc-17f4-0e0655717066,82.69,1410,1593,0,0,73331,35
2026/07/21 11:15:26.835,0,GPU-03a84180-d660-dbdc-17f4-0e0655717066,82.69,1410,1593,0,0,73331,35
2026/07/21 11:15:27.085,0,GPU-03a84180-d660-dbdc-17f4-0e0655717066,82.69,1410,1593,0,0,73331,35
2026/07/21 11:15:27.336,0,GPU-03a84180-d660-dbdc-17f4-0e0655717066,82.69,1410,1593,0,0,73331,35
2026/07/21 11:15:27.586,0,GPU-03a84180-d660-dbdc-17f4-0e0655717066,82.69,1410,1593,0,0,73331,35
2026/07/21 11:15:27.836,0,GPU-03a84180-d660-dbdc-17f4-0e0655717066,82.69,1410,1593,0,0,73331,35
2026/07/21 11:15:28.086,0,GPU-03a84180-d660-dbdc-17f4-0e0655717066,82.69,1410,1593,0,0,73331,35
2026/07/21 11:15:28.336,0,GPU-03a84180-d660-dbdc-17f4-0e0655717066,82.69,1410,1593,0,0,73331,35
2026/07/21 11:15:28.586,0,GPU-03a84180-d660-dbdc-17f4-0e0655717066,82.69,1410,1593,0,0,73331,35
2026/07/21 11:15:28.836,0,GPU-03a84180-d660-dbdc-17f4-0e0655717066,82.96,1410,1593,0,0,73331,35
2026/07/21 11:15:29.086,0,GPU-03a84180-d660-dbdc-17f4-0e0655717066,82.96,1410,1593,0,0,73331,35
2026/07/21 11:15:29.336,0,GPU-03a84180-d660-dbdc-17f4-0e0655717066,82.69,1410,1593,0,0,73331,35
2026/07/21 11:15:29.586,0,GPU-03a84180-d660-dbdc-17f4-0e0655717066,82.96,1410,1593,0,0,73331,35
2026/07/21 11:15:29.836,0,GPU-03a84180-d660-dbdc-17f4-0e0655717066,82.78,1410,1593,0,0,73331,35
2026/07/21 11:15:30.086,0,GPU-03a84180-d660-dbdc-17f4-0e0655717066,82.69,1410,1593,0,0,73331,35
2026/07/21 11:15:30.336,0,GPU-03a84180-d660-dbdc-17f4-0e0655717066,82.96,1410,1593,0,0,73331,35
2026/07/21 11:15:30.586,0,GPU-03a84180-d660-dbdc-17f4-0e0655717066,82.96,1410,1593,0,0,73331,35
2026/07/21 11:15:30.837,0,GPU-03a84180-d660-dbdc-17f4-0e0655717066,82.96,1410,1593,0,0,73331,35
2026/07/21 11:15:31.087,0,GPU-03a84180-d660-dbdc-17f4-0e0655717066,82.78,1410,1593,0,0,73331,35
2026/07/21 11:15:31.337,0,GPU-03a84180-d660-dbdc-17f4-0e0655717066,82.69,1410,1593,0,0,73331,35
2026/07/21 11:15:31.587,0,GPU-03a84180-d660-dbdc-17f4-0e0655717066,82.96,1410,1593,0,0,73331,35
2026/07/21 11:15:31.837,0,GPU-03a84180-d660-dbdc-17f4-0e0655717066,82.69,1410,1593,0,0,73331,35
2026/07/21 11:15:32.087,0,GPU-03a84180-d660-dbdc-17f4-0e0655717066,82.96,1410,1593,0,0,73331,35
2026/07/21 11:15:32.337,0,GPU-03a84180-d660-dbdc-17f4-0e0655717066,82.96,1410,1593,0,0,73331,35
2026/07/21 11:15:32.587,0,GPU-03a84180-d660-dbdc-17f4-0e0655717066,82.69,1410,1593,0,0,73331,35
2026/07/21 11:15:32.837,0,GPU-03a84180-d660-dbdc-17f4-0e0655717066,82.69,1410,1593,0,0,73331,35
2026/07/21 11:15:33.087,0,GPU-03a84180-d660-dbdc-17f4-0e0655717066,82.96,1410,1593,0,0,73331,35
2026/07/21 11:15:33.337,0,GPU-03a84180-d660-dbdc-17f4-0e0655717066,82.96,1410,1593,0,0,73331,35
2026/07/21 11:15:33.587,0,GPU-03a84180-d660-dbdc-17f4-0e0655717066,82.69,1410,1593,0,0,73331,35
2026/07/21 11:15:33.837,0,GPU-03a84180-d660-dbdc-17f4-0e0655717066,82.69,1410,1593,0,0,73331,35
2026/07/21 11:15:34.088,0,GPU-03a84180-d660-dbdc-17f4-0e0655717066,82.69,1410,1593,0,0,73331,35
2026/07/21 11:15:34.338,0,GPU-03a84180-d660-dbdc-17f4-0e0655717066,82.69,1410,1593,0,0,73331,35
2026/07/21 11:15:34.588,0,GPU-03a84180-d660-dbdc-17f4-0e0655717066,82.69,1410,1593,0,0,73331,35
2026/07/21 11:15:34.838,0,GPU-03a84180-d660-dbdc-17f4-0e0655717066,82.69,1410,1593,0,0,73331,35
2026/07/21 11:15:35.088,0,GPU-03a84180-d660-dbdc-17f4-0e0655717066,82.69,1410,1593,0,0,73331,35
2026/07/21 11:15:35.338,0,GPU-03a84180-d660-dbdc-17f4-0e0655717066,82.69,1410,1593,0,0,73331,35
2026/07/21 11:15:35.588,0,GPU-03a84180-d660-dbdc-17f4-0e0655717066,82.69,1410,1593,0,0,73331,35
2026/07/21 11:15:35.838,0,GPU-03a84180-d660-dbdc-17f4-0e0655717066,82.69,1410,1593,0,0,73331,35
2026/07/21 11:15:36.088,0,GPU-03a84180-d660-dbdc-17f4-0e0655717066,82.69,1410,1593,0,0,73331,35
2026/07/21 11:15:36.338,0,GPU-03a84180-d660-dbdc-17f4-0e0655717066,82.69,1410,1593,0,0,73331,35
2026/07/21 11:15:36.588,0,GPU-03a84180-d660-dbdc-17f4-0e0655717066,82.69,1410,1593,0,0,73331,35
2026/07/21 11:15:36.839,0,GPU-03a84180-d660-dbdc-17f4-0e0655717066,82.96,1410,1593,0,0,73331,35
2026/07/21 11:15:37.089,0,GPU-03a84180-d660-dbdc-17f4-0e0655717066,83.29,1410,1593,0,0,73331,35
2026/07/21 11:15:37.339,0,GPU-03a84180-d660-dbdc-17f4-0e0655717066,82.96,1410,1593,0,0,73331,35
2026/07/21 11:15:37.589,0,GPU-03a84180-d660-dbdc-17f4-0e0655717066,82.96,1410,1593,0,0,73331,35
2026/07/21 11:15:37.839,0,GPU-03a84180-d660-dbdc-17f4-0e0655717066,82.96,1410,1593,0,0,73331,35
2026/07/21 11:15:38.089,0,GPU-03a84180-d660-dbdc-17f4-0e0655717066,82.69,1410,1593,0,0,73331,35
2026/07/21 11:15:38.339,0,GPU-03a84180-d660-dbdc-17f4-0e0655717066,82.96,1410,1593,0,0,73331,35
2026/07/21 11:15:38.589,0,GPU-03a84180-d660-dbdc-17f4-0e0655717066,82.69,1410,1593,0,0,73331,35
2026/07/21 11:15:38.839,0,GPU-03a84180-d660-dbdc-17f4-0e0655717066,82.69,1410,1593,0,0,73331,35
2026/07/21 11:15:39.089,0,GPU-03a84180-d660-dbdc-17f4-0e0655717066,82.69,1410,1593,0,0,73331,35
2026/07/21 11:15:39.339,0,GPU-03a84180-d660-dbdc-17f4-0e0655717066,82.69,1410,1593,0,0,73331,35
2026/07/21 11:15:39.590,0,GPU-03a84180-d660-dbdc-17f4-0e0655717066,82.69,1410,1593,0,0,73331,35
2026/07/21 11:15:39.840,0,GPU-03a84180-d660-dbdc-17f4-0e0655717066,82.69,1410,1593,0,0,73331,35
2026/07/21 11:15:40.090,0,GPU-03a84180-d660-dbdc-17f4-0e0655717066,82.96,1410,1593,0,0,73331,35
2026/07/21 11:15:40.340,0,GPU-03a84180-d660-dbdc-17f4-0e0655717066,82.96,1410,1593,0,0,73331,35
2026/07/21 11:15:40.590,0,GPU-03a84180-d660-dbdc-17f4-0e0655717066,82.69,1410,1593,0,0,73331,35
2026/07/21 11:15:40.840,0,GPU-03a84180-d660-dbdc-17f4-0e0655717066,82.69,1410,1593,0,0,73331,35
2026/07/21 11:15:41.090,0,GPU-03a84180-d660-dbdc-17f4-0e0655717066,82.69,1410,1593,0,0,73331,35
2026/07/21 11:15:41.340,0,GPU-03a84180-d660-dbdc-17f4-0e0655717066,82.69,1410,1593,0,0,73331,35
2026/07/21 11:15:41.590,0,GPU-03a84180-d660-dbdc-17f4-0e0655717066,83.05,1410,1593,0,0,73331,35
2026/07/21 11:15:41.840,0,GPU-03a84180-d660-dbdc-17f4-0e0655717066,82.69,1410,1593,0,0,73331,35
2026/07/21 11:15:42.091,0,GPU-03a84180-d660-dbdc-17f4-0e0655717066,82.78,1410,1593,0,0,73331,35
2026/07/21 11:15:42.341,0,GPU-03a84180-d660-dbdc-17f4-0e0655717066,82.69,1410,1593,0,0,73331,35
2026/07/21 11:15:42.591,0,GPU-03a84180-d660-dbdc-17f4-0e0655717066,82.69,1410,1593,0,0,73331,35
2026/07/21 11:15:42.841,0,GPU-03a84180-d660-dbdc-17f4-0e0655717066,82.78,1410,1593,0,0,73331,35
2026/07/21 11:15:43.091,0,GPU-03a84180-d660-dbdc-17f4-0e0655717066,82.69,1410,1593,0,0,73331,35
2026/07/21 11:15:43.341,0,GPU-03a84180-d660-dbdc-17f4-0e0655717066,82.69,1410,1593,0,0,73331,35
2026/07/21 11:15:43.591,0,GPU-03a84180-d660-dbdc-17f4-0e0655717066,82.96,1410,1593,0,0,73331,35
2026/07/21 11:15:43.841,0,GPU-03a84180-d660-dbdc-17f4-0e0655717066,82.96,1410,1593,0,0,73331,35
2026/07/21 11:15:44.091,0,GPU-03a84180-d660-dbdc-17f4-0e0655717066,83.29,1410,1593,0,0,73331,35
2026/07/21 11:15:44.341,0,GPU-03a84180-d660-dbdc-17f4-0e0655717066,82.96,1410,1593,0,0,73331,35
2026/07/21 11:15:44.591,0,GPU-03a84180-d660-dbdc-17f4-0e0655717066,82.69,1410,1593,0,0,73331,35
2026/07/21 11:15:44.842,0,GPU-03a84180-d660-dbdc-17f4-0e0655717066,82.69,1410,1593,0,0,73331,35
2026/07/21 11:15:45.092,0,GPU-03a84180-d660-dbdc-17f4-0e0655717066,82.69,1410,1593,0,0,73331,35
2026/07/21 11:15:45.342,0,GPU-03a84180-d660-dbdc-17f4-0e0655717066,82.78,1410,1593,0,0,73331,35
2026/07/21 11:15:45.592,0,GPU-03a84180-d660-dbdc-17f4-0e0655717066,82.69,1410,1593,0,0,73331,35
2026/07/21 11:15:45.842,0,GPU-03a84180-d660-dbdc-17f4-0e0655717066,82.69,1410,1593,0,0,73331,35
2026/07/21 11:15:46.092,0,GPU-03a84180-d660-dbdc-17f4-0e0655717066,82.69,1410,1593,0,0,73331,35
2026/07/21 11:15:46.342,0,GPU-03a84180-d660-dbdc-17f4-0e0655717066,82.96,1410,1593,0,0,73331,35
2026/07/21 11:15:46.592,0,GPU-03a84180-d660-dbdc-17f4-0e0655717066,82.69,1410,1593,0,0,73331,35
2026/07/21 11:15:46.842,0,GPU-03a84180-d660-dbdc-17f4-0e0655717066,82.69,1410,1593,0,0,73331,35
2026/07/21 11:15:47.092,0,GPU-03a84180-d660-dbdc-17f4-0e0655717066,82.69,1410,1593,0,0,73331,35
2026/07/21 11:15:47.342,0,GPU-03a84180-d660-dbdc-17f4-0e0655717066,82.69,1410,1593,0,0,73331,35
2026/07/21 11:15:47.592,0,GPU-03a84180-d660-dbdc-17f4-0e0655717066,82.96,1410,1593,0,0,73331,35
2026/07/21 11:15:47.842,0,GPU-03a84180-d660-dbdc-17f4-0e0655717066,82.69,1410,1593,0,0,73331,35
2026/07/21 11:15:48.092,0,GPU-03a84180-d660-dbdc-17f4-0e0655717066,82.78,1410,1593,0,0,73331,35
2026/07/21 11:15:48.343,0,GPU-03a84180-d660-dbdc-17f4-0e0655717066,82.69,1410,1593,0,0,73331,35
2026/07/21 11:15:48.593,0,GPU-03a84180-d660-dbdc-17f4-0e0655717066,82.96,1410,1593,0,0,73331,35
2026/07/21 11:15:48.843,0,GPU-03a84180-d660-dbdc-17f4-0e0655717066,82.96,1410,1593,0,0,73331,35
2026/07/21 11:15:49.093,0,GPU-03a84180-d660-dbdc-17f4-0e0655717066,82.69,1410,1593,0,0,73331,35
2026/07/21 11:15:49.343,0,GPU-03a84180-d660-dbdc-17f4-0e0655717066,82.78,1410,1593,0,0,73331,35
2026/07/21 11:15:49.593,0,GPU-03a84180-d660-dbdc-17f4-0e0655717066,83.29,1410,1593,0,0,73331,35
2026/07/21 11:15:49.843,0,GPU-03a84180-d660-dbdc-17f4-0e0655717066,82.96,1410,1593,0,0,73331,35
2026/07/21 11:15:50.093,0,GPU-03a84180-d660-dbdc-17f4-0e0655717066,82.96,1410,1593,0,0,73331,35
2026/07/21 11:15:50.343,0,GPU-03a84180-d660-dbdc-17f4-0e0655717066,82.69,1410,1593,0,0,73331,35
2026/07/21 11:15:50.593,0,GPU-03a84180-d660-dbdc-17f4-0e0655717066,82.69,1410,1593,0,0,73331,35
2026/07/21 11:15:50.843,0,GPU-03a84180-d660-dbdc-17f4-0e0655717066,82.69,1410,1593,0,0,73331,35
2026/07/21 11:15:51.094,0,GPU-03a84180-d660-dbdc-17f4-0e0655717066,82.96,1410,1593,0,0,73331,35
2026/07/21 11:15:51.344,0,GPU-03a84180-d660-dbdc-17f4-0e0655717066,82.69,1410,1593,0,0,73331,35
2026/07/21 11:15:51.594,0,GPU-03a84180-d660-dbdc-17f4-0e0655717066,82.69,1410,1593,0,0,73331,35
2026/07/21 11:15:51.844,0,GPU-03a84180-d660-dbdc-17f4-0e0655717066,82.78,1410,1593,0,0,73331,35
2026/07/21 11:15:52.094,0,GPU-03a84180-d660-dbdc-17f4-0e0655717066,82.96,1410,1593,0,0,73331,35
2026/07/21 11:15:52.344,0,GPU-03a84180-d660-dbdc-17f4-0e0655717066,82.69,1410,1593,0,0,73331,35
2026/07/21 11:15:52.594,0,GPU-03a84180-d660-dbdc-17f4-0e0655717066,82.69,1410,1593,0,0,73331,35
2026/07/21 11:15:52.844,0,GPU-03a84180-d660-dbdc-17f4-0e0655717066,82.96,1410,1593,0,0,73331,35
2026/07/21 11:15:53.094,0,GPU-03a84180-d660-dbdc-17f4-0e0655717066,82.69,1410,1593,0,0,73331,35
2026/07/21 11:15:53.344,0,GPU-03a84180-d660-dbdc-17f4-0e0655717066,82.69,1410,1593,0,0,73331,35
2026/07/21 11:15:53.594,0,GPU-03a84180-d660-dbdc-17f4-0e0655717066,82.69,1410,1593,0,0,73331,35
2026/07/21 11:15:53.844,0,GPU-03a84180-d660-dbdc-17f4-0e0655717066,82.69,1410,1593,0,0,73331,35
2026/07/21 11:15:54.095,0,GPU-03a84180-d660-dbdc-17f4-0e0655717066,82.69,1410,1593,0,0,73331,35
2026/07/21 11:15:54.345,0,GPU-03a84180-d660-dbdc-17f4-0e0655717066,82.96,1410,1593,0,0,73331,35
2026/07/21 11:15:54.595,0,GPU-03a84180-d660-dbdc-17f4-0e0655717066,82.96,1410,1593,0,0,73331,35
2026/07/21 11:15:54.845,0,GPU-03a84180-d660-dbdc-17f4-0e0655717066,82.69,1410,1593,0,0,73331,35
2026/07/21 11:15:55.095,0,GPU-03a84180-d660-dbdc-17f4-0e0655717066,82.96,1410,1593,0,0,73331,35
2026/07/21 11:15:55.345,0,GPU-03a84180-d660-dbdc-17f4-0e0655717066,82.78,1410,1593,0,0,73331,35
2026/07/21 11:15:55.595,0,GPU-03a84180-d660-dbdc-17f4-0e0655717066,82.96,1410,1593,0,0,73331,35
2026/07/21 11:15:55.845,0,GPU-03a84180-d660-dbdc-17f4-0e0655717066,82.69,1410,1593,0,0,73331,35
2026/07/21 11:15:56.095,0,GPU-03a84180-d660-dbdc-17f4-0e0655717066,82.96,1410,1593,0,0,73331,35
2026/07/21 11:15:56.345,0,GPU-03a84180-d660-dbdc-17f4-0e0655717066,82.69,1410,1593,0,0,73331,35
2026/07/21 11:15:56.596,0,GPU-03a84180-d660-dbdc-17f4-0e0655717066,82.69,1410,1593,0,0,73331,35
2026/07/21 11:15:56.846,0,GPU-03a84180-d660-dbdc-17f4-0e0655717066,82.69,1410,1593,0,0,73331,35
2026/07/21 11:15:57.096,0,GPU-03a84180-d660-dbdc-17f4-0e0655717066,83.05,1410,1593,0,0,73331,35
2026/07/21 11:15:57.346,0,GPU-03a84180-d660-dbdc-17f4-0e0655717066,82.96,1410,1593,0,0,73331,35
2026/07/21 11:15:57.596,0,GPU-03a84180-d660-dbdc-17f4-0e0655717066,82.96,1410,1593,0,0,73331,35
2026/07/21 11:15:57.846,0,GPU-03a84180-d660-dbdc-17f4-0e0655717066,82.96,1410,1593,0,0,73331,35
2026/07/21 11:15:58.096,0,GPU-03a84180-d660-dbdc-17f4-0e0655717066,82.96,1410,1593,0,0,73331,35
2026/07/21 11:15:58.346,0,GPU-03a84180-d660-dbdc-17f4-0e0655717066,82.69,1410,1593,0,0,73331,35
2026/07/21 11:15:58.596,0,GPU-03a84180-d660-dbdc-17f4-0e0655717066,82.96,1410,1593,0,0,73331,35
2026/07/21 11:15:58.846,0,GPU-03a84180-d660-dbdc-17f4-0e0655717066,82.96,1410,1593,0,0,73331,35
2026/07/21 11:15:59.097,0,GPU-03a84180-d660-dbdc-17f4-0e0655717066,82.96,1410,1593,0,0,73331,35
2026/07/21 11:15:59.347,0,GPU-03a84180-d660-dbdc-17f4-0e0655717066,82.96,1410,1593,0,0,73331,35
2026/07/21 11:15:59.597,0,GPU-03a84180-d660-dbdc-17f4-0e0655717066,82.69,1410,1593,0,0,73331,35
2026/07/21 11:15:59.847,0,GPU-03a84180-d660-dbdc-17f4-0e0655717066,82.69,1410,1593,0,0,73331,35
2026/07/21 11:16:00.097,0,GPU-03a84180-d660-dbdc-17f4-0e0655717066,82.96,1410,1593,0,0,73331,35
2026/07/21 11:16:00.347,0,GPU-03a84180-d660-dbdc-17f4-0e0655717066,82.96,1410,1593,0,0,73331,35
2026/07/21 11:16:00.597,0,GPU-03a84180-d660-dbdc-17f4-0e0655717066,82.96,1410,1593,0,0,73331,35
2026/07/21 11:16:00.847,0,GPU-03a84180-d660-dbdc-17f4-0e0655717066,82.96,1410,1593,0,0,73331,35
2026/07/21 11:16:01.097,0,GPU-03a84180-d660-dbdc-17f4-0e0655717066,83.05,1410,1593,0,0,73331,35
2026/07/21 11:16:01.347,0,GPU-03a84180-d660-dbdc-17f4-0e0655717066,82.96,1410,1593,0,0,73331,35
2026/07/21 11:16:01.597,0,GPU-03a84180-d660-dbdc-17f4-0e0655717066,82.96,1410,1593,0,0,73331,35
2026/07/21 11:16:01.847,0,GPU-03a84180-d660-dbdc-17f4-0e0655717066,83.29,1410,1593,0,0,73331,35
2026/07/21 11:16:02.098,0,GPU-03a84180-d660-dbdc-17f4-0e0655717066,82.96,1410,1593,0,0,73331,35
2026/07/21 11:16:02.348,0,GPU-03a84180-d660-dbdc-17f4-0e0655717066,83.05,1410,1593,0,0,73331,35
2026/07/21 11:16:02.598,0,GPU-03a84180-d660-dbdc-17f4-0e0655717066,82.96,1410,1593,0,0,73331,35
2026/07/21 11:16:02.848,0,GPU-03a84180-d660-dbdc-17f4-0e0655717066,82.96,1410,1593,0,0,73331,35
2026/07/21 11:16:03.098,0,GPU-03a84180-d660-dbdc-17f4-0e0655717066,82.96,1410,1593,0,0,73331,35
2026/07/21 11:16:03.348,0,GPU-03a84180-d660-dbdc-17f4-0e0655717066,82.96,1410,1593,0,0,73331,35
2026/07/21 11:16:03.598,0,GPU-03a84180-d660-dbdc-17f4-0e0655717066,82.69,1410,1593,0,0,73331,35
2026/07/21 11:16:03.848,0,GPU-03a84180-d660-dbdc-17f4-0e0655717066,82.69,1410,1593,0,0,73331,35
2026/07/21 11:16:04.098,0,GPU-03a84180-d660-dbdc-17f4-0e0655717066,82.96,1410,1593,0,0,73331,35
2026/07/21 11:16:04.348,0,GPU-03a84180-d660-dbdc-17f4-0e0655717066,82.96,1410,1593,0,0,73331,35
2026/07/21 11:16:04.598,0,GPU-03a84180-d660-dbdc-17f4-0e0655717066,82.96,1410,1593,0,0,73331,35
2026/07/21 11:16:04.848,0,GPU-03a84180-d660-dbdc-17f4-0e0655717066,82.96,1410,1593,0,0,73331,35
2026/07/21 11:16:05.099,0,GPU-03a84180-d660-dbdc-17f4-0e0655717066,82.96,1410,1593,0,0,73331,35
2026/07/21 11:16:05.349,0,GPU-03a84180-d660-dbdc-17f4-0e0655717066,82.96,1410,1593,0,0,73331,35
2026/07/21 11:16:05.599,0,GPU-03a84180-d660-dbdc-17f4-0e0655717066,82.96,1410,1593,0,0,73331,35
2026/07/21 11:16:05.849,0,GPU-03a84180-d660-dbdc-17f4-0e0655717066,82.96,1410,1593,0,0,73331,35
2026/07/21 11:16:06.099,0,GPU-03a84180-d660-dbdc-17f4-0e0655717066,82.96,1410,1593,0,0,73331,35
2026/07/21 11:16:06.349,0,GPU-03a84180-d660-dbdc-17f4-0e0655717066,82.96,1410,1593,0,0,73331,35
2026/07/21 11:16:06.599,0,GPU-03a84180-d660-dbdc-17f4-0e0655717066,82.96,1410,1593,0,0,73331,35
2026/07/21 11:16:06.849,0,GPU-03a84180-d660-dbdc-17f4-0e0655717066,82.96,1410,1593,0,0,73331,35
2026/07/21 11:16:07.099,0,GPU-03a84180-d660-dbdc-17f4-0e0655717066,82.96,1410,1593,0,0,73331,35
2026/07/21 11:16:07.349,0,GPU-03a84180-d660-dbdc-17f4-0e0655717066,82.96,1410,1593,0,0,73331,35
2026/07/21 11:16:07.599,0,GPU-03a84180-d660-dbdc-17f4-0e0655717066,83.37,1410,1593,0,0,73331,35
2026/07/21 11:16:07.850,0,GPU-03a84180-d660-dbdc-17f4-0e0655717066,82.96,1410,1593,0,0,73331,35
2026/07/21 11:16:08.100,0,GPU-03a84180-d660-dbdc-17f4-0e0655717066,82.96,1410,1593,0,0,73429,35
2026/07/21 11:16:08.350,0,GPU-03a84180-d660-dbdc-17f4-0e0655717066,89.60,1410,1593,69,21,74197,45
2026/07/21 11:16:08.600,0,GPU-03a84180-d660-dbdc-17f4-0e0655717066,485.16,1395,1593,52,15,74197,50
2026/07/21 11:16:08.850,0,GPU-03a84180-d660-dbdc-17f4-0e0655717066,283.56,1395,1593,100,29,74197,53
2026/07/21 11:16:09.100,0,GPU-03a84180-d660-dbdc-17f4-0e0655717066,86.31,1410,1593,0,0,74197,45
2026/07/21 11:16:09.350,0,GPU-03a84180-d660-dbdc-17f4-0e0655717066,491.29,1410,1593,88,26,74197,53
2026/07/21 11:16:09.600,0,GPU-03a84180-d660-dbdc-17f4-0e0655717066,300.73,1410,1593,100,30,74197,50
2026/07/21 11:16:09.850,0,GPU-03a84180-d660-dbdc-17f4-0e0655717066,288.69,1410,1593,94,67,74197,47
2026/07/21 11:16:10.100,0,GPU-03a84180-d660-dbdc-17f4-0e0655717066,289.61,1410,1593,94,73,74197,46
2026/07/21 11:16:10.350,0,GPU-03a84180-d660-dbdc-17f4-0e0655717066,293.22,1410,1593,94,73,74197,46
2026/07/21 11:16:10.600,0,GPU-03a84180-d660-dbdc-17f4-0e0655717066,289.28,1410,1593,94,73,74197,46
2026/07/21 11:16:10.851,0,GPU-03a84180-d660-dbdc-17f4-0e0655717066,289.61,1410,1593,94,74,74197,46
2026/07/21 11:16:11.101,0,GPU-03a84180-d660-dbdc-17f4-0e0655717066,300.69,1410,1593,94,74,74197,46
2026/07/21 11:16:11.351,0,GPU-03a84180-d660-dbdc-17f4-0e0655717066,285.40,1410,1593,94,73,74197,47
2026/07/21 11:16:11.601,0,GPU-03a84180-d660-dbdc-17f4-0e0655717066,284.80,1410,1593,94,70,74197,47
2026/07/21 11:16:11.851,0,GPU-03a84180-d660-dbdc-17f4-0e0655717066,496.09,1395,1593,98,40,74197,56
2026/07/21 11:16:12.101,0,GPU-03a84180-d660-dbdc-17f4-0e0655717066,493.39,1395,1593,100,24,74197,58
2026/07/21 11:16:12.351,0,GPU-03a84180-d660-dbdc-17f4-0e0655717066,490.96,1395,1593,99,20,74197,58
2026/07/21 11:16:12.601,0,GPU-03a84180-d660-dbdc-17f4-0e0655717066,501.80,1395,1593,100,18,74197,59
2026/07/21 11:16:12.851,0,GPU-03a84180-d660-dbdc-17f4-0e0655717066,518.56,1410,1593,100,19,74197,60
2026/07/21 11:16:13.101,0,GPU-03a84180-d660-dbdc-17f4-0e0655717066,484.65,1380,1593,99,20,74197,60
2026/07/21 11:16:13.351,0,GPU-03a84180-d660-dbdc-17f4-0e0655717066,507.19,1395,1593,100,23,74197,60
2026/07/21 11:16:13.601,0,GPU-03a84180-d660-dbdc-17f4-0e0655717066,484.39,1410,1593,99,23,74197,60
2026/07/21 11:16:13.852,0,GPU-03a84180-d660-dbdc-17f4-0e0655717066,502.98,1395,1593,100,19,74197,61
2026/07/21 11:16:14.102,0,GPU-03a84180-d660-dbdc-17f4-0e0655717066,497.59,1395,1593,100,19,74197,61
2026/07/21 11:16:14.352,0,GPU-03a84180-d660-dbdc-17f4-0e0655717066,325.09,1410,1593,99,21,74197,53
2026/07/21 11:16:14.602,0,GPU-03a84180-d660-dbdc-17f4-0e0655717066,322.39,1410,1593,96,81,74197,52
2026/07/21 11:16:14.852,0,GPU-03a84180-d660-dbdc-17f4-0e0655717066,316.07,1410,1593,95,81,74197,51
2026/07/21 11:16:15.102,0,GPU-03a84180-d660-dbdc-17f4-0e0655717066,423.60,1410,1593,95,79,74197,51
2026/07/21 11:16:15.352,0,GPU-03a84180-d660-dbdc-17f4-0e0655717066,302.84,1410,1593,97,54,74197,52
2026/07/21 11:16:15.602,0,GPU-03a84180-d660-dbdc-17f4-0e0655717066,320.56,1410,1593,97,53,74197,52
2026/07/21 11:16:15.852,0,GPU-03a84180-d660-dbdc-17f4-0e0655717066,299.22,1410,1593,96,76,74197,51
2026/07/21 11:16:16.102,0,GPU-03a84180-d660-dbdc-17f4-0e0655717066,304.95,1410,1593,96,76,74197,50
2026/07/21 11:16:16.352,0,GPU-03a84180-d660-dbdc-17f4-0e0655717066,301.92,1410,1593,96,76,74197,50
2026/07/21 11:16:16.603,0,GPU-03a84180-d660-dbdc-17f4-0e0655717066,306.73,1410,1593,96,76,74197,50
2026/07/21 11:16:16.853,0,GPU-03a84180-d660-dbdc-17f4-0e0655717066,302.52,1410,1593,96,76,74197,50
2026/07/21 11:16:17.103,0,GPU-03a84180-d660-dbdc-17f4-0e0655717066,299.22,1410,1593,96,76,74197,50
2026/07/21 11:16:17.353,0,GPU-03a84180-d660-dbdc-17f4-0e0655717066,305.81,1410,1593,96,76,74197,52
2026/07/21 11:16:17.603,0,GPU-03a84180-d660-dbdc-17f4-0e0655717066,504.17,1395,1593,96,64,74197,59
2026/07/21 11:16:17.853,0,GPU-03a84180-d660-dbdc-17f4-0e0655717066,321.80,1410,1593,99,30,74197,55
2026/07/21 11:16:18.103,0,GPU-03a84180-d660-dbdc-17f4-0e0655717066,405.85,1410,1593,96,79,74197,57
2026/07/21 11:16:18.353,0,GPU-03a84180-d660-dbdc-17f4-0e0655717066,490.70,1395,1593,99,32,74197,60
2026/07/21 11:16:18.603,0,GPU-03a84180-d660-dbdc-17f4-0e0655717066,316.35,1410,1593,99,32,74197,55
2026/07/21 11:16:18.853,0,GPU-03a84180-d660-dbdc-17f4-0e0655717066,315.75,1410,1593,96,79,74197,52
2026/07/21 11:16:19.103,0,GPU-03a84180-d660-dbdc-17f4-0e0655717066,317.58,1410,1593,96,79,74197,52
2026/07/21 11:16:19.354,0,GPU-03a84180-d660-dbdc-17f4-0e0655717066,315.16,1410,1593,96,79,74197,52
2026/07/21 11:16:19.604,0,GPU-03a84180-d660-dbdc-17f4-0e0655717066,317.86,1410,1593,96,79,74197,52
2026/07/21 11:16:19.854,0,GPU-03a84180-d660-dbdc-17f4-0e0655717066,314.56,1410,1593,96,80,74197,51
2026/07/21 11:16:20.104,0,GPU-03a84180-d660-dbdc-17f4-0e0655717066,310.03,1410,1593,96,80,74197,51
2026/07/21 11:16:20.354,0,GPU-03a84180-d660-dbdc-17f4-0e0655717066,409.79,1410,1593,96,80,74197,51
2026/07/21 11:16:20.604,0,GPU-03a84180-d660-dbdc-17f4-0e0655717066,326.87,1410,1593,98,46,74197,54
2026/07/21 11:16:20.854,0,GPU-03a84180-d660-dbdc-17f4-0e0655717066,317.86,1410,1593,96,80,74197,53
2026/07/21 11:16:21.104,0,GPU-03a84180-d660-dbdc-17f4-0e0655717066,316.94,1410,1593,96,80,74197,52
2026/07/21 11:16:21.354,0,GPU-03a84180-d660-dbdc-17f4-0e0655717066,317.53,1410,1593,96,80,74197,52
2026/07/21 11:16:21.604,0,GPU-03a84180-d660-dbdc-17f4-0e0655717066,314.83,1410,1593,95,79,74197,52
2026/07/21 11:16:21.854,0,GPU-03a84180-d660-dbdc-17f4-0e0655717066,317.26,1410,1593,96,80,74197,52
2026/07/21 11:16:22.104,0,GPU-03a84180-d660-dbdc-17f4-0e0655717066,313.05,1410,1593,96,79,74197,52
2026/07/21 11:16:22.355,0,GPU-03a84180-d660-dbdc-17f4-0e0655717066,321.15,1410,1593,96,80,74197,52
2026/07/21 11:16:22.605,0,GPU-03a84180-d660-dbdc-17f4-0e0655717066,487.67,1410,1593,96,80,74197,58
2026/07/21 11:16:22.855,0,GPU-03a84180-d660-dbdc-17f4-0e0655717066,495.49,1395,1593,100,21,74197,61
2026/07/21 11:16:23.105,0,GPU-03a84180-d660-dbdc-17f4-0e0655717066,331.68,1410,1593,97,53,74197,55
2026/07/21 11:16:23.355,0,GPU-03a84180-d660-dbdc-17f4-0e0655717066,322.07,1410,1593,96,81,74197,54
2026/07/21 11:16:23.605,0,GPU-03a84180-d660-dbdc-17f4-0e0655717066,323.26,1410,1593,96,81,74197,53
2026/07/21 11:16:23.855,0,GPU-03a84180-d660-dbdc-17f4-0e0655717066,323.51,1410,1593,96,81,74197,53
2026/07/21 11:16:24.105,0,GPU-03a84180-d660-dbdc-17f4-0e0655717066,323.85,1410,1593,95,57,74197,54
2026/07/21 11:16:24.356,0,GPU-03a84180-d660-dbdc-17f4-0e0655717066,323.85,1410,1593,96,81,74197,53
2026/07/21 11:16:24.606,0,GPU-03a84180-d660-dbdc-17f4-0e0655717066,319.05,1410,1593,96,81,74197,53
2026/07/21 11:16:24.856,0,GPU-03a84180-d660-dbdc-17f4-0e0655717066,318.44,1410,1593,96,81,74197,53
2026/07/21 11:16:25.106,0,GPU-03a84180-d660-dbdc-17f4-0e0655717066,320.82,1410,1593,96,81,74197,53
2026/07/21 11:16:25.356,0,GPU-03a84180-d660-dbdc-17f4-0e0655717066,326.87,1410,1593,96,81,74197,53
2026/07/21 11:16:25.606,0,GPU-03a84180-d660-dbdc-17f4-0e0655717066,327.20,1410,1593,96,64,74197,54
2026/07/21 11:16:25.856,0,GPU-03a84180-d660-dbdc-17f4-0e0655717066,307.33,1410,1593,96,74,74197,53
2026/07/21 11:16:26.106,0,GPU-03a84180-d660-dbdc-17f4-0e0655717066,311.27,1410,1593,96,80,74197,53
2026/07/21 11:16:26.356,0,GPU-03a84180-d660-dbdc-17f4-0e0655717066,308.57,1410,1593,96,64,74197,53
2026/07/21 11:16:26.606,0,GPU-03a84180-d660-dbdc-17f4-0e0655717066,315.16,1410,1593,96,81,74197,53
2026/07/21 11:16:26.856,0,GPU-03a84180-d660-dbdc-17f4-0e0655717066,305.81,1410,1593,95,79,74197,52
2026/07/21 11:16:27.107,0,GPU-03a84180-d660-dbdc-17f4-0e0655717066,306.14,1410,1593,95,78,74197,52
2026/07/21 11:16:27.357,0,GPU-03a84180-d660-dbdc-17f4-0e0655717066,301.93,1410,1593,95,79,74197,52
2026/07/21 11:16:27.607,0,GPU-03a84180-d660-dbdc-17f4-0e0655717066,296.52,1410,1593,95,79,74197,52
2026/07/21 11:16:27.857,0,GPU-03a84180-d660-dbdc-17f4-0e0655717066,299.82,1410,1593,95,79,74197,52
2026/07/21 11:16:28.107,0,GPU-03a84180-d660-dbdc-17f4-0e0655717066,300.41,1410,1593,95,71,74197,52
2026/07/21 11:16:28.357,0,GPU-03a84180-d660-dbdc-17f4-0e0655717066,309.16,1410,1593,95,78,74197,52
2026/07/21 11:16:28.607,0,GPU-03a84180-d660-dbdc-17f4-0e0655717066,311.54,1410,1593,95,70,74197,52
2026/07/21 11:16:28.857,0,GPU-03a84180-d660-dbdc-17f4-0e0655717066,313.65,1410,1593,96,79,74197,52
2026/07/21 11:16:29.107,0,GPU-03a84180-d660-dbdc-17f4-0e0655717066,312.46,1410,1593,95,79,74197,52
2026/07/21 11:16:29.357,0,GPU-03a84180-d660-dbdc-17f4-0e0655717066,312.13,1410,1593,95,79,74197,52
2026/07/21 11:16:29.607,0,GPU-03a84180-d660-dbdc-17f4-0e0655717066,311.27,1410,1593,95,78,74197,52
2026/07/21 11:16:29.858,0,GPU-03a84180-d660-dbdc-17f4-0e0655717066,310.62,1410,1593,95,79,74197,52
2026/07/21 11:16:30.108,0,GPU-03a84180-d660-dbdc-17f4-0e0655717066,309.76,1410,1593,95,79,74197,52
2026/07/21 11:16:30.358,0,GPU-03a84180-d660-dbdc-17f4-0e0655717066,308.57,1410,1593,96,79,74197,53
2026/07/21 11:16:30.608,0,GPU-03a84180-d660-dbdc-17f4-0e0655717066,308.57,1410,1593,96,79,74197,53
2026/07/21 11:16:30.858,0,GPU-03a84180-d660-dbdc-17f4-0e0655717066,327.79,1410,1593,97,66,74197,54
2026/07/21 11:16:31.108,0,GPU-03a84180-d660-dbdc-17f4-0e0655717066,276.05,1410,1593,93,74,74197,56
2026/07/21 11:16:31.358,0,GPU-03a84180-d660-dbdc-17f4-0e0655717066,504.17,1410,1593,100,18,74197,62
2026/07/21 11:16:31.608,0,GPU-03a84180-d660-dbdc-17f4-0e0655717066,498.45,1395,1593,100,18,74197,59
2026/07/21 11:16:31.858,0,GPU-03a84180-d660-dbdc-17f4-0e0655717066,326.28,1410,1593,97,56,74197,56
2026/07/21 11:16:32.108,0,GPU-03a84180-d660-dbdc-17f4-0e0655717066,327.79,1410,1593,96,82,74197,55
2026/07/21 11:16:32.358,0,GPU-03a84180-d660-dbdc-17f4-0e0655717066,324.50,1410,1593,96,82,74197,54
2026/07/21 11:16:32.608,0,GPU-03a84180-d660-dbdc-17f4-0e0655717066,319.96,1410,1593,96,82,74197,54
2026/07/21 11:16:32.859,0,GPU-03a84180-d660-dbdc-17f4-0e0655717066,320.88,1410,1593,96,82,74197,54
2026/07/21 11:16:33.109,0,GPU-03a84180-d660-dbdc-17f4-0e0655717066,323.26,1410,1593,96,81,74197,54
2026/07/21 11:16:33.359,0,GPU-03a84180-d660-dbdc-17f4-0e0655717066,325.96,1410,1593,96,70,74197,56
2026/07/21 11:16:33.609,0,GPU-03a84180-d660-dbdc-17f4-0e0655717066,335.90,1410,1593,96,75,74197,54
2026/07/21 11:16:33.859,0,GPU-03a84180-d660-dbdc-17f4-0e0655717066,331.07,1410,1593,96,82,74197,54
2026/07/21 11:16:34.109,0,GPU-03a84180-d660-dbdc-17f4-0e0655717066,333.77,1410,1593,96,82,74197,54
2026/07/21 11:16:34.359,0,GPU-03a84180-d660-dbdc-17f4-0e0655717066,353.89,1410,1593,96,54,74197,56
2026/07/21 11:16:34.609,0,GPU-03a84180-d660-dbdc-17f4-0e0655717066,326.87,1410,1593,97,67,74197,55
2026/07/21 11:16:34.859,0,GPU-03a84180-d660-dbdc-17f4-0e0655717066,325.09,1410,1593,96,81,74197,54
2026/07/21 11:16:35.109,0,GPU-03a84180-d660-dbdc-17f4-0e0655717066,325.96,1410,1593,96,83,74197,54
2026/07/21 11:16:35.359,0,GPU-03a84180-d660-dbdc-17f4-0e0655717066,330.74,1410,1593,96,73,74197,55
2026/07/21 11:16:35.609,0,GPU-03a84180-d660-dbdc-17f4-0e0655717066,326.61,1410,1593,96,83,74197,54
2026/07/21 11:16:35.860,0,GPU-03a84180-d660-dbdc-17f4-0e0655717066,326.87,1410,1593,96,83,74197,54
2026/07/21 11:16:36.110,0,GPU-03a84180-d660-dbdc-17f4-0e0655717066,325.36,1410,1593,96,83,74197,56
2026/07/21 11:16:36.360,0,GPU-03a84180-d660-dbdc-17f4-0e0655717066,340.71,1410,1593,97,52,74197,55
2026/07/21 11:16:36.610,0,GPU-03a84180-d660-dbdc-17f4-0e0655717066,327.20,1410,1593,96,81,74197,55
2026/07/21 11:16:36.860,0,GPU-03a84180-d660-dbdc-17f4-0e0655717066,307.60,1410,1593,96,81,74197,54
2026/07/21 11:16:37.110,0,GPU-03a84180-d660-dbdc-17f4-0e0655717066,501.15,1410,1593,96,81,74197,59
2026/07/21 11:16:37.360,0,GPU-03a84180-d660-dbdc-17f4-0e0655717066,505.68,1395,1593,100,17,74197,63
2026/07/21 11:16:37.610,0,GPU-03a84180-d660-dbdc-17f4-0e0655717066,497.27,1395,1593,100,16,74197,65
2026/07/21 11:16:37.860,0,GPU-03a84180-d660-dbdc-17f4-0e0655717066,331.42,1410,1593,100,17,74197,60
2026/07/21 11:16:38.110,0,GPU-03a84180-d660-dbdc-17f4-0e0655717066,332.01,1410,1593,96,80,74197,56
2026/07/21 11:16:38.360,0,GPU-03a84180-d660-dbdc-17f4-0e0655717066,327.47,1410,1593,96,79,74197,56
2026/07/21 11:16:38.611,0,GPU-03a84180-d660-dbdc-17f4-0e0655717066,329.83,1410,1593,96,82,74197,55
2026/07/21 11:16:38.861,0,GPU-03a84180-d660-dbdc-17f4-0e0655717066,330.49,1410,1593,95,82,74197,55
2026/07/21 11:16:39.111,0,GPU-03a84180-d660-dbdc-17f4-0e0655717066,329.56,1410,1593,95,83,74197,56
2026/07/21 11:16:39.361,0,GPU-03a84180-d660-dbdc-17f4-0e0655717066,335.28,1410,1593,96,79,74197,55
2026/07/21 11:16:39.611,0,GPU-03a84180-d660-dbdc-17f4-0e0655717066,367.11,1410,1593,96,83,74197,57
2026/07/21 11:16:39.861,0,GPU-03a84180-d660-dbdc-17f4-0e0655717066,330.49,1410,1593,96,65,74197,55
2026/07/21 11:16:40.111,0,GPU-03a84180-d660-dbdc-17f4-0e0655717066,322.07,1410,1593,96,81,74197,55
2026/07/21 11:16:40.361,0,GPU-03a84180-d660-dbdc-17f4-0e0655717066,326.28,1410,1593,96,81,74197,55
2026/07/21 11:16:40.611,0,GPU-03a84180-d660-dbdc-17f4-0e0655717066,439.52,1410,1593,93,80,74197,56
2026/07/21 11:16:40.861,0,GPU-03a84180-d660-dbdc-17f4-0e0655717066,314.56,1410,1593,95,51,74197,55
2026/07/21 11:16:41.111,0,GPU-03a84180-d660-dbdc-17f4-0e0655717066,91.71,1410,1593,62,52,74197,49
2026/07/21 11:16:41.362,0,GPU-03a84180-d660-dbdc-17f4-0e0655717066,322.07,1410,1593,0,0,74197,56
2026/07/21 11:16:41.612,0,GPU-03a84180-d660-dbdc-17f4-0e0655717066,322.65,1410,1593,95,79,74197,54
2026/07/21 11:16:41.862,0,GPU-03a84180-d660-dbdc-17f4-0e0655717066,332.58,1410,1593,96,81,74197,54
2026/07/21 11:16:42.112,0,GPU-03a84180-d660-dbdc-17f4-0e0655717066,333.44,1410,1593,96,84,74197,54
2026/07/21 11:16:42.362,0,GPU-03a84180-d660-dbdc-17f4-0e0655717066,333.44,1410,1593,95,82,74197,56
2026/07/21 11:16:42.612,0,GPU-03a84180-d660-dbdc-17f4-0e0655717066,332.93,1410,1593,97,74,74197,55
2026/07/21 11:16:42.862,0,GPU-03a84180-d660-dbdc-17f4-0e0655717066,307.92,1410,1593,96,83,74197,57
2026/07/21 11:16:43.112,0,GPU-03a84180-d660-dbdc-17f4-0e0655717066,325.62,1410,1593,95,63,74197,55
2026/07/21 11:16:43.362,0,GPU-03a84180-d660-dbdc-17f4-0e0655717066,318.44,1410,1593,96,82,74197,54
2026/07/21 11:16:43.612,0,GPU-03a84180-d660-dbdc-17f4-0e0655717066,421.50,1410,1593,94,67,74197,55
2026/07/21 11:16:43.863,0,GPU-03a84180-d660-dbdc-17f4-0e0655717066,319.04,1410,1593,96,80,74197,55
2026/07/21 11:16:44.113,0,GPU-03a84180-d660-dbdc-17f4-0e0655717066,307.06,1410,1593,95,79,74197,59
2026/07/21 11:16:44.363,0,GPU-03a84180-d660-dbdc-17f4-0e0655717066,322.39,1410,1593,98,46,74197,56
2026/07/21 11:16:44.613,0,GPU-03a84180-d660-dbdc-17f4-0e0655717066,313.65,1410,1593,96,80,74197,55
2026/07/21 11:16:44.863,0,GPU-03a84180-d660-dbdc-17f4-0e0655717066,319.96,1410,1593,95,79,74197,55
2026/07/21 11:16:45.113,0,GPU-03a84180-d660-dbdc-17f4-0e0655717066,369.48,1410,1593,96,80,74197,57
2026/07/21 11:16:45.363,0,GPU-03a84180-d660-dbdc-17f4-0e0655717066,322.66,1410,1593,96,80,74197,55
2026/07/21 11:16:45.613,0,GPU-03a84180-d660-dbdc-17f4-0e0655717066,320.23,1410,1593,96,80,74197,55
2026/07/21 11:16:45.863,0,GPU-03a84180-d660-dbdc-17f4-0e0655717066,328.06,1410,1593,96,82,74197,55
2026/07/21 11:16:46.113,0,GPU-03a84180-d660-dbdc-17f4-0e0655717066,322.65,1410,1593,96,82,74197,55
2026/07/21 11:16:46.364,0,GPU-03a84180-d660-dbdc-17f4-0e0655717066,328.39,1410,1593,96,82,74197,55
2026/07/21 11:16:46.614,0,GPU-03a84180-d660-dbdc-17f4-0e0655717066,321.15,1410,1593,96,83,74197,55
2026/07/21 11:16:46.864,0,GPU-03a84180-d660-dbdc-17f4-0e0655717066,328.98,1410,1593,96,82,74197,55
2026/07/21 11:16:47.114,0,GPU-03a84180-d660-dbdc-17f4-0e0655717066,324.43,1410,1593,96,82,74197,55
2026/07/21 11:16:47.364,0,GPU-03a84180-d660-dbdc-17f4-0e0655717066,326.26,1410,1593,96,82,74197,55
2026/07/21 11:16:47.614,0,GPU-03a84180-d660-dbdc-17f4-0e0655717066,322.66,1410,1593,96,83,74197,55
2026/07/21 11:16:47.864,0,GPU-03a84180-d660-dbdc-17f4-0e0655717066,327.72,1410,1593,96,82,74197,55
2026/07/21 11:16:48.115,0,GPU-03a84180-d660-dbdc-17f4-0e0655717066,379.41,1410,1593,96,83,74197,57
2026/07/21 11:16:48.365,0,GPU-03a84180-d660-dbdc-17f4-0e0655717066,328.98,1410,1593,96,67,74197,55
2026/07/21 11:16:48.615,0,GPU-03a84180-d660-dbdc-17f4-0e0655717066,329.83,1410,1593,96,61,74197,57
2026/07/21 11:16:48.865,0,GPU-03a84180-d660-dbdc-17f4-0e0655717066,330.17,1410,1593,96,81,74197,55
2026/07/21 11:16:49.115,0,GPU-03a84180-d660-dbdc-17f4-0e0655717066,321.47,1410,1593,96,80,74197,55
2026/07/21 11:16:49.365,0,GPU-03a84180-d660-dbdc-17f4-0e0655717066,322.66,1410,1593,96,81,74197,55
2026/07/21 11:16:49.615,0,GPU-03a84180-d660-dbdc-17f4-0e0655717066,331.66,1410,1593,96,81,74197,55
2026/07/21 11:16:49.865,0,GPU-03a84180-d660-dbdc-17f4-0e0655717066,330.15,1410,1593,96,81,74197,55
2026/07/21 11:16:50.115,0,GPU-03a84180-d660-dbdc-17f4-0e0655717066,330.17,1410,1593,96,81,74197,55
2026/07/21 11:16:50.365,0,GPU-03a84180-d660-dbdc-17f4-0e0655717066,326.87,1410,1593,96,77,74197,55
2026/07/21 11:16:50.616,0,GPU-03a84180-d660-dbdc-17f4-0e0655717066,346.07,1410,1593,96,72,74197,56
2026/07/21 11:16:50.866,0,GPU-03a84180-d660-dbdc-17f4-0e0655717066,324.16,1410,1593,96,59,74197,56
2026/07/21 11:16:51.116,0,GPU-03a84180-d660-dbdc-17f4-0e0655717066,330.17,1410,1593,96,78,74197,55
2026/07/21 11:16:51.366,0,GPU-03a84180-d660-dbdc-17f4-0e0655717066,324.75,1410,1593,96,80,74197,55
2026/07/21 11:16:51.616,0,GPU-03a84180-d660-dbdc-17f4-0e0655717066,316.67,1410,1593,96,80,74197,55
2026/07/21 11:16:51.866,0,GPU-03a84180-d660-dbdc-17f4-0e0655717066,319.96,1410,1593,96,80,74197,55
2026/07/21 11:16:52.116,0,GPU-03a84180-d660-dbdc-17f4-0e0655717066,357.18,1410,1593,96,82,74197,55
2026/07/21 11:16:52.366,0,GPU-03a84180-d660-dbdc-17f4-0e0655717066,326.87,1410,1593,96,71,74197,55
2026/07/21 11:16:52.616,0,GPU-03a84180-d660-dbdc-17f4-0e0655717066,319.04,1410,1593,96,80,74197,55
2026/07/21 11:16:52.866,0,GPU-03a84180-d660-dbdc-17f4-0e0655717066,328.06,1410,1593,96,80,74197,55
2026/07/21 11:16:53.116,0,GPU-03a84180-d660-dbdc-17f4-0e0655717066,325.09,1410,1593,96,80,74197,55
2026/07/21 11:16:53.367,0,GPU-03a84180-d660-dbdc-17f4-0e0655717066,318.45,1410,1593,96,80,74197,55
2026/07/21 11:16:53.617,0,GPU-03a84180-d660-dbdc-17f4-0e0655717066,327.79,1410,1593,96,80,74197,55
2026/07/21 11:16:53.867,0,GPU-03a84180-d660-dbdc-17f4-0e0655717066,318.77,1410,1593,96,79,74197,55
2026/07/21 11:16:54.117,0,GPU-03a84180-d660-dbdc-17f4-0e0655717066,328.98,1410,1593,96,80,74197,55
2026/07/21 11:16:54.367,0,GPU-03a84180-d660-dbdc-17f4-0e0655717066,320.88,1410,1593,96,80,74197,55
2026/07/21 11:16:54.617,0,GPU-03a84180-d660-dbdc-17f4-0e0655717066,318.18,1410,1593,96,80,74197,55
2026/07/21 11:16:54.867,0,GPU-03a84180-d660-dbdc-17f4-0e0655717066,328.04,1410,1593,96,80,74197,55
2026/07/21 11:16:55.117,0,GPU-03a84180-d660-dbdc-17f4-0e0655717066,319.37,1410,1593,97,80,74197,55
2026/07/21 11:16:55.367,0,GPU-03a84180-d660-dbdc-17f4-0e0655717066,325.09,1410,1593,96,80,74197,55
2026/07/21 11:16:55.617,0,GPU-03a84180-d660-dbdc-17f4-0e0655717066,318.18,1410,1593,96,80,74197,55
2026/07/21 11:16:55.868,0,GPU-03a84180-d660-dbdc-17f4-0e0655717066,326.87,1410,1593,96,79,74197,55
2026/07/21 11:16:56.118,0,GPU-03a84180-d660-dbdc-17f4-0e0655717066,324.75,1410,1593,96,79,74197,55
2026/07/21 11:16:56.368,0,GPU-03a84180-d660-dbdc-17f4-0e0655717066,328.98,1410,1593,96,79,74197,55
2026/07/21 11:16:56.618,0,GPU-03a84180-d660-dbdc-17f4-0e0655717066,324.77,1410,1593,97,80,74197,55
2026/07/21 11:16:56.868,0,GPU-03a84180-d660-dbdc-17f4-0e0655717066,316.61,1410,1593,96,80,74197,55
2026/07/21 11:16:57.118,0,GPU-03a84180-d660-dbdc-17f4-0e0655717066,323.51,1410,1593,96,80,74197,56
2026/07/21 11:16:57.368,0,GPU-03a84180-d660-dbdc-17f4-0e0655717066,322.65,1410,1593,96,60,74197,58
2026/07/21 11:16:57.618,0,GPU-03a84180-d660-dbdc-17f4-0e0655717066,317.58,1410,1593,96,80,74197,56
2026/07/21 11:16:57.868,0,GPU-03a84180-d660-dbdc-17f4-0e0655717066,328.39,1410,1593,96,80,74197,55
2026/07/21 11:16:58.118,0,GPU-03a84180-d660-dbdc-17f4-0e0655717066,326.87,1410,1593,97,81,74197,55
2026/07/21 11:16:58.369,0,GPU-03a84180-d660-dbdc-17f4-0e0655717066,332.27,1410,1593,96,80,74197,55
2026/07/21 11:16:58.619,0,GPU-03a84180-d660-dbdc-17f4-0e0655717066,336.79,1410,1593,96,80,74197,56
2026/07/21 11:16:58.869,0,GPU-03a84180-d660-dbdc-17f4-0e0655717066,329.23,1410,1593,96,81,74197,55
2026/07/21 11:16:59.119,0,GPU-03a84180-d660-dbdc-17f4-0e0655717066,324.43,1410,1593,96,81,74197,55
2026/07/21 11:16:59.369,0,GPU-03a84180-d660-dbdc-17f4-0e0655717066,323.58,1410,1593,96,82,74197,56
2026/07/21 11:16:59.619,0,GPU-03a84180-d660-dbdc-17f4-0e0655717066,338.33,1410,1593,96,50,74197,57
2026/07/21 11:16:59.869,0,GPU-03a84180-d660-dbdc-17f4-0e0655717066,330.47,1410,1593,96,81,74197,56
2026/07/21 11:17:00.119,0,GPU-03a84180-d660-dbdc-17f4-0e0655717066,327.79,1410,1593,97,81,74197,55
2026/07/21 11:17:00.369,0,GPU-03a84180-d660-dbdc-17f4-0e0655717066,330.74,1410,1593,96,82,74197,55
2026/07/21 11:17:00.619,0,GPU-03a84180-d660-dbdc-17f4-0e0655717066,315.42,1410,1593,94,65,74197,58
2026/07/21 11:17:00.869,0,GPU-03a84180-d660-dbdc-17f4-0e0655717066,338.92,1410,1593,98,45,74197,57
2026/07/21 11:17:01.120,0,GPU-03a84180-d660-dbdc-17f4-0e0655717066,333.44,1410,1593,96,81,74197,56
2026/07/21 11:17:01.370,0,GPU-03a84180-d660-dbdc-17f4-0e0655717066,329.83,1410,1593,97,82,74197,56
2026/07/21 11:17:01.620,0,GPU-03a84180-d660-dbdc-17f4-0e0655717066,324.75,1410,1593,96,82,74197,55
2026/07/21 11:17:01.870,0,GPU-03a84180-d660-dbdc-17f4-0e0655717066,333.77,1410,1593,96,82,74197,55
2026/07/21 11:17:02.120,0,GPU-03a84180-d660-dbdc-17f4-0e0655717066,328.37,1410,1593,96,82,74197,55
2026/07/21 11:17:02.370,0,GPU-03a84180-d660-dbdc-17f4-0e0655717066,327.79,1410,1593,96,82,74197,55
2026/07/21 11:17:02.620,0,GPU-03a84180-d660-dbdc-17f4-0e0655717066,319.69,1410,1593,96,83,74197,55
2026/07/21 11:17:02.870,0,GPU-03a84180-d660-dbdc-17f4-0e0655717066,314.23,1410,1593,96,82,74197,55
2026/07/21 11:17:03.120,0,GPU-03a84180-d660-dbdc-17f4-0e0655717066,491.88,1410,1593,94,34,74197,62
2026/07/21 11:17:03.370,0,GPU-03a84180-d660-dbdc-17f4-0e0655717066,383.62,1410,1593,96,47,74197,60
2026/07/21 11:17:03.621,0,GPU-03a84180-d660-dbdc-17f4-0e0655717066,327.20,1410,1593,96,82,74197,57
2026/07/21 11:17:03.871,0,GPU-03a84180-d660-dbdc-17f4-0e0655717066,335.55,1410,1593,96,82,74197,56
2026/07/21 11:17:04.121,0,GPU-03a84180-d660-dbdc-17f4-0e0655717066,332.60,1410,1593,97,82,74197,56
2026/07/21 11:17:04.371,0,GPU-03a84180-d660-dbdc-17f4-0e0655717066,328.06,1410,1593,96,82,74197,56
2026/07/21 11:17:04.621,0,GPU-03a84180-d660-dbdc-17f4-0e0655717066,334.38,1410,1593,96,82,74197,55
2026/07/21 11:17:04.871,0,GPU-03a84180-d660-dbdc-17f4-0e0655717066,331.42,1410,1593,96,82,74197,55
2026/07/21 11:17:05.121,0,GPU-03a84180-d660-dbdc-17f4-0e0655717066,327.72,1410,1593,96,82,74197,55
2026/07/21 11:17:05.371,0,GPU-03a84180-d660-dbdc-17f4-0e0655717066,317.85,1410,1593,96,82,74197,55
2026/07/21 11:17:05.621,0,GPU-03a84180-d660-dbdc-17f4-0e0655717066,321.47,1410,1593,96,83,74197,55
2026/07/21 11:17:05.872,0,GPU-03a84180-d660-dbdc-17f4-0e0655717066,324.50,1410,1593,96,83,74197,55
2026/07/21 11:17:06.122,0,GPU-03a84180-d660-dbdc-17f4-0e0655717066,325.36,1410,1593,96,82,74197,55
2026/07/21 11:17:06.372,0,GPU-03a84180-d660-dbdc-17f4-0e0655717066,329.90,1410,1593,96,83,74197,55
2026/07/21 11:17:06.622,0,GPU-03a84180-d660-dbdc-17f4-0e0655717066,322.66,1410,1593,96,82,74197,57
2026/07/21 11:17:06.872,0,GPU-03a84180-d660-dbdc-17f4-0e0655717066,331.07,1410,1593,96,81,74197,56
2026/07/21 11:17:07.122,0,GPU-03a84180-d660-dbdc-17f4-0e0655717066,330.17,1410,1593,97,82,74197,55
2026/07/21 11:17:07.372,0,GPU-03a84180-d660-dbdc-17f4-0e0655717066,331.42,1410,1593,96,81,74197,55
2026/07/21 11:17:07.622,0,GPU-03a84180-d660-dbdc-17f4-0e0655717066,328.98,1410,1593,97,82,74197,55
2026/07/21 11:17:07.872,0,GPU-03a84180-d660-dbdc-17f4-0e0655717066,331.34,1410,1593,96,81,74197,55
2026/07/21 11:17:08.122,0,GPU-03a84180-d660-dbdc-17f4-0e0655717066,330.15,1410,1593,97,82,74197,55
2026/07/21 11:17:08.373,0,GPU-03a84180-d660-dbdc-17f4-0e0655717066,324.75,1410,1593,96,82,74197,55
2026/07/21 11:17:08.623,0,GPU-03a84180-d660-dbdc-17f4-0e0655717066,327.47,1410,1593,96,81,74197,55
2026/07/21 11:17:08.873,0,GPU-03a84180-d660-dbdc-17f4-0e0655717066,335.30,1410,1593,96,82,74197,55
2026/07/21 11:17:09.123,0,GPU-03a84180-d660-dbdc-17f4-0e0655717066,343.69,1410,1593,97,82,74197,55
2026/07/21 11:17:09.373,0,GPU-03a84180-d660-dbdc-17f4-0e0655717066,336.22,1410,1593,96,64,74197,56
2026/07/21 11:17:09.623,0,GPU-03a84180-d660-dbdc-17f4-0e0655717066,335.03,1410,1593,97,82,74197,56
2026/07/21 11:17:09.873,0,GPU-03a84180-d660-dbdc-17f4-0e0655717066,337.38,1410,1593,96,82,74197,56
2026/07/21 11:17:10.123,0,GPU-03a84180-d660-dbdc-17f4-0e0655717066,331.42,1410,1593,97,83,74197,55
2026/07/21 11:17:10.373,0,GPU-03a84180-d660-dbdc-17f4-0e0655717066,326.61,1410,1593,96,82,74197,55
2026/07/21 11:17:10.623,0,GPU-03a84180-d660-dbdc-17f4-0e0655717066,334.36,1410,1593,96,82,74197,55
2026/07/21 11:17:10.874,0,GPU-03a84180-d660-dbdc-17f4-0e0655717066,327.13,1410,1593,97,83,74197,55
2026/07/21 11:17:11.124,0,GPU-03a84180-d660-dbdc-17f4-0e0655717066,314.50,1410,1593,96,83,74197,55
2026/07/21 11:17:11.374,0,GPU-03a84180-d660-dbdc-17f4-0e0655717066,370.40,1410,1593,96,71,74197,56
2026/07/21 11:17:11.624,0,GPU-03a84180-d660-dbdc-17f4-0e0655717066,327.45,1410,1593,97,83,74197,56
2026/07/21 11:17:11.874,0,GPU-03a84180-d660-dbdc-17f4-0e0655717066,337.05,1410,1593,96,82,74197,56
2026/07/21 11:17:12.124,0,GPU-03a84180-d660-dbdc-17f4-0e0655717066,328.96,1410,1593,97,83,74197,56
2026/07/21 11:17:12.374,0,GPU-03a84180-d660-dbdc-17f4-0e0655717066,336.22,1410,1593,96,82,74197,55
2026/07/21 11:17:12.624,0,GPU-03a84180-d660-dbdc-17f4-0e0655717066,331.93,1410,1593,96,82,74197,55
2026/07/21 11:17:12.874,0,GPU-03a84180-d660-dbdc-17f4-0e0655717066,337.05,1410,1593,96,82,74197,55
2026/07/21 11:17:13.124,0,GPU-03a84180-d660-dbdc-17f4-0e0655717066,336.82,1410,1593,97,82,74197,56
2026/07/21 11:17:13.374,0,GPU-03a84180-d660-dbdc-17f4-0e0655717066,330.47,1410,1593,96,82,74197,56
2026/07/21 11:17:13.625,0,GPU-03a84180-d660-dbdc-17f4-0e0655717066,331.66,1410,1593,96,82,74197,55
2026/07/21 11:17:13.875,0,GPU-03a84180-d660-dbdc-17f4-0e0655717066,338.60,1410,1593,97,82,74197,55
2026/07/21 11:17:14.125,0,GPU-03a84180-d660-dbdc-17f4-0e0655717066,334.95,1410,1593,97,82,74197,55
2026/07/21 11:17:14.375,0,GPU-03a84180-d660-dbdc-17f4-0e0655717066,328.64,1410,1593,96,82,74197,56
2026/07/21 11:17:14.625,0,GPU-03a84180-d660-dbdc-17f4-0e0655717066,330.74,1410,1593,97,82,74197,56
2026/07/21 11:17:14.875,0,GPU-03a84180-d660-dbdc-17f4-0e0655717066,324.77,1410,1593,96,82,74197,56
2026/07/21 11:17:15.125,0,GPU-03a84180-d660-dbdc-17f4-0e0655717066,333.44,1410,1593,96,82,74197,56
2026/07/21 11:17:15.375,0,GPU-03a84180-d660-dbdc-17f4-0e0655717066,347.62,1410,1593,96,38,74197,58
2026/07/21 11:17:15.625,0,GPU-03a84180-d660-dbdc-17f4-0e0655717066,403.15,1410,1593,95,65,74197,59
2026/07/21 11:17:15.875,0,GPU-03a84180-d660-dbdc-17f4-0e0655717066,337.65,1410,1593,96,85,74197,57
2026/07/21 11:17:16.125,0,GPU-03a84180-d660-dbdc-17f4-0e0655717066,343.05,1410,1593,96,85,74197,57
2026/07/21 11:17:16.376,0,GPU-03a84180-d660-dbdc-17f4-0e0655717066,347.62,1410,1593,96,85,74197,56
2026/07/21 11:17:16.626,0,GPU-03a84180-d660-dbdc-17f4-0e0655717066,342.81,1410,1593,97,85,74197,56
2026/07/21 11:17:16.876,0,GPU-03a84180-d660-dbdc-17f4-0e0655717066,329.56,1410,1593,96,61,74197,58
2026/07/21 11:17:17.126,0,GPU-03a84180-d660-dbdc-17f4-0e0655717066,325.94,1410,1593,96,61,74197,56
2026/07/21 11:17:17.376,0,GPU-03a84180-d660-dbdc-17f4-0e0655717066,320.56,1410,1593,96,81,74197,56
2026/07/21 11:17:17.626,0,GPU-03a84180-d660-dbdc-17f4-0e0655717066,406.45,1410,1593,96,60,74197,58
2026/07/21 11:17:17.876,0,GPU-03a84180-d660-dbdc-17f4-0e0655717066,334.71,1410,1593,97,62,74197,57
2026/07/21 11:17:18.127,0,GPU-03a84180-d660-dbdc-17f4-0e0655717066,339.19,1410,1593,96,82,74197,56
2026/07/21 11:17:18.377,0,GPU-03a84180-d660-dbdc-17f4-0e0655717066,328.06,1410,1593,96,82,74197,56
2026/07/21 11:17:18.627,0,GPU-03a84180-d660-dbdc-17f4-0e0655717066,336.79,1410,1593,96,82,74197,56
2026/07/21 11:17:18.877,0,GPU-03a84180-d660-dbdc-17f4-0e0655717066,324.17,1410,1593,97,82,74197,56
2026/07/21 11:17:19.127,0,GPU-03a84180-d660-dbdc-17f4-0e0655717066,444.32,1410,1593,95,63,74197,59
2026/07/21 11:17:19.377,0,GPU-03a84180-d660-dbdc-17f4-0e0655717066,335.90,1410,1593,98,61,74197,57
2026/07/21 11:17:19.627,0,GPU-03a84180-d660-dbdc-17f4-0e0655717066,332.85,1410,1593,96,83,74197,57
2026/07/21 11:17:19.877,0,GPU-03a84180-d660-dbdc-17f4-0e0655717066,335.63,1410,1593,97,83,74197,56
2026/07/21 11:17:20.127,0,GPU-03a84180-d660-dbdc-17f4-0e0655717066,332.85,1410,1593,96,83,74197,56
2026/07/21 11:17:20.377,0,GPU-03a84180-d660-dbdc-17f4-0e0655717066,340.08,1410,1593,96,83,74197,56
2026/07/21 11:17:20.627,0,GPU-03a84180-d660-dbdc-17f4-0e0655717066,330.15,1410,1593,97,83,74197,56
2026/07/21 11:17:20.878,0,GPU-03a84180-d660-dbdc-17f4-0e0655717066,327.72,1410,1593,96,83,74197,56
2026/07/21 11:17:21.128,0,GPU-03a84180-d660-dbdc-17f4-0e0655717066,356.91,1410,1593,96,76,74197,57
2026/07/21 11:17:21.378,0,GPU-03a84180-d660-dbdc-17f4-0e0655717066,327.72,1410,1593,96,83,74197,56
2026/07/21 11:17:21.628,0,GPU-03a84180-d660-dbdc-17f4-0e0655717066,330.17,1410,1593,97,83,74197,56
2026/07/21 11:17:21.878,0,GPU-03a84180-d660-dbdc-17f4-0e0655717066,339.52,1410,1593,96,83,74197,56
2026/07/21 11:17:22.128,0,GPU-03a84180-d660-dbdc-17f4-0e0655717066,332.58,1410,1593,96,83,74197,56
2026/07/21 11:17:22.378,0,GPU-03a84180-d660-dbdc-17f4-0e0655717066,335.55,1410,1593,96,83,74197,56
2026/07/21 11:17:22.628,0,GPU-03a84180-d660-dbdc-17f4-0e0655717066,326.26,1410,1593,97,83,74197,56
2026/07/21 11:17:22.879,0,GPU-03a84180-d660-dbdc-17f4-0e0655717066,341.58,1410,1593,96,83,74197,56
2026/07/21 11:17:23.129,0,GPU-03a84180-d660-dbdc-17f4-0e0655717066,334.71,1410,1593,97,83,74197,56
2026/07/21 11:17:23.379,0,GPU-03a84180-d660-dbdc-17f4-0e0655717066,336.49,1410,1593,97,83,74197,56
2026/07/21 11:17:23.629,0,GPU-03a84180-d660-dbdc-17f4-0e0655717066,342.77,1410,1593,96,83,74197,56
2026/07/21 11:17:23.879,0,GPU-03a84180-d660-dbdc-17f4-0e0655717066,331.34,1410,1593,97,83,74197,56
2026/07/21 11:17:24.129,0,GPU-03a84180-d660-dbdc-17f4-0e0655717066,308.25,1410,1593,96,83,74197,57
2026/07/21 11:17:24.379,0,GPU-03a84180-d660-dbdc-17f4-0e0655717066,332.27,1410,1593,94,78,74197,57
2026/07/21 11:17:24.629,0,GPU-03a84180-d660-dbdc-17f4-0e0655717066,331.08,1410,1593,97,83,74197,56
2026/07/21 11:17:24.879,0,GPU-03a84180-d660-dbdc-17f4-0e0655717066,337.05,1410,1593,96,83,74197,56
2026/07/21 11:17:25.129,0,GPU-03a84180-d660-dbdc-17f4-0e0655717066,330.15,1410,1593,96,83,74197,56
2026/07/21 11:17:25.379,0,GPU-03a84180-d660-dbdc-17f4-0e0655717066,337.14,1410,1593,97,83,74197,56
2026/07/21 11:17:25.630,0,GPU-03a84180-d660-dbdc-17f4-0e0655717066,336.46,1410,1593,96,83,74197,56
2026/07/21 11:17:25.880,0,GPU-03a84180-d660-dbdc-17f4-0e0655717066,330.15,1410,1593,97,83,74197,56
2026/07/21 11:17:26.130,0,GPU-03a84180-d660-dbdc-17f4-0e0655717066,327.45,1410,1593,96,83,74197,56
2026/07/21 11:17:26.380,0,GPU-03a84180-d660-dbdc-17f4-0e0655717066,353.89,1410,1593,96,72,74197,58
2026/07/21 11:17:26.630,0,GPU-03a84180-d660-dbdc-17f4-0e0655717066,337.98,1410,1593,96,83,74197,56
2026/07/21 11:17:26.880,0,GPU-03a84180-d660-dbdc-17f4-0e0655717066,332.01,1410,1593,96,83,74197,56
2026/07/21 11:17:27.130,0,GPU-03a84180-d660-dbdc-17f4-0e0655717066,332.60,1410,1593,97,83,74197,56
2026/07/21 11:17:27.380,0,GPU-03a84180-d660-dbdc-17f4-0e0655717066,337.65,1410,1593,96,83,74197,56
2026/07/21 11:17:27.630,0,GPU-03a84180-d660-dbdc-17f4-0e0655717066,330.47,1410,1593,96,83,74197,56
2026/07/21 11:17:27.880,0,GPU-03a84180-d660-dbdc-17f4-0e0655717066,333.17,1410,1593,97,83,74197,56
2026/07/21 11:17:28.130,0,GPU-03a84180-d660-dbdc-17f4-0e0655717066,331.34,1410,1593,97,83,74197,56
2026/07/21 11:17:28.381,0,GPU-03a84180-d660-dbdc-17f4-0e0655717066,338.60,1410,1593,97,83,74197,56
2026/07/21 11:17:28.631,0,GPU-03a84180-d660-dbdc-17f4-0e0655717066,337.65,1410,1593,96,83,74197,56
2026/07/21 11:17:28.881,0,GPU-03a84180-d660-dbdc-17f4-0e0655717066,337.05,1410,1593,97,83,74197,56
2026/07/21 11:17:29.131,0,GPU-03a84180-d660-dbdc-17f4-0e0655717066,339.16,1410,1593,96,83,74197,56
2026/07/21 11:17:29.381,0,GPU-03a84180-d660-dbdc-17f4-0e0655717066,330.74,1410,1593,96,83,74197,56
2026/07/21 11:17:29.631,0,GPU-03a84180-d660-dbdc-17f4-0e0655717066,432.02,1410,1593,94,68,74197,62
2026/07/21 11:17:29.881,0,GPU-03a84180-d660-dbdc-17f4-0e0655717066,333.44,1410,1593,99,42,74197,58
2026/07/21 11:17:30.131,0,GPU-03a84180-d660-dbdc-17f4-0e0655717066,330.15,1410,1593,96,83,74197,57
2026/07/21 11:17:30.381,0,GPU-03a84180-d660-dbdc-17f4-0e0655717066,332.58,1410,1593,96,83,74197,56
2026/07/21 11:17:30.631,0,GPU-03a84180-d660-dbdc-17f4-0e0655717066,330.47,1410,1593,96,83,74197,56
2026/07/21 11:17:30.882,0,GPU-03a84180-d660-dbdc-17f4-0e0655717066,327.20,1410,1593,96,83,74197,56
2026/07/21 11:17:31.132,0,GPU-03a84180-d660-dbdc-17f4-0e0655717066,330.49,1410,1593,96,83,74197,56
2026/07/21 11:17:31.382,0,GPU-03a84180-d660-dbdc-17f4-0e0655717066,316.35,1410,1593,96,83,74197,56
2026/07/21 11:17:31.632,0,GPU-03a84180-d660-dbdc-17f4-0e0655717066,311.21,1410,1593,96,82,74197,55
2026/07/21 11:17:31.882,0,GPU-03a84180-d660-dbdc-17f4-0e0655717066,316.94,1410,1593,96,81,74197,56
2026/07/21 11:17:32.132,0,GPU-03a84180-d660-dbdc-17f4-0e0655717066,330.49,1410,1593,95,50,74197,57
2026/07/21 11:17:32.382,0,GPU-03a84180-d660-dbdc-17f4-0e0655717066,324.17,1410,1593,96,83,74197,56
2026/07/21 11:17:32.633,0,GPU-03a84180-d660-dbdc-17f4-0e0655717066,442.35,1410,1593,96,56,74197,61
2026/07/21 11:17:32.883,0,GPU-03a84180-d660-dbdc-17f4-0e0655717066,329.83,1410,1593,97,61,74197,57
2026/07/21 11:17:33.133,0,GPU-03a84180-d660-dbdc-17f4-0e0655717066,332.60,1410,1593,96,83,74197,56
2026/07/21 11:17:33.383,0,GPU-03a84180-d660-dbdc-17f4-0e0655717066,332.01,1410,1593,96,83,74197,56
2026/07/21 11:17:33.633,0,GPU-03a84180-d660-dbdc-17f4-0e0655717066,328.37,1410,1593,96,83,74197,56
2026/07/21 11:17:33.883,0,GPU-03a84180-d660-dbdc-17f4-0e0655717066,323.51,1410,1593,96,83,74197,56
2026/07/21 11:17:34.133,0,GPU-03a84180-d660-dbdc-17f4-0e0655717066,322.66,1410,1593,96,83,74197,56
2026/07/21 11:17:34.383,0,GPU-03a84180-d660-dbdc-17f4-0e0655717066,317.53,1410,1593,96,82,74197,56
2026/07/21 11:17:34.633,0,GPU-03a84180-d660-dbdc-17f4-0e0655717066,326.61,1410,1593,96,81,74197,56
2026/07/21 11:17:34.883,0,GPU-03a84180-d660-dbdc-17f4-0e0655717066,332.01,1410,1593,93,68,74197,56
2026/07/21 11:17:35.133,0,GPU-03a84180-d660-dbdc-17f4-0e0655717066,325.34,1410,1593,96,83,74197,56
2026/07/21 11:17:35.384,0,GPU-03a84180-d660-dbdc-17f4-0e0655717066,325.62,1410,1593,96,83,74197,56
2026/07/21 11:17:35.634,0,GPU-03a84180-d660-dbdc-17f4-0e0655717066,333.44,1410,1593,96,83,74197,56
2026/07/21 11:17:35.884,0,GPU-03a84180-d660-dbdc-17f4-0e0655717066,334.38,1410,1593,96,83,74197,56
2026/07/21 11:17:36.134,0,GPU-03a84180-d660-dbdc-17f4-0e0655717066,330.17,1410,1593,96,83,74197,56
2026/07/21 11:17:36.384,0,GPU-03a84180-d660-dbdc-17f4-0e0655717066,329.83,1410,1593,96,83,74197,56
2026/07/21 11:17:36.634,0,GPU-03a84180-d660-dbdc-17f4-0e0655717066,324.75,1410,1593,96,83,74197,56
2026/07/21 11:17:36.884,0,GPU-03a84180-d660-dbdc-17f4-0e0655717066,333.79,1410,1593,96,83,74197,56
2026/07/21 11:17:37.134,0,GPU-03a84180-d660-dbdc-17f4-0e0655717066,333.20,1410,1593,96,83,74197,56
2026/07/21 11:17:37.384,0,GPU-03a84180-d660-dbdc-17f4-0e0655717066,329.23,1410,1593,96,83,74197,56
2026/07/21 11:17:37.634,0,GPU-03a84180-d660-dbdc-17f4-0e0655717066,329.57,1410,1593,96,83,74197,56
2026/07/21 11:17:37.884,0,GPU-03a84180-d660-dbdc-17f4-0e0655717066,323.83,1410,1593,96,83,74197,56
2026/07/21 11:17:38.135,0,GPU-03a84180-d660-dbdc-17f4-0e0655717066,326.28,1410,1593,96,83,74197,56
2026/07/21 11:17:38.385,0,GPU-03a84180-d660-dbdc-17f4-0e0655717066,335.30,1410,1593,96,83,74197,56
2026/07/21 11:17:38.635,0,GPU-03a84180-d660-dbdc-17f4-0e0655717066,330.49,1410,1593,96,83,74197,56
2026/07/21 11:17:38.885,0,GPU-03a84180-d660-dbdc-17f4-0e0655717066,328.39,1410,1593,96,83,74197,56
2026/07/21 11:17:39.135,0,GPU-03a84180-d660-dbdc-17f4-0e0655717066,322.33,1410,1593,96,83,74197,56
2026/07/21 11:17:39.385,0,GPU-03a84180-d660-dbdc-17f4-0e0655717066,322.39,1410,1593,96,83,74197,56
2026/07/21 11:17:39.635,0,GPU-03a84180-d660-dbdc-17f4-0e0655717066,314.83,1410,1593,96,81,74197,55
2026/07/21 11:17:39.885,0,GPU-03a84180-d660-dbdc-17f4-0e0655717066,320.23,1410,1593,95,81,74197,55
2026/07/21 11:17:40.135,0,GPU-03a84180-d660-dbdc-17f4-0e0655717066,315.16,1410,1593,96,81,74197,55
2026/07/21 11:17:40.385,0,GPU-03a84180-d660-dbdc-17f4-0e0655717066,319.63,1410,1593,96,81,74197,58
2026/07/21 11:17:40.636,0,GPU-03a84180-d660-dbdc-17f4-0e0655717066,334.04,1410,1593,92,54,74197,57
2026/07/21 11:17:40.886,0,GPU-03a84180-d660-dbdc-17f4-0e0655717066,328.37,1410,1593,96,83,74197,56
2026/07/21 11:17:41.136,0,GPU-03a84180-d660-dbdc-17f4-0e0655717066,334.36,1410,1593,96,83,74197,56
2026/07/21 11:17:41.386,0,GPU-03a84180-d660-dbdc-17f4-0e0655717066,325.34,1410,1593,96,84,74197,56
2026/07/21 11:17:41.636,0,GPU-03a84180-d660-dbdc-17f4-0e0655717066,333.44,1410,1593,96,83,74197,56
2026/07/21 11:17:41.886,0,GPU-03a84180-d660-dbdc-17f4-0e0655717066,331.93,1410,1593,96,84,74197,56
2026/07/21 11:17:42.136,0,GPU-03a84180-d660-dbdc-17f4-0e0655717066,327.72,1410,1593,96,83,74197,56
2026/07/21 11:17:42.386,0,GPU-03a84180-d660-dbdc-17f4-0e0655717066,317.85,1410,1593,96,84,74197,55
2026/07/21 11:17:42.636,0,GPU-03a84180-d660-dbdc-17f4-0e0655717066,311.86,1410,1593,96,81,74197,55
2026/07/21 11:17:42.886,0,GPU-03a84180-d660-dbdc-17f4-0e0655717066,315.48,1410,1593,96,81,74197,55
2026/07/21 11:17:43.136,0,GPU-03a84180-d660-dbdc-17f4-0e0655717066,332.85,1410,1593,94,59,74197,56
2026/07/21 11:17:43.387,0,GPU-03a84180-d660-dbdc-17f4-0e0655717066,323.85,1410,1593,96,83,74197,57
2026/07/21 11:17:43.637,0,GPU-03a84180-d660-dbdc-17f4-0e0655717066,325.68,1410,1593,96,60,74197,57
2026/07/21 11:17:43.887,0,GPU-03a84180-d660-dbdc-17f4-0e0655717066,328.06,1410,1593,96,82,74197,56
2026/07/21 11:17:44.137,0,GPU-03a84180-d660-dbdc-17f4-0e0655717066,332.93,1410,1593,96,82,74197,56
2026/07/21 11:17:44.387,0,GPU-03a84180-d660-dbdc-17f4-0e0655717066,326.26,1410,1593,96,82,74197,56
2026/07/21 11:17:44.637,0,GPU-03a84180-d660-dbdc-17f4-0e0655717066,330.17,1410,1593,96,82,74197,56
2026/07/21 11:17:44.887,0,GPU-03a84180-d660-dbdc-17f4-0e0655717066,325.62,1410,1593,96,82,74197,56
2026/07/21 11:17:45.137,0,GPU-03a84180-d660-dbdc-17f4-0e0655717066,331.08,1410,1593,96,82,74197,56
2026/07/21 11:17:45.387,0,GPU-03a84180-d660-dbdc-17f4-0e0655717066,323.85,1410,1593,96,82,74197,56
2026/07/21 11:17:45.637,0,GPU-03a84180-d660-dbdc-17f4-0e0655717066,329.56,1410,1593,96,82,74197,56
2026/07/21 11:17:45.888,0,GPU-03a84180-d660-dbdc-17f4-0e0655717066,322.39,1410,1593,96,82,74197,56
2026/07/21 11:17:46.138,0,GPU-03a84180-d660-dbdc-17f4-0e0655717066,328.06,1410,1593,96,82,74197,56
2026/07/21 11:17:46.388,0,GPU-03a84180-d660-dbdc-17f4-0e0655717066,328.39,1410,1593,96,82,74197,56
2026/07/21 11:17:46.638,0,GPU-03a84180-d660-dbdc-17f4-0e0655717066,325.09,1410,1593,96,81,74197,56
2026/07/21 11:17:46.888,0,GPU-03a84180-d660-dbdc-17f4-0e0655717066,327.72,1410,1593,96,81,74197,55
2026/07/21 11:17:47.138,0,GPU-03a84180-d660-dbdc-17f4-0e0655717066,397.43,1410,1593,96,46,74197,57
2026/07/21 11:17:47.388,0,GPU-03a84180-d660-dbdc-17f4-0e0655717066,327.72,1410,1593,96,81,74197,56
2026/07/21 11:17:47.638,0,GPU-03a84180-d660-dbdc-17f4-0e0655717066,328.96,1410,1593,96,81,74197,56
2026/07/21 11:17:47.888,0,GPU-03a84180-d660-dbdc-17f4-0e0655717066,322.65,1410,1593,96,81,74197,56
2026/07/21 11:17:48.138,0,GPU-03a84180-d660-dbdc-17f4-0e0655717066,325.62,1410,1593,96,81,74197,56
2026/07/21 11:17:48.388,0,GPU-03a84180-d660-dbdc-17f4-0e0655717066,332.60,1410,1593,96,81,74197,56
2026/07/21 11:17:48.639,0,GPU-03a84180-d660-dbdc-17f4-0e0655717066,322.39,1410,1593,96,81,74197,56
2026/07/21 11:17:48.889,0,GPU-03a84180-d660-dbdc-17f4-0e0655717066,325.68,1410,1593,96,82,74197,56
2026/07/21 11:17:49.139,0,GPU-03a84180-d660-dbdc-17f4-0e0655717066,331.08,1410,1593,96,81,74197,56
2026/07/21 11:17:49.389,0,GPU-03a84180-d660-dbdc-17f4-0e0655717066,324.50,1410,1593,96,82,74197,56
2026/07/21 11:17:49.639,0,GPU-03a84180-d660-dbdc-17f4-0e0655717066,328.39,1410,1593,96,82,74197,56
2026/07/21 11:17:49.889,0,GPU-03a84180-d660-dbdc-17f4-0e0655717066,320.56,1410,1593,96,81,74197,56
2026/07/21 11:17:50.139,0,GPU-03a84180-d660-dbdc-17f4-0e0655717066,323.85,1410,1593,96,82,74197,57
2026/07/21 11:17:50.389,0,GPU-03a84180-d660-dbdc-17f4-0e0655717066,341.03,1410,1593,99,25,74197,60
2026/07/21 11:17:50.639,0,GPU-03a84180-d660-dbdc-17f4-0e0655717066,331.08,1410,1593,96,81,74197,57
2026/07/21 11:17:50.889,0,GPU-03a84180-d660-dbdc-17f4-0e0655717066,331.08,1410,1593,96,83,74197,56
2026/07/21 11:17:51.139,0,GPU-03a84180-d660-dbdc-17f4-0e0655717066,331.68,1410,1593,96,83,74197,56
2026/07/21 11:17:51.390,0,GPU-03a84180-d660-dbdc-17f4-0e0655717066,324.77,1410,1593,96,83,74197,56
2026/07/21 11:17:51.640,0,GPU-03a84180-d660-dbdc-17f4-0e0655717066,329.56,1410,1593,96,83,74197,56
2026/07/21 11:17:51.890,0,GPU-03a84180-d660-dbdc-17f4-0e0655717066,330.49,1410,1593,96,83,74197,56
2026/07/21 11:17:52.140,0,GPU-03a84180-d660-dbdc-17f4-0e0655717066,323.24,1410,1593,96,71,74197,56
2026/07/21 11:17:52.390,0,GPU-03a84180-d660-dbdc-17f4-0e0655717066,330.17,1410,1593,96,83,74197,56
2026/07/21 11:17:52.640,0,GPU-03a84180-d660-dbdc-17f4-0e0655717066,335.28,1410,1593,96,83,74197,56
2026/07/21 11:17:52.890,0,GPU-03a84180-d660-dbdc-17f4-0e0655717066,328.37,1410,1593,96,83,74197,56
2026/07/21 11:17:53.140,0,GPU-03a84180-d660-dbdc-17f4-0e0655717066,333.52,1410,1593,96,83,74197,56
2026/07/21 11:17:53.390,0,GPU-03a84180-d660-dbdc-17f4-0e0655717066,329.23,1410,1593,96,83,74197,56
2026/07/21 11:17:53.640,0,GPU-03a84180-d660-dbdc-17f4-0e0655717066,327.13,1410,1593,96,83,74197,56
2026/07/21 11:17:53.891,0,GPU-03a84180-d660-dbdc-17f4-0e0655717066,332.26,1410,1593,96,83,74197,56
2026/07/21 11:17:54.141,0,GPU-03a84180-d660-dbdc-17f4-0e0655717066,324.50,1410,1593,96,83,74197,56
2026/07/21 11:17:54.391,0,GPU-03a84180-d660-dbdc-17f4-0e0655717066,330.15,1410,1593,96,83,74197,56
2026/07/21 11:17:54.641,0,GPU-03a84180-d660-dbdc-17f4-0e0655717066,325.62,1410,1593,96,84,74197,56
2026/07/21 11:17:54.891,0,GPU-03a84180-d660-dbdc-17f4-0e0655717066,460.35,1410,1593,96,30,74197,60
2026/07/21 11:17:55.141,0,GPU-03a84180-d660-dbdc-17f4-0e0655717066,334.04,1410,1593,96,74,74197,57
2026/07/21 11:17:55.391,0,GPU-03a84180-d660-dbdc-17f4-0e0655717066,322.65,1410,1593,96,81,74197,56
2026/07/21 11:17:55.641,0,GPU-03a84180-d660-dbdc-17f4-0e0655717066,323.24,1410,1593,96,81,74197,56
2026/07/21 11:17:55.891,0,GPU-03a84180-d660-dbdc-17f4-0e0655717066,324.77,1410,1593,96,81,74197,56
2026/07/21 11:17:56.141,0,GPU-03a84180-d660-dbdc-17f4-0e0655717066,325.62,1410,1593,96,81,74197,56
2026/07/21 11:17:56.391,0,GPU-03a84180-d660-dbdc-17f4-0e0655717066,326.28,1410,1593,96,81,74197,56
2026/07/21 11:17:56.642,0,GPU-03a84180-d660-dbdc-17f4-0e0655717066,327.20,1410,1593,96,81,74197,56
2026/07/21 11:17:56.892,0,GPU-03a84180-d660-dbdc-17f4-0e0655717066,313.32,1410,1593,96,81,74197,55
2026/07/21 11:17:57.142,0,GPU-03a84180-d660-dbdc-17f4-0e0655717066,313.65,1410,1593,96,81,74197,55
2026/07/21 11:17:57.392,0,GPU-03a84180-d660-dbdc-17f4-0e0655717066,316.61,1410,1593,96,81,74197,55
2026/07/21 11:17:57.642,0,GPU-03a84180-d660-dbdc-17f4-0e0655717066,359.29,1410,1593,94,51,74197,56
2026/07/21 11:17:57.892,0,GPU-03a84180-d660-dbdc-17f4-0e0655717066,326.53,1410,1593,96,81,74197,56
2026/07/21 11:17:58.142,0,GPU-03a84180-d660-dbdc-17f4-0e0655717066,327.20,1410,1593,96,81,74197,56
2026/07/21 11:17:58.392,0,GPU-03a84180-d660-dbdc-17f4-0e0655717066,319.63,1410,1593,96,81,74197,55
2026/07/21 11:17:58.642,0,GPU-03a84180-d660-dbdc-17f4-0e0655717066,323.83,1410,1593,96,81,74197,55
2026/07/21 11:17:58.892,0,GPU-03a84180-d660-dbdc-17f4-0e0655717066,318.18,1410,1593,96,81,74197,55
2026/07/21 11:17:59.143,0,GPU-03a84180-d660-dbdc-17f4-0e0655717066,321.47,1410,1593,96,81,74197,55
2026/07/21 11:17:59.393,0,GPU-03a84180-d660-dbdc-17f4-0e0655717066,327.13,1410,1593,96,81,74197,55
2026/07/21 11:18:00.630,0,GPU-03a84180-d660-dbdc-17f4-0e0655717066,319.05,1410,1593,96,76,74197,56
2026/07/21 11:18:00.881,0,GPU-03a84180-d660-dbdc-17f4-0e0655717066,321.15,1410,1593,96,81,74197,56
2026/07/21 11:18:01.131,0,GPU-03a84180-d660-dbdc-17f4-0e0655717066,322.39,1410,1593,96,81,74197,55
2026/07/21 11:18:01.381,0,GPU-03a84180-d660-dbdc-17f4-0e0655717066,317.53,1410,1593,96,81,74197,55
2026/07/21 11:18:01.631,0,GPU-03a84180-d660-dbdc-17f4-0e0655717066,321.15,1410,1593,96,83,74197,55
2026/07/21 11:18:01.881,0,GPU-03a84180-d660-dbdc-17f4-0e0655717066,320.88,1410,1593,95,77,74197,55
2026/07/21 11:18:02.131,0,GPU-03a84180-d660-dbdc-17f4-0e0655717066,316.35,1410,1593,96,82,74197,55
2026/07/21 11:18:02.382,0,GPU-03a84180-d660-dbdc-17f4-0e0655717066,322.98,1410,1593,95,82,74197,55
2026/07/21 11:18:02.632,0,GPU-03a84180-d660-dbdc-17f4-0e0655717066,322.06,1410,1593,96,82,74197,55
2026/07/21 11:18:02.882,0,GPU-03a84180-d660-dbdc-17f4-0e0655717066,318.44,1410,1593,95,76,74197,55
2026/07/21 11:18:03.132,0,GPU-03a84180-d660-dbdc-17f4-0e0655717066,324.50,1410,1593,96,71,74197,55
2026/07/21 11:18:03.382,0,GPU-03a84180-d660-dbdc-17f4-0e0655717066,325.94,1410,1593,96,81,74197,55
2026/07/21 11:18:03.632,0,GPU-03a84180-d660-dbdc-17f4-0e0655717066,321.15,1410,1593,96,82,74197,55
2026/07/21 11:18:03.882,0,GPU-03a84180-d660-dbdc-17f4-0e0655717066,322.07,1410,1593,96,82,74197,55
2026/07/21 11:18:04.132,0,GPU-03a84180-d660-dbdc-17f4-0e0655717066,323.85,1410,1593,96,81,74197,55
2026/07/21 11:18:04.382,0,GPU-03a84180-d660-dbdc-17f4-0e0655717066,322.07,1410,1593,96,82,74197,55
2026/07/21 11:18:04.632,0,GPU-03a84180-d660-dbdc-17f4-0e0655717066,317.26,1410,1593,97,60,74197,55
2026/07/21 11:18:04.882,0,GPU-03a84180-d660-dbdc-17f4-0e0655717066,322.07,1410,1593,96,82,74197,55
2026/07/21 11:18:05.133,0,GPU-03a84180-d660-dbdc-17f4-0e0655717066,319.04,1410,1593,96,81,74197,55
2026/07/21 11:18:05.383,0,GPU-03a84180-d660-dbdc-17f4-0e0655717066,492.15,1410,1593,97,38,74197,62
2026/07/21 11:18:05.633,0,GPU-03a84180-d660-dbdc-17f4-0e0655717066,494.90,1395,1593,100,21,74197,65
2026/07/21 11:18:05.883,0,GPU-03a84180-d660-dbdc-17f4-0e0655717066,338.83,1410,1593,99,29,74197,59
2026/07/21 11:18:06.133,0,GPU-03a84180-d660-dbdc-17f4-0e0655717066,322.06,1410,1593,96,82,74197,57
2026/07/21 11:18:06.383,0,GPU-03a84180-d660-dbdc-17f4-0e0655717066,328.96,1410,1593,96,82,74197,57
2026/07/21 11:18:06.633,0,GPU-03a84180-d660-dbdc-17f4-0e0655717066,329.83,1410,1593,96,82,74197,56
2026/07/21 11:18:06.883,0,GPU-03a84180-d660-dbdc-17f4-0e0655717066,325.34,1410,1593,96,82,74197,56
2026/07/21 11:18:07.133,0,GPU-03a84180-d660-dbdc-17f4-0e0655717066,326.87,1410,1593,96,82,74197,56
2026/07/21 11:18:07.383,0,GPU-03a84180-d660-dbdc-17f4-0e0655717066,327.45,1410,1593,96,82,74197,56
2026/07/21 11:18:07.633,0,GPU-03a84180-d660-dbdc-17f4-0e0655717066,322.66,1410,1593,96,82,74197,56
2026/07/21 11:18:07.884,0,GPU-03a84180-d660-dbdc-17f4-0e0655717066,323.83,1410,1593,94,66,74197,56
2026/07/21 11:18:08.134,0,GPU-03a84180-d660-dbdc-17f4-0e0655717066,326.53,1410,1593,96,82,74197,56
2026/07/21 11:18:08.384,0,GPU-03a84180-d660-dbdc-17f4-0e0655717066,322.98,1410,1593,96,82,74197,56
2026/07/21 11:18:08.634,0,GPU-03a84180-d660-dbdc-17f4-0e0655717066,325.68,1410,1593,96,82,74197,56
2026/07/21 11:18:08.884,0,GPU-03a84180-d660-dbdc-17f4-0e0655717066,432.02,1410,1593,96,82,74197,55
2026/07/21 11:18:09.134,0,GPU-03a84180-d660-dbdc-17f4-0e0655717066,331.66,1410,1593,95,23,74197,57
2026/07/21 11:18:09.384,0,GPU-03a84180-d660-dbdc-17f4-0e0655717066,331.66,1410,1593,96,77,74197,56
2026/07/21 11:18:09.634,0,GPU-03a84180-d660-dbdc-17f4-0e0655717066,328.37,1410,1593,96,83,74197,56
2026/07/21 11:18:09.884,0,GPU-03a84180-d660-dbdc-17f4-0e0655717066,325.34,1410,1593,96,83,74197,56
2026/07/21 11:18:10.134,0,GPU-03a84180-d660-dbdc-17f4-0e0655717066,332.01,1410,1593,96,83,74197,56
2026/07/21 11:18:10.385,0,GPU-03a84180-d660-dbdc-17f4-0e0655717066,323.24,1410,1593,96,83,74197,56
2026/07/21 11:18:10.635,0,GPU-03a84180-d660-dbdc-17f4-0e0655717066,369.48,1410,1593,96,63,74197,58
2026/07/21 11:18:10.885,0,GPU-03a84180-d660-dbdc-17f4-0e0655717066,314.83,1410,1593,96,75,74197,56
2026/07/21 11:18:11.135,0,GPU-03a84180-d660-dbdc-17f4-0e0655717066,310.62,1410,1593,96,81,74197,55
2026/07/21 11:18:11.385,0,GPU-03a84180-d660-dbdc-17f4-0e0655717066,312.13,1410,1593,95,81,74197,55
2026/07/21 11:18:11.635,0,GPU-03a84180-d660-dbdc-17f4-0e0655717066,316.94,1410,1593,95,80,74197,55
2026/07/21 11:18:11.885,0,GPU-03a84180-d660-dbdc-17f4-0e0655717066,310.62,1410,1593,96,81,74197,55
2026/07/21 11:18:12.135,0,GPU-03a84180-d660-dbdc-17f4-0e0655717066,310.94,1410,1593,95,81,74197,55
2026/07/21 11:18:12.385,0,GPU-03a84180-d660-dbdc-17f4-0e0655717066,314.24,1410,1593,95,80,74197,55
2026/07/21 11:18:12.635,0,GPU-03a84180-d660-dbdc-17f4-0e0655717066,314.83,1410,1593,95,81,74197,55
2026/07/21 11:18:12.885,0,GPU-03a84180-d660-dbdc-17f4-0e0655717066,344.88,1410,1593,94,72,74197,59
2026/07/21 11:18:13.136,0,GPU-03a84180-d660-dbdc-17f4-0e0655717066,314.50,1410,1593,97,64,74197,56
2026/07/21 11:18:13.386,0,GPU-03a84180-d660-dbdc-17f4-0e0655717066,309.16,1410,1593,95,81,74197,55
2026/07/21 11:18:13.636,0,GPU-03a84180-d660-dbdc-17f4-0e0655717066,311.80,1410,1593,96,81,74197,55
2026/07/21 11:18:13.886,0,GPU-03a84180-d660-dbdc-17f4-0e0655717066,488.27,1410,1593,95,55,74197,60
2026/07/21 11:18:14.136,0,GPU-03a84180-d660-dbdc-17f4-0e0655717066,488.59,1395,1593,100,16,74197,65
2026/07/21 11:18:14.386,0,GPU-03a84180-d660-dbdc-17f4-0e0655717066,319.69,1395,1593,100,16,74197,66
2026/07/21 11:18:16.414,0,GPU-03a84180-d660-dbdc-17f4-0e0655717066,313.97,1410,1593,95,79,74197,55
2026/07/21 11:18:16.664,0,GPU-03a84180-d660-dbdc-17f4-0e0655717066,319.36,1410,1593,95,79,74197,56
2026/07/21 11:18:16.914,0,GPU-03a84180-d660-dbdc-17f4-0e0655717066,319.04,1410,1593,96,82,74197,55
2026/07/21 11:18:17.164,0,GPU-03a84180-d660-dbdc-17f4-0e0655717066,312.72,1410,1593,96,81,74197,55
2026/07/21 11:18:17.414,0,GPU-03a84180-d660-dbdc-17f4-0e0655717066,316.93,1410,1593,96,81,74197,55
2026/07/21 11:18:17.664,0,GPU-03a84180-d660-dbdc-17f4-0e0655717066,315.74,1410,1593,96,81,74197,55
2026/07/21 11:18:17.914,0,GPU-03a84180-d660-dbdc-17f4-0e0655717066,315.75,1410,1593,96,81,74197,55
2026/07/21 11:18:18.164,0,GPU-03a84180-d660-dbdc-17f4-0e0655717066,319.37,1410,1593,96,81,74197,55
2026/07/21 11:18:18.414,0,GPU-03a84180-d660-dbdc-17f4-0e0655717066,317.85,1410,1593,96,81,74197,55
2026/07/21 11:18:18.664,0,GPU-03a84180-d660-dbdc-17f4-0e0655717066,310.94,1410,1593,96,81,74197,55
2026/07/21 11:18:18.914,0,GPU-03a84180-d660-dbdc-17f4-0e0655717066,311.53,1410,1593,96,81,74197,55
2026/07/21 11:18:19.165,0,GPU-03a84180-d660-dbdc-17f4-0e0655717066,315.42,1410,1593,96,81,74197,55
2026/07/21 11:18:19.415,0,GPU-03a84180-d660-dbdc-17f4-0e0655717066,315.16,1410,1593,96,81,74197,55
2026/07/21 11:18:19.665,0,GPU-03a84180-d660-dbdc-17f4-0e0655717066,318.44,1410,1593,96,82,74197,55
2026/07/21 11:18:19.915,0,GPU-03a84180-d660-dbdc-17f4-0e0655717066,316.93,1410,1593,96,81,74197,55
2026/07/21 11:18:20.165,0,GPU-03a84180-d660-dbdc-17f4-0e0655717066,316.67,1410,1593,96,81,74197,55
2026/07/21 11:18:20.415,0,GPU-03a84180-d660-dbdc-17f4-0e0655717066,313.64,1410,1593,96,81,74197,55
2026/07/21 11:18:20.665,0,GPU-03a84180-d660-dbdc-17f4-0e0655717066,313.04,1410,1593,95,81,74197,55
2026/07/21 11:18:20.915,0,GPU-03a84180-d660-dbdc-17f4-0e0655717066,316.94,1410,1593,96,81,74197,55
2026/07/21 11:18:21.165,0,GPU-03a84180-d660-dbdc-17f4-0e0655717066,315.42,1410,1593,96,81,74197,55
2026/07/21 11:18:21.416,0,GPU-03a84180-d660-dbdc-17f4-0e0655717066,314.83,1410,1593,96,81,74197,55
2026/07/21 11:18:21.666,0,GPU-03a84180-d660-dbdc-17f4-0e0655717066,318.71,1410,1593,96,82,74197,55
2026/07/21 11:18:21.916,0,GPU-03a84180-d660-dbdc-17f4-0e0655717066,317.26,1410,1593,96,81,74197,55
2026/07/21 11:18:22.166,0,GPU-03a84180-d660-dbdc-17f4-0e0655717066,310.62,1410,1593,96,81,74197,55
2026/07/21 11:18:22.416,0,GPU-03a84180-d660-dbdc-17f4-0e0655717066,318.44,1410,1593,96,82,74197,55
2026/07/21 11:18:22.666,0,GPU-03a84180-d660-dbdc-17f4-0e0655717066,315.15,1410,1593,96,81,74197,55
2026/07/21 11:18:22.916,0,GPU-03a84180-d660-dbdc-17f4-0e0655717066,320.55,1410,1593,97,43,74197,56
2026/07/21 11:18:23.166,0,GPU-03a84180-d660-dbdc-17f4-0e0655717066,317.25,1410,1593,96,82,74197,55
2026/07/21 11:18:23.416,0,GPU-03a84180-d660-dbdc-17f4-0e0655717066,318.77,1410,1593,96,81,74197,55
2026/07/21 11:18:23.666,0,GPU-03a84180-d660-dbdc-17f4-0e0655717066,318.12,1410,1593,95,81,74197,55
2026/07/21 11:18:23.917,0,GPU-03a84180-d660-dbdc-17f4-0e0655717066,312.13,1410,1593,96,82,74197,55
2026/07/21 11:18:24.167,0,GPU-03a84180-d660-dbdc-17f4-0e0655717066,319.04,1410,1593,96,82,74197,55
2026/07/21 11:18:24.417,0,GPU-03a84180-d660-dbdc-17f4-0e0655717066,315.74,1410,1593,95,80,74197,55
2026/07/21 11:18:24.667,0,GPU-03a84180-d660-dbdc-17f4-0e0655717066,309.43,1410,1593,94,79,74197,55
2026/07/21 11:18:24.917,0,GPU-03a84180-d660-dbdc-17f4-0e0655717066,318.44,1410,1593,97,70,74197,55
2026/07/21 11:18:25.167,0,GPU-03a84180-d660-dbdc-17f4-0e0655717066,419.99,1410,1593,95,81,74197,55
2026/07/21 11:18:25.417,0,GPU-03a84180-d660-dbdc-17f4-0e0655717066,314.56,1410,1593,95,35,74197,56
2026/07/21 11:18:25.667,0,GPU-03a84180-d660-dbdc-17f4-0e0655717066,313.05,1410,1593,96,82,74197,55
2026/07/21 11:18:25.917,0,GPU-03a84180-d660-dbdc-17f4-0e0655717066,320.28,1410,1593,96,82,74197,55
2026/07/21 11:18:26.167,0,GPU-03a84180-d660-dbdc-17f4-0e0655717066,316.67,1410,1593,96,82,74197,55
2026/07/21 11:18:26.418,0,GPU-03a84180-d660-dbdc-17f4-0e0655717066,314.24,1410,1593,96,82,74197,55
2026/07/21 11:18:26.668,0,GPU-03a84180-d660-dbdc-17f4-0e0655717066,317.25,1410,1593,95,81,74197,55
2026/07/21 11:18:26.918,0,GPU-03a84180-d660-dbdc-17f4-0e0655717066,316.07,1410,1593,95,80,74197,55
2026/07/21 11:18:27.168,0,GPU-03a84180-d660-dbdc-17f4-0e0655717066,328.96,1410,1593,95,68,74197,55
2026/07/21 11:18:27.418,0,GPU-03a84180-d660-dbdc-17f4-0e0655717066,318.45,1410,1593,96,82,74197,55
2026/07/21 11:18:27.668,0,GPU-03a84180-d660-dbdc-17f4-0e0655717066,317.25,1410,1593,96,82,74197,55
2026/07/21 11:18:27.918,0,GPU-03a84180-d660-dbdc-17f4-0e0655717066,318.77,1410,1593,96,81,74197,55
2026/07/21 11:18:28.168,0,GPU-03a84180-d660-dbdc-17f4-0e0655717066,316.34,1410,1593,96,82,74197,55
2026/07/21 11:18:28.418,0,GPU-03a84180-d660-dbdc-17f4-0e0655717066,313.91,1410,1593,95,81,74197,55
2026/07/21 11:18:28.668,0,GPU-03a84180-d660-dbdc-17f4-0e0655717066,418.15,1410,1593,95,81,74197,57
2026/07/21 11:18:28.919,0,GPU-03a84180-d660-dbdc-17f4-0e0655717066,324.77,1410,1593,96,44,74197,56
2026/07/21 11:18:29.169,0,GPU-03a84180-d660-dbdc-17f4-0e0655717066,313.37,1410,1593,96,82,74197,55
2026/07/21 11:18:29.419,0,GPU-03a84180-d660-dbdc-17f4-0e0655717066,313.91,1410,1593,96,82,74197,55
2026/07/21 11:18:29.669,0,GPU-03a84180-d660-dbdc-17f4-0e0655717066,314.56,1410,1593,96,82,74197,55
2026/07/21 11:18:29.919,0,GPU-03a84180-d660-dbdc-17f4-0e0655717066,323.85,1410,1593,96,82,74197,55
2026/07/21 11:18:30.169,0,GPU-03a84180-d660-dbdc-17f4-0e0655717066,318.12,1410,1593,96,82,74197,55
2026/07/21 11:18:30.419,0,GPU-03a84180-d660-dbdc-17f4-0e0655717066,319.95,1410,1593,96,82,74197,55
2026/07/21 11:18:30.669,0,GPU-03a84180-d660-dbdc-17f4-0e0655717066,316.02,1410,1593,96,82,74197,55
2026/07/21 11:18:30.919,0,GPU-03a84180-d660-dbdc-17f4-0e0655717066,317.25,1410,1593,96,82,74197,55
2026/07/21 11:18:31.169,0,GPU-03a84180-d660-dbdc-17f4-0e0655717066,313.97,1410,1593,96,82,74197,55
2026/07/21 11:18:31.419,0,GPU-03a84180-d660-dbdc-17f4-0e0655717066,315.16,1410,1593,96,82,74197,55
2026/07/21 11:18:31.670,0,GPU-03a84180-d660-dbdc-17f4-0e0655717066,312.73,1410,1593,96,82,74197,55
2026/07/21 11:18:31.920,0,GPU-03a84180-d660-dbdc-17f4-0e0655717066,319.37,1410,1593,96,82,74197,55
2026/07/21 11:18:32.170,0,GPU-03a84180-d660-dbdc-17f4-0e0655717066,320.88,1410,1593,96,82,74197,55
2026/07/21 11:18:32.420,0,GPU-03a84180-d660-dbdc-17f4-0e0655717066,317.25,1410,1593,96,82,74197,55
2026/07/21 11:18:32.670,0,GPU-03a84180-d660-dbdc-17f4-0e0655717066,359.88,1410,1593,95,81,74197,57
2026/07/21 11:18:32.920,0,GPU-03a84180-d660-dbdc-17f4-0e0655717066,320.82,1410,1593,96,82,74197,56
2026/07/21 11:18:33.170,0,GPU-03a84180-d660-dbdc-17f4-0e0655717066,319.63,1410,1593,96,82,74197,55
2026/07/21 11:18:33.420,0,GPU-03a84180-d660-dbdc-17f4-0e0655717066,319.95,1410,1593,96,82,74197,55
2026/07/21 11:18:33.670,0,GPU-03a84180-d660-dbdc-17f4-0e0655717066,315.75,1410,1593,96,82,74197,55
2026/07/21 11:18:33.920,0,GPU-03a84180-d660-dbdc-17f4-0e0655717066,316.67,1410,1593,96,82,74197,55
2026/07/21 11:18:34.171,0,GPU-03a84180-d660-dbdc-17f4-0e0655717066,311.80,1410,1593,96,82,74197,55
2026/07/21 11:18:34.421,0,GPU-03a84180-d660-dbdc-17f4-0e0655717066,312.73,1410,1593,96,82,74197,55
2026/07/21 11:18:34.671,0,GPU-03a84180-d660-dbdc-17f4-0e0655717066,310.62,1410,1593,95,82,74197,55
2026/07/21 11:18:34.921,0,GPU-03a84180-d660-dbdc-17f4-0e0655717066,309.16,1410,1593,95,80,74197,55
2026/07/21 11:18:35.171,0,GPU-03a84180-d660-dbdc-17f4-0e0655717066,310.95,1410,1593,95,80,74197,55
2026/07/21 11:18:35.421,0,GPU-03a84180-d660-dbdc-17f4-0e0655717066,312.13,1410,1593,95,80,74197,55
2026/07/21 11:18:35.671,0,GPU-03a84180-d660-dbdc-17f4-0e0655717066,313.32,1410,1593,95,80,74197,55
2026/07/21 11:18:35.921,0,GPU-03a84180-d660-dbdc-17f4-0e0655717066,314.83,1410,1593,95,80,74197,55
2026/07/21 11:18:36.171,0,GPU-03a84180-d660-dbdc-17f4-0e0655717066,314.83,1410,1593,95,80,74197,55
2026/07/21 11:18:36.421,0,GPU-03a84180-d660-dbdc-17f4-0e0655717066,316.07,1410,1593,95,80,74197,55
2026/07/21 11:18:36.671,0,GPU-03a84180-d660-dbdc-17f4-0e0655717066,316.35,1410,1593,95,80,74197,55
2026/07/21 11:18:36.922,0,GPU-03a84180-d660-dbdc-17f4-0e0655717066,317.25,1410,1593,95,80,74197,55
2026/07/21 11:18:37.172,0,GPU-03a84180-d660-dbdc-17f4-0e0655717066,319.04,1410,1593,95,80,74197,55
2026/07/21 11:18:37.422,0,GPU-03a84180-d660-dbdc-17f4-0e0655717066,318.71,1410,1593,95,80,74197,55
2026/07/21 11:18:37.672,0,GPU-03a84180-d660-dbdc-17f4-0e0655717066,309.43,1410,1593,95,81,74197,55
2026/07/21 11:18:37.922,0,GPU-03a84180-d660-dbdc-17f4-0e0655717066,311.27,1410,1593,95,81,74197,55
2026/07/21 11:18:38.172,0,GPU-03a84180-d660-dbdc-17f4-0e0655717066,312.40,1410,1593,95,80,74197,55
2026/07/21 11:18:38.422,0,GPU-03a84180-d660-dbdc-17f4-0e0655717066,313.05,1410,1593,95,81,74197,55
2026/07/21 11:18:38.672,0,GPU-03a84180-d660-dbdc-17f4-0e0655717066,312.72,1410,1593,95,80,74197,55
2026/07/21 11:18:38.922,0,GPU-03a84180-d660-dbdc-17f4-0e0655717066,314.23,1410,1593,95,80,74197,55
2026/07/21 11:18:39.173,0,GPU-03a84180-d660-dbdc-17f4-0e0655717066,314.56,1410,1593,95,80,74197,55
2026/07/21 11:18:39.423,0,GPU-03a84180-d660-dbdc-17f4-0e0655717066,447.46,1410,1593,79,67,74197,53
2026/07/21 11:18:39.673,0,GPU-03a84180-d660-dbdc-17f4-0e0655717066,317.25,1410,1593,84,36,74197,55
2026/07/21 11:18:39.923,0,GPU-03a84180-d660-dbdc-17f4-0e0655717066,315.15,1410,1593,95,81,74197,55
2026/07/21 11:18:40.173,0,GPU-03a84180-d660-dbdc-17f4-0e0655717066,314.50,1410,1593,94,80,74197,55
2026/07/21 11:18:40.423,0,GPU-03a84180-d660-dbdc-17f4-0e0655717066,314.24,1410,1593,95,81,74197,55
2026/07/21 11:18:40.673,0,GPU-03a84180-d660-dbdc-17f4-0e0655717066,95.33,1410,1593,95,81,74197,54
2026/07/21 11:18:40.923,0,GPU-03a84180-d660-dbdc-17f4-0e0655717066,91.39,1410,1593,11,9,74197,49
2026/07/21 11:18:41.174,0,GPU-03a84180-d660-dbdc-17f4-0e0655717066,90.79,1410,1593,0,0,74197,51
2026/07/21 11:18:41.424,0,GPU-03a84180-d660-dbdc-17f4-0e0655717066,305.23,1410,1593,95,80,74197,53
2026/07/21 11:18:41.674,0,GPU-03a84180-d660-dbdc-17f4-0e0655717066,305.55,1410,1593,95,81,74197,53
2026/07/21 11:18:41.924,0,GPU-03a84180-d660-dbdc-17f4-0e0655717066,306.14,1410,1593,95,80,74197,54
2026/07/21 11:18:42.174,0,GPU-03a84180-d660-dbdc-17f4-0e0655717066,305.23,1410,1593,95,80,74197,54
2026/07/21 11:18:42.424,0,GPU-03a84180-d660-dbdc-17f4-0e0655717066,306.41,1410,1593,95,81,74197,54
2026/07/21 11:18:42.674,0,GPU-03a84180-d660-dbdc-17f4-0e0655717066,307.01,1410,1593,95,80,74197,54
2026/07/21 11:18:42.924,0,GPU-03a84180-d660-dbdc-17f4-0e0655717066,306.74,1410,1593,95,80,74197,54
2026/07/21 11:18:43.174,0,GPU-03a84180-d660-dbdc-17f4-0e0655717066,307.60,1410,1593,95,81,74197,54
2026/07/21 11:18:43.424,0,GPU-03a84180-d660-dbdc-17f4-0e0655717066,306.74,1410,1593,95,81,74197,54
2026/07/21 11:18:43.675,0,GPU-03a84180-d660-dbdc-17f4-0e0655717066,307.60,1410,1593,95,80,74197,54
2026/07/21 11:18:43.925,0,GPU-03a84180-d660-dbdc-17f4-0e0655717066,307.06,1410,1593,95,80,74197,54
2026/07/21 11:18:44.175,0,GPU-03a84180-d660-dbdc-17f4-0e0655717066,305.55,1410,1593,95,81,74197,54
2026/07/21 11:18:44.425,0,GPU-03a84180-d660-dbdc-17f4-0e0655717066,305.21,1410,1593,95,81,74197,54
2026/07/21 11:18:44.675,0,GPU-03a84180-d660-dbdc-17f4-0e0655717066,305.81,1410,1593,95,81,74197,54
2026/07/21 11:18:44.925,0,GPU-03a84180-d660-dbdc-17f4-0e0655717066,308.84,1410,1593,95,80,74197,54
2026/07/21 11:18:45.175,0,GPU-03a84180-d660-dbdc-17f4-0e0655717066,310.35,1410,1593,95,80,74197,54
2026/07/21 11:18:45.426,0,GPU-03a84180-d660-dbdc-17f4-0e0655717066,316.07,1410,1593,95,80,74197,54
2026/07/21 11:18:45.676,0,GPU-03a84180-d660-dbdc-17f4-0e0655717066,315.16,1410,1593,95,80,74197,54
2026/07/21 11:18:45.926,0,GPU-03a84180-d660-dbdc-17f4-0e0655717066,314.50,1410,1593,95,81,74197,54
2026/07/21 11:18:46.176,0,GPU-03a84180-d660-dbdc-17f4-0e0655717066,314.23,1410,1593,95,80,74197,54
2026/07/21 11:18:46.426,0,GPU-03a84180-d660-dbdc-17f4-0e0655717066,313.04,1410,1593,95,80,74197,54
2026/07/21 11:18:46.676,0,GPU-03a84180-d660-dbdc-17f4-0e0655717066,313.32,1410,1593,95,80,74197,54
2026/07/21 11:18:46.926,0,GPU-03a84180-d660-dbdc-17f4-0e0655717066,312.13,1410,1593,95,80,74197,54
2026/07/21 11:18:47.176,0,GPU-03a84180-d660-dbdc-17f4-0e0655717066,311.54,1410,1593,95,81,74197,54
2026/07/21 11:18:47.426,0,GPU-03a84180-d660-dbdc-17f4-0e0655717066,311.21,1410,1593,95,81,74197,54
2026/07/21 11:18:47.676,0,GPU-03a84180-d660-dbdc-17f4-0e0655717066,309.70,1410,1593,95,81,74197,54
2026/07/21 11:18:47.927,0,GPU-03a84180-d660-dbdc-17f4-0e0655717066,309.16,1410,1593,95,80,74197,54
2026/07/21 11:18:48.177,0,GPU-03a84180-d660-dbdc-17f4-0e0655717066,308.84,1410,1593,95,80,74197,54
2026/07/21 11:18:48.427,0,GPU-03a84180-d660-dbdc-17f4-0e0655717066,307.06,1410,1593,95,80,74197,54
2026/07/21 11:18:48.677,0,GPU-03a84180-d660-dbdc-17f4-0e0655717066,305.49,1410,1593,95,81,74197,54
2026/07/21 11:18:48.927,0,GPU-03a84180-d660-dbdc-17f4-0e0655717066,307.60,1410,1593,95,81,74197,54
2026/07/21 11:18:49.177,0,GPU-03a84180-d660-dbdc-17f4-0e0655717066,309.16,1410,1593,95,81,74197,54
2026/07/21 11:18:49.427,0,GPU-03a84180-d660-dbdc-17f4-0e0655717066,316.02,1410,1593,95,81,74197,54
2026/07/21 11:18:49.677,0,GPU-03a84180-d660-dbdc-17f4-0e0655717066,316.07,1410,1593,95,81,74197,54
2026/07/21 11:18:49.927,0,GPU-03a84180-d660-dbdc-17f4-0e0655717066,314.83,1410,1593,95,80,74197,54
2026/07/21 11:18:50.177,0,GPU-03a84180-d660-dbdc-17f4-0e0655717066,313.91,1410,1593,95,81,74197,54
2026/07/21 11:18:50.427,0,GPU-03a84180-d660-dbdc-17f4-0e0655717066,312.40,1410,1593,95,81,74197,54
2026/07/21 11:18:50.678,0,GPU-03a84180-d660-dbdc-17f4-0e0655717066,312.73,1410,1593,95,81,74197,54
2026/07/21 11:18:50.928,0,GPU-03a84180-d660-dbdc-17f4-0e0655717066,310.62,1410,1593,95,81,74197,54
2026/07/21 11:18:51.178,0,GPU-03a84180-d660-dbdc-17f4-0e0655717066,309.43,1410,1593,95,81,74197,54
2026/07/21 11:18:51.428,0,GPU-03a84180-d660-dbdc-17f4-0e0655717066,309.16,1410,1593,95,81,74197,54
2026/07/21 11:18:51.678,0,GPU-03a84180-d660-dbdc-17f4-0e0655717066,307.01,1410,1593,95,81,74197,54
2026/07/21 11:18:51.928,0,GPU-03a84180-d660-dbdc-17f4-0e0655717066,304.90,1410,1593,95,81,74197,54
2026/07/21 11:18:52.178,0,GPU-03a84180-d660-dbdc-17f4-0e0655717066,305.21,1410,1593,95,81,74197,54
2026/07/21 11:18:52.428,0,GPU-03a84180-d660-dbdc-17f4-0e0655717066,316.02,1410,1593,95,81,74197,54
2026/07/21 11:18:52.678,0,GPU-03a84180-d660-dbdc-17f4-0e0655717066,334.68,1410,1593,71,50,74197,52
2026/07/21 11:18:52.928,0,GPU-03a84180-d660-dbdc-17f4-0e0655717066,311.53,1410,1593,97,46,74197,55
2026/07/21 11:18:53.179,0,GPU-03a84180-d660-dbdc-17f4-0e0655717066,312.40,1410,1593,95,80,74197,55
2026/07/21 11:18:53.429,0,GPU-03a84180-d660-dbdc-17f4-0e0655717066,311.86,1410,1593,95,81,74197,55
2026/07/21 11:18:53.679,0,GPU-03a84180-d660-dbdc-17f4-0e0655717066,308.57,1410,1593,95,80,74197,54
2026/07/21 11:18:53.929,0,GPU-03a84180-d660-dbdc-17f4-0e0655717066,319.36,1410,1593,95,80,74197,54
2026/07/21 11:18:54.179,0,GPU-03a84180-d660-dbdc-17f4-0e0655717066,317.85,1410,1593,95,81,74197,54
2026/07/21 11:18:54.429,0,GPU-03a84180-d660-dbdc-17f4-0e0655717066,316.93,1410,1593,95,81,74197,54
2026/07/21 11:18:54.679,0,GPU-03a84180-d660-dbdc-17f4-0e0655717066,315.16,1410,1593,95,80,74197,54
2026/07/21 11:18:54.929,0,GPU-03a84180-d660-dbdc-17f4-0e0655717066,313.37,1410,1593,95,81,74197,54
2026/07/21 11:18:55.179,0,GPU-03a84180-d660-dbdc-17f4-0e0655717066,311.80,1410,1593,95,81,74197,54
2026/07/21 11:18:55.429,0,GPU-03a84180-d660-dbdc-17f4-0e0655717066,311.54,1410,1593,95,81,74197,54
2026/07/21 11:18:55.679,0,GPU-03a84180-d660-dbdc-17f4-0e0655717066,311.86,1410,1593,95,81,74197,54
2026/07/21 11:18:55.930,0,GPU-03a84180-d660-dbdc-17f4-0e0655717066,318.44,1410,1593,95,81,74197,54
2026/07/21 11:18:56.180,0,GPU-03a84180-d660-dbdc-17f4-0e0655717066,316.61,1410,1593,95,80,74197,54
2026/07/21 11:18:56.430,0,GPU-03a84180-d660-dbdc-17f4-0e0655717066,316.34,1410,1593,95,81,74197,54
2026/07/21 11:18:56.680,0,GPU-03a84180-d660-dbdc-17f4-0e0655717066,314.23,1410,1593,95,81,74197,54
2026/07/21 11:18:56.931,0,GPU-03a84180-d660-dbdc-17f4-0e0655717066,312.13,1410,1593,95,81,74197,55
2026/07/21 11:18:57.181,0,GPU-03a84180-d660-dbdc-17f4-0e0655717066,310.62,1410,1593,95,81,74197,54
2026/07/21 11:18:57.431,0,GPU-03a84180-d660-dbdc-17f4-0e0655717066,322.07,1410,1593,95,81,74197,54
2026/07/21 11:18:57.681,0,GPU-03a84180-d660-dbdc-17f4-0e0655717066,318.45,1410,1593,95,80,74197,55
2026/07/21 11:18:57.931,0,GPU-03a84180-d660-dbdc-17f4-0e0655717066,317.25,1410,1593,95,81,74197,54
2026/07/21 11:18:58.181,0,GPU-03a84180-d660-dbdc-17f4-0e0655717066,315.42,1410,1593,95,81,74197,54
2026/07/21 11:18:58.431,0,GPU-03a84180-d660-dbdc-17f4-0e0655717066,314.24,1410,1593,95,81,74197,54
2026/07/21 11:18:58.682,0,GPU-03a84180-d660-dbdc-17f4-0e0655717066,313.05,1410,1593,95,81,74197,54
2026/07/21 11:18:58.932,0,GPU-03a84180-d660-dbdc-17f4-0e0655717066,309.70,1410,1593,95,81,74197,54
2026/07/21 11:18:59.182,0,GPU-03a84180-d660-dbdc-17f4-0e0655717066,312.46,1410,1593,95,81,74197,54
2026/07/21 11:18:59.432,0,GPU-03a84180-d660-dbdc-17f4-0e0655717066,319.04,1410,1593,95,81,74197,54
2026/07/21 11:18:59.682,0,GPU-03a84180-d660-dbdc-17f4-0e0655717066,317.53,1410,1593,95,81,74197,54
2026/07/21 11:18:59.932,0,GPU-03a84180-d660-dbdc-17f4-0e0655717066,316.93,1410,1593,95,81,74197,54
2026/07/21 11:19:00.182,0,GPU-03a84180-d660-dbdc-17f4-0e0655717066,108.56,1410,1593,73,62,74197,50
