method,node_id,row,rack,node,file,num_requests,seed,status,reason,num_timesteps,min_power_w,max_power_w,mean_power_w,uses_ar1
ours,0,0,0,0,ours/node_0_0_0.npy,12725,42,evaluated,,345600,393.8440000000001,3216.899514675604,1025.6912354638,False
ours,1,0,0,1,ours/node_0_0_1.npy,12843,1051,evaluated,,345600,393.8440000000001,3118.3748601704647,1027.5054564809022,False
ours,2,0,0,2,ours/node_0_0_2.npy,12649,2060,evaluated,,345600,393.8440000000001,3030.677740072344,1026.3620482177528,False
ours,3,0,0,3,ours/node_0_0_3.npy,12860,3069,evaluated,,345600,393.8440000000001,3204.7549069059833,1031.9616749896406,False
ours,4,0,1,0,ours/node_0_1_0.npy,12891,4078,evaluated,,345600,393.8440000000001,3216.1011921247996,1039.609766135934,False
ours,5,0,1,1,ours/node_0_1_1.npy,12916,5087,evaluated,,345600,393.8440000000001,3121.894129968581,1032.5830627569248,False
ours,6,0,1,2,ours/node_0_1_2.npy,12611,6096,evaluated,,345600,393.8440000000001,3195.129892056433,1033.7080945456541,False
ours,7,0,1,3,ours/node_0_1_3.npy,12907,7105,evaluated,,345600,393.8440000000001,3188.441616720179,1031.7893827702308,False
ours,8,0,2,0,ours/node_0_2_0.npy,12603,8114,evaluated,,345600,393.8440000000001,3282.517952744839,1030.9039880219368,False
ours,9,0,2,1,ours/node_0_2_1.npy,12806,9123,evaluated,,345600,393.8440000000001,3125.977405172973,1032.0100204380801,False
ours,10,0,2,2,ours/node_0_2_2.npy,12723,10132,evaluated,,345600,393.8440000000001,3013.840420606586,1022.9494155418704,False
ours,11,0,2,3,ours/node_0_2_3.npy,12915,11141,evaluated,,345600,393.8440000000001,3139.085455520507,1023.0583937225858,False
ours,12,0,3,0,ours/node_0_3_0.npy,12822,12150,evaluated,,345600,393.8440000000001,3145.6964503585173,1026.065067119946,False
ours,13,0,3,1,ours/node_0_3_1.npy,12689,13159,evaluated,,345600,393.8440000000001,3166.939558129388,1022.5409293791391,False
ours,14,0,3,2,ours/node_0_3_2.npy,12664,14168,evaluated,,345600,393.8440000000001,3088.5744171836564,1037.563838673712,False
ours,15,0,3,3,ours/node_0_3_3.npy,12713,15177,evaluated,,345600,393.8440000000001,3267.9459087130954,1028.8270890921267,False
ours,16,0,4,0,ours/node_0_4_0.npy,12601,16186,evaluated,,345600,393.8440000000001,3214.968616954779,1021.9508543912392,False
ours,17,0,4,1,ours/node_0_4_1.npy,12848,17195,evaluated,,345600,393.8440000000001,3096.114695087624,1029.9207429530352,False
ours,18,0,4,2,ours/node_0_4_2.npy,12678,18204,evaluated,,345600,393.8440000000001,3031.8211217656385,1023.0614229984446,False
ours,19,0,4,3,ours/node_0_4_3.npy,12948,19213,evaluated,,345600,393.8440000000001,3032.4036570100693,1030.288271920349,False
ours,20,0,5,0,ours/node_0_5_0.npy,12816,20222,evaluated,,345600,393.8440000000001,3076.0314285000904,1033.0266935408968,False
ours,21,0,5,1,ours/node_0_5_1.npy,12957,21231,evaluated,,345600,393.8440000000001,3237.2382074938496,1030.819373864737,False
ours,22,0,5,2,ours/node_0_5_2.npy,12840,22240,evaluated,,345600,393.8440000000001,3116.4922415686215,1028.5670771511866,False
ours,23,0,5,3,ours/node_0_5_3.npy,12740,23249,evaluated,,345600,393.8440000000001,3107.0008381225775,1027.706235306949,False
ours,24,1,0,0,ours/node_1_0_0.npy,12845,24258,evaluated,,345600,393.8440000000001,3075.059749995167,1023.9184782641614,False
ours,25,1,0,1,ours/node_1_0_1.npy,12955,25267,evaluated,,345600,393.8440000000001,3039.235557399849,1029.7104364802267,False
ours,26,1,0,2,ours/node_1_0_2.npy,12822,26276,evaluated,,345600,393.8440000000001,3144.8571613444988,1033.3698065737965,False
ours,27,1,0,3,ours/node_1_0_3.npy,12898,27285,evaluated,,345600,393.8440000000001,3320.836688412907,1024.5458483792638,False
ours,28,1,1,0,ours/node_1_1_0.npy,12834,28294,evaluated,,345600,393.8440000000001,3073.067930717755,1026.203406231889,False
ours,29,1,1,1,ours/node_1_1_1.npy,12948,29303,evaluated,,345600,393.8440000000001,3094.6805248399687,1026.1884726038757,False
ours,30,1,1,2,ours/node_1_1_2.npy,12810,30312,evaluated,,345600,393.8440000000001,3227.405979660901,1024.4533812960183,False
ours,31,1,1,3,ours/node_1_1_3.npy,12820,31321,evaluated,,345600,393.8440000000001,3167.9533924618595,1024.617514020063,False
ours,32,1,2,0,ours/node_1_2_0.npy,12526,32330,evaluated,,345600,393.8440000000001,3149.9316022164317,1027.3556409323232,False
ours,33,1,2,1,ours/node_1_2_1.npy,12891,33339,evaluated,,345600,393.8440000000001,3058.980944308917,1035.381103822596,False
ours,34,1,2,2,ours/node_1_2_2.npy,12793,34348,evaluated,,345600,393.8440000000001,3116.7615362779843,1030.1790059485877,False
ours,35,1,2,3,ours/node_1_2_3.npy,12611,35357,evaluated,,345600,393.8440000000001,3133.479870090994,1026.0278613379835,False
ours,36,1,3,0,ours/node_1_3_0.npy,12895,36366,evaluated,,345600,393.8440000000001,3137.15019021769,1035.1890945599814,False
ours,37,1,3,1,ours/node_1_3_1.npy,12922,37375,evaluated,,345600,393.8440000000001,3122.823898462964,1029.022707282982,False
ours,38,1,3,2,ours/node_1_3_2.npy,12797,38384,evaluated,,345600,393.8440000000001,3165.869338325622,1027.5293655581393,False
ours,39,1,3,3,ours/node_1_3_3.npy,12730,39393,evaluated,,345600,393.8440000000001,3066.013777364267,1029.229488490126,False
ours,40,1,4,0,ours/node_1_4_0.npy,12792,40402,evaluated,,345600,393.8440000000001,3246.2870636987554,1023.6246413465434,False
ours,41,1,4,1,ours/node_1_4_1.npy,12678,41411,evaluated,,345600,393.8440000000001,3100.6160345735266,1029.2861994061643,False
ours,42,1,4,2,ours/node_1_4_2.npy,12902,42420,evaluated,,345600,393.8440000000001,3108.0342051589537,1026.3879061648076,False
ours,43,1,4,3,ours/node_1_4_3.npy,12891,43429,evaluated,,345600,393.8440000000001,3114.246327481592,1041.388986659087,False
ours,44,1,5,0,ours/node_1_5_0.npy,12738,44438,evaluated,,345600,393.8440000000001,3193.758685046449,1032.6141746942958,False
ours,45,1,5,1,ours/node_1_5_1.npy,12905,45447,evaluated,,345600,393.8440000000001,3199.487529992715,1031.2422262877294,False
ours,46,1,5,2,ours/node_1_5_2.npy,12829,46456,evaluated,,345600,393.8440000000001,3162.493377002499,1038.5693968855935,False
ours,47,1,5,3,ours/node_1_5_3.npy,12937,47465,evaluated,,345600,393.8440000000001,3162.7365650261036,1028.9077126468296,False
ours,48,2,0,0,ours/node_2_0_0.npy,12719,48474,evaluated,,345600,393.8440000000001,3293.0367935845593,1020.895864003798,False
ours,49,2,0,1,ours/node_2_0_1.npy,12901,49483,evaluated,,345600,393.8440000000001,3041.6047565801678,1034.4249457000885,False
ours,50,2,0,2,ours/node_2_0_2.npy,12929,50492,evaluated,,345600,393.8440000000001,3122.8408012769746,1030.0194403945623,False
ours,51,2,0,3,ours/node_2_0_3.npy,12540,51501,evaluated,,345600,393.8440000000001,3197.428389589674,1025.7684183271062,False
ours,52,2,1,0,ours/node_2_1_0.npy,12781,52510,evaluated,,345600,393.8440000000001,3052.346584747815,1034.1296612232695,False
ours,53,2,1,1,ours/node_2_1_1.npy,12954,53519,evaluated,,345600,393.8440000000001,3110.12411963801,1027.9107424605788,False
ours,54,2,1,2,ours/node_2_1_2.npy,12566,54528,evaluated,,345600,393.8440000000001,3145.0354244318683,1022.94426331046,False
ours,55,2,1,3,ours/node_2_1_3.npy,12688,55537,evaluated,,345600,393.8440000000001,3209.110148370385,1025.7415887578472,False
ours,56,2,2,0,ours/node_2_2_0.npy,12907,56546,evaluated,,345600,393.8440000000001,3125.6311857309083,1033.224958918838,False
ours,57,2,2,1,ours/node_2_2_1.npy,12866,57555,evaluated,,345600,393.8440000000001,3208.9090781564314,1029.1242639140376,False
ours,58,2,2,2,ours/node_2_2_2.npy,12876,58564,evaluated,,345600,393.8440000000001,3118.366097960895,1031.5751442290425,False
ours,59,2,2,3,ours/node_2_2_3.npy,12886,59573,evaluated,,345600,393.8440000000001,3237.0797391797023,1030.8255735940706,False
ours,60,2,3,0,ours/node_2_3_0.npy,12823,60582,evaluated,,345600,393.8440000000001,3041.9072677964946,1030.8468960382468,False
ours,61,2,3,1,ours/node_2_3_1.npy,12889,61591,evaluated,,345600,393.8440000000001,2987.921349312946,1033.556389532361,False
ours,62,2,3,2,ours/node_2_3_2.npy,12770,62600,evaluated,,345600,393.8440000000001,3202.798973831989,1031.4375958970825,False
ours,63,2,3,3,ours/node_2_3_3.npy,12779,63609,evaluated,,345600,393.8440000000001,3100.215751173328,1026.1924218115414,False
ours,64,2,4,0,ours/node_2_4_0.npy,12758,64618,evaluated,,345600,393.8440000000001,3252.144721797428,1043.3751144769528,False
ours,65,2,4,1,ours/node_2_4_1.npy,12852,65627,evaluated,,345600,393.8440000000001,3216.1821555686897,1030.5575424289914,False
ours,66,2,4,2,ours/node_2_4_2.npy,12751,66636,evaluated,,345600,393.8440000000001,2994.4615469990945,1023.5913266055503,False
ours,67,2,4,3,ours/node_2_4_3.npy,12857,67645,evaluated,,345600,393.8440000000001,3119.4572184096364,1032.0432476703095,False
ours,68,2,5,0,ours/node_2_5_0.npy,12974,68654,evaluated,,345600,393.8440000000001,3168.2337196272624,1031.720303262272,False
ours,69,2,5,1,ours/node_2_5_1.npy,12653,69663,evaluated,,345600,393.8440000000001,3102.9738562695657,1034.9908948728973,False
ours,70,2,5,2,ours/node_2_5_2.npy,12972,70672,evaluated,,345600,393.8440000000001,3178.497185238012,1024.8583832743252,False
ours,71,2,5,3,ours/node_2_5_3.npy,12715,71681,evaluated,,345600,393.8440000000001,3220.725551737279,1022.1464389423619,False
ours,72,3,0,0,ours/node_3_0_0.npy,12790,72690,evaluated,,345600,393.8440000000001,3031.689062831531,1027.1646186623316,False
ours,73,3,0,1,ours/node_3_0_1.npy,12798,73699,evaluated,,345600,393.8440000000001,3015.6819913735444,1028.644359998971,False
ours,74,3,0,2,ours/node_3_0_2.npy,12915,74708,evaluated,,345600,393.8440000000001,3123.487137392267,1030.7053650242406,False
ours,75,3,0,3,ours/node_3_0_3.npy,12895,75717,evaluated,,345600,393.8440000000001,3058.946799375623,1029.084947122627,False
ours,76,3,1,0,ours/node_3_1_0.npy,12770,76726,evaluated,,345600,393.8440000000001,3145.8327828027914,1035.7292342502358,False
ours,77,3,1,1,ours/node_3_1_1.npy,12537,77735,evaluated,,345600,393.8440000000001,3068.585650346464,1019.3758096734504,False
ours,78,3,1,2,ours/node_3_1_2.npy,12905,78744,evaluated,,345600,393.8440000000001,3169.825901032104,1020.1803231892379,False
ours,79,3,1,3,ours/node_3_1_3.npy,12842,79753,evaluated,,345600,393.8440000000001,3159.1086701382324,1036.6189483094556,False
ours,80,3,2,0,ours/node_3_2_0.npy,12633,80762,evaluated,,345600,393.8440000000001,3196.647787150443,1037.631930413749,False
ours,81,3,2,1,ours/node_3_2_1.npy,12782,81771,evaluated,,345600,393.8440000000001,3246.2184362383773,1029.4086134694464,False
ours,82,3,2,2,ours/node_3_2_2.npy,12915,82780,evaluated,,345600,393.8440000000001,3273.553547465727,1035.0779327072055,False
ours,83,3,2,3,ours/node_3_2_3.npy,12649,83789,evaluated,,345600,393.8440000000001,3116.045877240011,1026.1908116210022,False
ours,84,3,3,0,ours/node_3_3_0.npy,12772,84798,evaluated,,345600,393.8440000000001,3222.343762077566,1024.2861522607734,False
ours,85,3,3,1,ours/node_3_3_1.npy,12806,85807,evaluated,,345600,393.8440000000001,3049.4787546440552,1033.3078863313694,False
ours,86,3,3,2,ours/node_3_3_2.npy,12690,86816,evaluated,,345600,393.8440000000001,3148.869851982668,1035.4418669581075,False
ours,87,3,3,3,ours/node_3_3_3.npy,12672,87825,evaluated,,345600,393.8440000000001,3116.4663188045606,1026.9251753998349,False
ours,88,3,4,0,ours/node_3_4_0.npy,12890,88834,evaluated,,345600,393.8440000000001,3153.4168361335105,1031.6412084157157,False
ours,89,3,4,1,ours/node_3_4_1.npy,12719,89843,evaluated,,345600,393.8440000000001,3198.7559831186395,1028.3675223925857,False
ours,90,3,4,2,ours/node_3_4_2.npy,12750,90852,evaluated,,345600,393.8440000000001,3201.6235018509096,1030.6660473634972,False
ours,91,3,4,3,ours/node_3_4_3.npy,12779,91861,evaluated,,345600,393.8440000000001,3181.007411596882,1025.9704960272998,False
ours,92,3,5,0,ours/node_3_5_0.npy,12853,92870,evaluated,,345600,393.8440000000001,3193.1916588184235,1030.9393194017239,False
ours,93,3,5,1,ours/node_3_5_1.npy,12657,93879,evaluated,,345600,393.8440000000001,3195.970195535575,1033.6750087379667,False
ours,94,3,5,2,ours/node_3_5_2.npy,12857,94888,evaluated,,345600,393.8440000000001,3051.5386745652345,1039.231932220103,False
ours,95,3,5,3,ours/node_3_5_3.npy,12901,95897,evaluated,,345600,393.8440000000001,3323.494800198816,1029.7365223135557,False
ours,96,4,0,0,ours/node_4_0_0.npy,12954,96906,evaluated,,345600,393.8440000000001,3009.7767378425237,1022.0181825503801,False
ours,97,4,0,1,ours/node_4_0_1.npy,12860,97915,evaluated,,345600,393.8440000000001,3166.105567943689,1031.2827363826084,False
ours,98,4,0,2,ours/node_4_0_2.npy,12556,98924,evaluated,,345600,393.8440000000001,3111.0804662550604,1016.0105692727966,False
ours,99,4,0,3,ours/node_4_0_3.npy,12972,99933,evaluated,,345600,393.8440000000001,3099.580338066447,1030.7842778052268,False
ours,100,4,1,0,ours/node_4_1_0.npy,12890,100942,evaluated,,345600,393.8440000000001,3147.3259427987987,1030.5031991379087,False
ours,101,4,1,1,ours/node_4_1_1.npy,12892,101951,evaluated,,345600,393.8440000000001,3291.9578197387186,1032.4009516306255,False
ours,102,4,1,2,ours/node_4_1_2.npy,12722,102960,evaluated,,345600,393.8440000000001,3167.3454487898584,1029.0527425606506,False
ours,103,4,1,3,ours/node_4_1_3.npy,12985,103969,evaluated,,345600,393.8440000000001,3178.8219982583755,1030.2723716648381,False
ours,104,4,2,0,ours/node_4_2_0.npy,12781,104978,evaluated,,345600,393.8440000000001,3026.595227877994,1033.0344959277286,False
ours,105,4,2,1,ours/node_4_2_1.npy,12879,105987,evaluated,,345600,393.8440000000001,3164.0385623022253,1033.3662541299223,False
ours,106,4,2,2,ours/node_4_2_2.npy,12908,106996,evaluated,,345600,393.8440000000001,3071.349430992267,1036.3734306679935,False
ours,107,4,2,3,ours/node_4_2_3.npy,12712,108005,evaluated,,345600,393.8440000000001,3203.889723930122,1021.7862493789476,False
ours,108,4,3,0,ours/node_4_3_0.npy,12934,109014,evaluated,,345600,393.8440000000001,3089.252622259482,1035.0314578229086,False
ours,109,4,3,1,ours/node_4_3_1.npy,12802,110023,evaluated,,345600,393.8440000000001,3089.8916037164145,1031.2024846721847,False
ours,110,4,3,2,ours/node_4_3_2.npy,12673,111032,evaluated,,345600,393.8440000000001,3166.481090830149,1027.2198528479341,False
ours,111,4,3,3,ours/node_4_3_3.npy,12740,112041,evaluated,,345600,393.8440000000001,3200.0320778704904,1015.9367924515468,False
ours,112,4,4,0,ours/node_4_4_0.npy,12824,113050,evaluated,,345600,393.8440000000001,3023.534276273811,1029.2755134362922,False
ours,113,4,4,1,ours/node_4_4_1.npy,12847,114059,evaluated,,345600,393.8440000000001,3208.909480122048,1027.699226532843,False
ours,114,4,4,2,ours/node_4_4_2.npy,12849,115068,evaluated,,345600,393.8440000000001,3278.003750587322,1036.0912804510117,False
ours,115,4,4,3,ours/node_4_4_3.npy,12934,116077,evaluated,,345600,393.8440000000001,3031.581049073408,1035.4466986494963,False
ours,116,4,5,0,ours/node_4_5_0.npy,12835,117086,evaluated,,345600,393.8440000000001,3110.3846175497843,1033.122528173222,False
ours,117,4,5,1,ours/node_4_5_1.npy,12913,118095,evaluated,,345600,393.8440000000001,3161.551038122942,1028.1737101277486,False
ours,118,4,5,2,ours/node_4_5_2.npy,12951,119104,evaluated,,345600,393.8440000000001,3112.0862543295625,1030.3123481737432,False
ours,119,4,5,3,ours/node_4_5_3.npy,12822,120113,evaluated,,345600,393.8440000000001,3022.592612474473,1028.80435118813,False
ours,120,5,0,0,ours/node_5_0_0.npy,12868,121122,evaluated,,345600,393.8440000000001,3103.9571280901696,1027.5383277295919,False
ours,121,5,0,1,ours/node_5_0_1.npy,12866,122131,evaluated,,345600,393.8440000000001,3103.970624103616,1038.2908132192879,False
ours,122,5,0,2,ours/node_5_0_2.npy,12792,123140,evaluated,,345600,393.8440000000001,3032.956779096799,1023.5337706445599,False
ours,123,5,0,3,ours/node_5_0_3.npy,12806,124149,evaluated,,345600,393.8440000000001,3224.332147545064,1029.2593220852118,False
ours,124,5,1,0,ours/node_5_1_0.npy,12824,125158,evaluated,,345600,393.8440000000001,3141.7489047499002,1029.9923376447205,False
ours,125,5,1,1,ours/node_5_1_1.npy,12711,126167,evaluated,,345600,393.8440000000001,3143.5094510735485,1024.2118302413687,False
ours,126,5,1,2,ours/node_5_1_2.npy,12805,127176,evaluated,,345600,393.8440000000001,3233.83188272878,1032.1806518127648,False
ours,127,5,1,3,ours/node_5_1_3.npy,12927,128185,evaluated,,345600,393.8440000000001,3147.049913255566,1033.6068630570937,False
ours,128,5,2,0,ours/node_5_2_0.npy,12763,129194,evaluated,,345600,393.8440000000001,3281.589025463094,1035.259791581673,False
ours,129,5,2,1,ours/node_5_2_1.npy,12733,130203,evaluated,,345600,393.8440000000001,3236.6595788331056,1025.2681301471018,False
ours,130,5,2,2,ours/node_5_2_2.npy,13072,131212,evaluated,,345600,393.8440000000001,3042.8848380001314,1034.4181774450706,False
ours,131,5,2,3,ours/node_5_2_3.npy,12832,132221,evaluated,,345600,393.8440000000001,3141.8517989838374,1030.6595651091627,False
ours,132,5,3,0,ours/node_5_3_0.npy,13002,133230,evaluated,,345600,393.8440000000001,3111.1590028136625,1038.1065795506474,False
ours,133,5,3,1,ours/node_5_3_1.npy,12879,134239,evaluated,,345600,393.8440000000001,3096.374698115004,1031.1003578838508,False
ours,134,5,3,2,ours/node_5_3_2.npy,12777,135248,evaluated,,345600,393.8440000000001,3052.0466989347433,1026.406117891104,False
ours,135,5,3,3,ours/node_5_3_3.npy,13029,136257,evaluated,,345600,393.8440000000001,3251.6097038453563,1035.3890304357988,False
ours,136,5,4,0,ours/node_5_4_0.npy,12792,137266,evaluated,,345600,393.8440000000001,3090.7759571252045,1033.2325999110392,False
ours,137,5,4,1,ours/node_5_4_1.npy,12753,138275,evaluated,,345600,393.8440000000001,3227.8191553693764,1033.31467925644,False
ours,138,5,4,2,ours/node_5_4_2.npy,12847,139284,evaluated,,345600,393.8440000000001,3023.478728809485,1034.673619229149,False
ours,139,5,4,3,ours/node_5_4_3.npy,13027,140293,evaluated,,345600,393.8440000000001,3041.3187120871744,1036.845330011832,False
ours,140,5,5,0,ours/node_5_5_0.npy,12764,141302,evaluated,,345600,393.8440000000001,3161.5694295825774,1029.9979833808864,False
ours,141,5,5,1,ours/node_5_5_1.npy,12791,142311,evaluated,,345600,393.8440000000001,3168.3129408979134,1028.591691494811,False
ours,142,5,5,2,ours/node_5_5_2.npy,12826,143320,evaluated,,345600,393.8440000000001,3150.7188336789714,1025.4258756291958,False
ours,143,5,5,3,ours/node_5_5_3.npy,12951,144329,evaluated,,345600,393.8440000000001,3129.0853775136634,1030.8729995726953,False
ours,144,6,0,0,ours/node_6_0_0.npy,12803,145338,evaluated,,345600,393.8440000000001,3132.4794697820435,1033.3214077961632,False
ours,145,6,0,1,ours/node_6_0_1.npy,12904,146347,evaluated,,345600,393.8440000000001,3147.6401539615367,1034.2240366743067,False
ours,146,6,0,2,ours/node_6_0_2.npy,12801,147356,evaluated,,345600,393.8440000000001,3045.032065984279,1033.2555719530224,False
ours,147,6,0,3,ours/node_6_0_3.npy,12867,148365,evaluated,,345600,393.8440000000001,3282.8813080063596,1034.153182431639,False
ours,148,6,1,0,ours/node_6_1_0.npy,12855,149374,evaluated,,345600,393.8440000000001,3364.5282615058754,1031.984868184635,False
ours,149,6,1,1,ours/node_6_1_1.npy,12708,150383,evaluated,,345600,393.8440000000001,3215.6281078998986,1023.6757646654615,False
ours,150,6,1,2,ours/node_6_1_2.npy,12965,151392,evaluated,,345600,393.8440000000001,3261.5344533890952,1031.254695009449,False
ours,151,6,1,3,ours/node_6_1_3.npy,12870,152401,evaluated,,345600,393.8440000000001,3067.301278200119,1028.0531838381949,False
ours,152,6,2,0,ours/node_6_2_0.npy,12733,153410,evaluated,,345600,393.8440000000001,3050.5558793885843,1027.8379440984183,False
ours,153,6,2,1,ours/node_6_2_1.npy,12874,154419,evaluated,,345600,393.8440000000001,3264.889884268868,1032.610751698853,False
ours,154,6,2,2,ours/node_6_2_2.npy,12831,155428,evaluated,,345600,393.8440000000001,3152.28199706408,1032.3966335622981,False
ours,155,6,2,3,ours/node_6_2_3.npy,12827,156437,evaluated,,345600,393.8440000000001,3152.185908526099,1036.712593092196,False
ours,156,6,3,0,ours/node_6_3_0.npy,12928,157446,evaluated,,345600,393.8440000000001,3198.6203264390056,1031.8212754286021,False
ours,157,6,3,1,ours/node_6_3_1.npy,12781,158455,evaluated,,345600,393.8440000000001,3101.273618227572,1033.003398788232,False
ours,158,6,3,2,ours/node_6_3_2.npy,12791,159464,evaluated,,345600,393.8440000000001,3285.54421566087,1033.0820661497762,False
ours,159,6,3,3,ours/node_6_3_3.npy,12768,160473,evaluated,,345600,393.8440000000001,3240.0677207340696,1025.6623625754912,False
ours,160,6,4,0,ours/node_6_4_0.npy,13037,161482,evaluated,,345600,393.8440000000001,3335.930664621812,1036.2351028105809,False
ours,161,6,4,1,ours/node_6_4_1.npy,12838,162491,evaluated,,345600,393.8440000000001,3128.104914526432,1033.1024201471837,False
ours,162,6,4,2,ours/node_6_4_2.npy,12809,163500,evaluated,,345600,393.8440000000001,3032.102218711083,1034.9990092349053,False
ours,163,6,4,3,ours/node_6_4_3.npy,12798,164509,evaluated,,345600,393.8440000000001,3105.8362788078616,1023.515504355518,False
ours,164,6,5,0,ours/node_6_5_0.npy,12824,165518,evaluated,,345600,393.8440000000001,3221.3553256325063,1026.7715568456808,False
ours,165,6,5,1,ours/node_6_5_1.npy,12860,166527,evaluated,,345600,393.8440000000001,3089.0428309714953,1030.6115178522277,False
ours,166,6,5,2,ours/node_6_5_2.npy,12620,167536,evaluated,,345600,393.8440000000001,3108.804435935029,1031.1787520549221,False
ours,167,6,5,3,ours/node_6_5_3.npy,12676,168545,evaluated,,345600,393.8440000000001,3115.5011626484425,1031.0694346614696,False
ours,168,7,0,0,ours/node_7_0_0.npy,13054,169554,evaluated,,345600,393.8440000000001,3070.5990081002824,1032.8439994983303,False
ours,169,7,0,1,ours/node_7_0_1.npy,12675,170563,evaluated,,345600,393.8440000000001,3053.2397251183284,1028.356445506724,False
ours,170,7,0,2,ours/node_7_0_2.npy,12961,171572,evaluated,,345600,393.8440000000001,3085.308767017257,1029.261880138278,False
ours,171,7,0,3,ours/node_7_0_3.npy,12730,172581,evaluated,,345600,393.8440000000001,3063.2142131987775,1029.0670232379082,False
ours,172,7,1,0,ours/node_7_1_0.npy,12694,173590,evaluated,,345600,393.8440000000001,3182.447645438579,1025.7283303254171,False
ours,173,7,1,1,ours/node_7_1_1.npy,12703,174599,evaluated,,345600,393.8440000000001,3337.4392152585615,1031.0935876878875,False
ours,174,7,1,2,ours/node_7_1_2.npy,12852,175608,evaluated,,345600,393.8440000000001,3176.5084557869113,1038.4019450268365,False
ours,175,7,1,3,ours/node_7_1_3.npy,12890,176617,evaluated,,345600,393.8440000000001,3225.5736387120664,1030.8812157544542,False
ours,176,7,2,0,ours/node_7_2_0.npy,12623,177626,evaluated,,345600,393.8440000000001,3276.2432430422296,1024.381189848891,False
ours,177,7,2,1,ours/node_7_2_1.npy,12698,178635,evaluated,,345600,393.8440000000001,3149.280320443989,1031.9099589845312,False
ours,178,7,2,2,ours/node_7_2_2.npy,12776,179644,evaluated,,345600,393.8440000000001,3091.9975216457674,1028.1798839638116,False
ours,179,7,2,3,ours/node_7_2_3.npy,12789,180653,evaluated,,345600,393.8440000000001,3085.989925703133,1021.9896549034567,False
ours,180,7,3,0,ours/node_7_3_0.npy,12673,181662,evaluated,,345600,393.8440000000001,3278.223804737722,1025.0053855991005,False
ours,181,7,3,1,ours/node_7_3_1.npy,12962,182671,evaluated,,345600,393.8440000000001,3129.925402967596,1025.3812951965965,False
ours,182,7,3,2,ours/node_7_3_2.npy,12866,183680,evaluated,,345600,393.8440000000001,3078.6401432647076,1030.673492740575,False
ours,183,7,3,3,ours/node_7_3_3.npy,12628,184689,evaluated,,345600,393.8440000000001,3244.2712288507328,1029.061091506671,False
ours,184,7,4,0,ours/node_7_4_0.npy,12864,185698,evaluated,,345600,393.8440000000001,3132.6127450287795,1027.0246895332114,False
ours,185,7,4,1,ours/node_7_4_1.npy,12824,186707,evaluated,,345600,393.8440000000001,3055.9947196138714,1030.3391687593903,False
ours,186,7,4,2,ours/node_7_4_2.npy,12713,187716,evaluated,,345600,393.8440000000001,3022.383559533752,1017.522325957294,False
ours,187,7,4,3,ours/node_7_4_3.npy,12932,188725,evaluated,,345600,393.8440000000001,3105.3841419805954,1034.1963421096746,False
ours,188,7,5,0,ours/node_7_5_0.npy,12897,189734,evaluated,,345600,393.8440000000001,3032.6891315501603,1033.5640592025118,False
ours,189,7,5,1,ours/node_7_5_1.npy,12611,190743,evaluated,,345600,393.8440000000001,3224.461709811251,1027.3765705164549,False
ours,190,7,5,2,ours/node_7_5_2.npy,12811,191752,evaluated,,345600,393.8440000000001,3172.110652212048,1028.4180916966907,False
ours,191,7,5,3,ours/node_7_5_3.npy,12946,192761,evaluated,,345600,393.8440000000001,3139.0689326542956,1028.256277932271,False
ours,192,8,0,0,ours/node_8_0_0.npy,12730,193770,evaluated,,345600,393.8440000000001,3153.5918895664663,1025.7870928720354,False
ours,193,8,0,1,ours/node_8_0_1.npy,12919,194779,evaluated,,345600,393.8440000000001,3200.4979516080484,1026.8536164142981,False
ours,194,8,0,2,ours/node_8_0_2.npy,12511,195788,evaluated,,345600,393.8440000000001,3163.944771796395,1027.3792243193798,False
ours,195,8,0,3,ours/node_8_0_3.npy,12696,196797,evaluated,,345600,393.8440000000001,3288.82428491313,1026.1219566082104,False
ours,196,8,1,0,ours/node_8_1_0.npy,12917,197806,evaluated,,345600,393.8440000000001,3158.479920336007,1030.2208058488968,False
ours,197,8,1,1,ours/node_8_1_1.npy,12800,198815,evaluated,,345600,393.8440000000001,3254.4054116855095,1034.1763502104698,False
ours,198,8,1,2,ours/node_8_1_2.npy,12817,199824,evaluated,,345600,393.8440000000001,3249.6659951154243,1025.9407854391482,False
ours,199,8,1,3,ours/node_8_1_3.npy,12757,200833,evaluated,,345600,393.8440000000001,3103.6625807738337,1031.9083962990783,False
ours,200,8,2,0,ours/node_8_2_0.npy,13007,201842,evaluated,,345600,393.8440000000001,3133.6767690063766,1032.2097871172227,False
ours,201,8,2,1,ours/node_8_2_1.npy,12896,202851,evaluated,,345600,393.8440000000001,3062.585819656941,1034.6159427603332,False
ours,202,8,2,2,ours/node_8_2_2.npy,12628,203860,evaluated,,345600,393.8440000000001,3008.06965271267,1031.934972927429,False
ours,203,8,2,3,ours/node_8_2_3.npy,12953,204869,evaluated,,345600,393.8440000000001,3075.9937889493135,1033.2333741405644,False
ours,204,8,3,0,ours/node_8_3_0.npy,12616,205878,evaluated,,345600,393.8440000000001,3245.4460446745325,1027.0826829241319,False
ours,205,8,3,1,ours/node_8_3_1.npy,12862,206887,evaluated,,345600,393.8440000000001,3232.608756728618,1043.9499631991514,False
ours,206,8,3,2,ours/node_8_3_2.npy,12932,207896,evaluated,,345600,393.8440000000001,3363.8284234232365,1038.1575276257443,False
ours,207,8,3,3,ours/node_8_3_3.npy,12782,208905,evaluated,,345600,393.8440000000001,3400.6751138130962,1031.3708755383702,False
ours,208,8,4,0,ours/node_8_4_0.npy,12816,209914,evaluated,,345600,393.8440000000001,3146.390675063667,1028.2921039832752,False
ours,209,8,4,1,ours/node_8_4_1.npy,12844,210923,evaluated,,345600,393.8440000000001,3191.9496698445228,1038.8714594555468,False
ours,210,8,4,2,ours/node_8_4_2.npy,12848,211932,evaluated,,345600,393.8440000000001,3040.326021031086,1030.7193593030925,False
ours,211,8,4,3,ours/node_8_4_3.npy,12875,212941,evaluated,,345600,393.8440000000001,3148.3212854544354,1034.5744464709528,False
ours,212,8,5,0,ours/node_8_5_0.npy,12863,213950,evaluated,,345600,393.8440000000001,3268.7802127683835,1026.8096953275453,False
ours,213,8,5,1,ours/node_8_5_1.npy,12710,214959,evaluated,,345600,393.8440000000001,3244.757279940888,1027.5816358183276,False
ours,214,8,5,2,ours/node_8_5_2.npy,12908,215968,evaluated,,345600,393.8440000000001,3050.099781104241,1032.8075481919252,False
ours,215,8,5,3,ours/node_8_5_3.npy,12729,216977,evaluated,,345600,393.8440000000001,3162.5237318360996,1023.1579997975164,False
ours,216,9,0,0,ours/node_9_0_0.npy,12884,217986,evaluated,,345600,393.8440000000001,3072.927474936222,1034.7297862873381,False
ours,217,9,0,1,ours/node_9_0_1.npy,12549,218995,evaluated,,345600,393.8440000000001,3208.93103242307,1022.6023098989438,False
ours,218,9,0,2,ours/node_9_0_2.npy,12763,220004,evaluated,,345600,393.8440000000001,3195.95396604777,1028.7814912246008,False
ours,219,9,0,3,ours/node_9_0_3.npy,12866,221013,evaluated,,345600,393.8440000000001,2975.6705415664946,1024.4638551507974,False
ours,220,9,1,0,ours/node_9_1_0.npy,12846,222022,evaluated,,345600,393.8440000000001,3255.0165583744715,1030.0141329427954,False
ours,221,9,1,1,ours/node_9_1_1.npy,12919,223031,evaluated,,345600,393.8440000000001,3122.7928700239913,1031.9918714468286,False
ours,222,9,1,2,ours/node_9_1_2.npy,12788,224040,evaluated,,345600,393.8440000000001,3064.63596572387,1029.353876977305,False
ours,223,9,1,3,ours/node_9_1_3.npy,12535,225049,evaluated,,345600,393.8440000000001,3211.2668933955647,1033.1478627668798,False
ours,224,9,2,0,ours/node_9_2_0.npy,12724,226058,evaluated,,345600,393.8440000000001,3137.4818210844332,1030.7638287310963,False
ours,225,9,2,1,ours/node_9_2_1.npy,12621,227067,evaluated,,345600,393.8440000000001,3090.0770598109293,1028.5924270907904,False
ours,226,9,2,2,ours/node_9_2_2.npy,12493,228076,evaluated,,345600,393.8440000000001,3080.2942537568047,1020.0851933512016,False
ours,227,9,2,3,ours/node_9_2_3.npy,12755,229085,evaluated,,345600,393.8440000000001,3173.982019853706,1040.8781017723811,False
ours,228,9,3,0,ours/node_9_3_0.npy,12790,230094,evaluated,,345600,393.8440000000001,3128.4166979151423,1022.5827962950744,False
ours,229,9,3,1,ours/node_9_3_1.npy,12837,231103,evaluated,,345600,393.8440000000001,3259.814302654752,1027.822057996195,False
ours,230,9,3,2,ours/node_9_3_2.npy,12915,232112,evaluated,,345600,393.8440000000001,3017.916679462138,1024.8898428917062,False
ours,231,9,3,3,ours/node_9_3_3.npy,12863,233121,evaluated,,345600,393.8440000000001,3119.859190897174,1029.1816118025458,False
ours,232,9,4,0,ours/node_9_4_0.npy,13044,234130,evaluated,,345600,393.8440000000001,3125.014686926179,1033.5374084092507,False
ours,233,9,4,1,ours/node_9_4_1.npy,12814,235139,evaluated,,345600,393.8440000000001,3190.819914891791,1034.848125235113,False
ours,234,9,4,2,ours/node_9_4_2.npy,12660,236148,evaluated,,345600,393.8440000000001,3161.024339996199,1026.2231844637927,False
ours,235,9,4,3,ours/node_9_4_3.npy,12650,237157,evaluated,,345600,393.8440000000001,3131.657893059015,1027.465520244322,False
ours,236,9,5,0,ours/node_9_5_0.npy,12923,238166,evaluated,,345600,393.8440000000001,3185.7340426504134,1031.9669604121107,False
ours,237,9,5,1,ours/node_9_5_1.npy,12933,239175,evaluated,,345600,393.8440000000001,3075.9144627209225,1030.1998195033032,False
ours,238,9,5,2,ours/node_9_5_2.npy,12958,240184,evaluated,,345600,393.8440000000001,3173.163798968771,1033.5415235902815,False
ours,239,9,5,3,ours/node_9_5_3.npy,12690,241193,evaluated,,345600,393.8440000000001,3111.7119640952014,1033.366498672043,False
splitwise_strict,0,0,0,0,splitwise_strict/node_0_0_0.npy,12725,42,evaluated,,345600,1278.1003124999997,3256.8834374999997,1424.3303264293656,False
splitwise_strict,1,0,0,1,splitwise_strict/node_0_0_1.npy,12843,1051,evaluated,,345600,1278.1003124999997,3256.852983398437,1425.41718382449,False
splitwise_strict,2,0,0,2,splitwise_strict/node_0_0_2.npy,12649,2060,evaluated,,345600,1278.1003124999997,3256.8834374999997,1423.910265004723,False
splitwise_strict,3,0,0,3,splitwise_strict/node_0_0_3.npy,12860,3069,evaluated,,345600,1278.1003124999997,3256.8834374999997,1426.4277359429984,False
splitwise_strict,4,0,1,0,splitwise_strict/node_0_1_0.npy,12891,4078,evaluated,,345600,1278.1003124999997,3256.8834374999997,1427.86283690167,False
splitwise_strict,5,0,1,1,splitwise_strict/node_0_1_1.npy,12916,5087,evaluated,,345600,1278.1003124999997,3256.8834374999997,1427.1183563789743,False
splitwise_strict,6,0,1,2,splitwise_strict/node_0_1_2.npy,12611,6096,evaluated,,345600,1278.1003124999997,3256.8834374999997,1426.066543101491,False
splitwise_strict,7,0,1,3,splitwise_strict/node_0_1_3.npy,12907,7105,evaluated,,345600,1278.1003124999997,3256.8834374999997,1426.9964724065978,False
splitwise_strict,8,0,2,0,splitwise_strict/node_0_2_0.npy,12603,8114,evaluated,,345600,1278.1003124999997,3256.873286132812,1423.547334681462,False
splitwise_strict,9,0,2,1,splitwise_strict/node_0_2_1.npy,12806,9123,evaluated,,345600,1278.1003124999997,3256.8834374999997,1425.9906542569058,False
splitwise_strict,10,0,2,2,splitwise_strict/node_0_2_2.npy,12723,10132,evaluated,,345600,1278.1003124999997,3256.8834374999997,1425.1854586501495,False
splitwise_strict,11,0,2,3,splitwise_strict/node_0_2_3.npy,12915,11141,evaluated,,345600,1278.1003124999997,3256.8834374999997,1425.6711517470553,False
splitwise_strict,12,0,3,0,splitwise_strict/node_0_3_0.npy,12822,12150,evaluated,,345600,1278.1003124999997,3256.852983398437,1424.5589345662008,False
splitwise_strict,13,0,3,1,splitwise_strict/node_0_3_1.npy,12689,13159,evaluated,,345600,1278.1003124999997,3256.8834374999997,1424.9240459549355,False
splitwise_strict,14,0,3,2,splitwise_strict/node_0_3_2.npy,12664,14168,evaluated,,345600,1278.1003124999997,3256.8834374999997,1424.3708520878447,False
splitwise_strict,15,0,3,3,splitwise_strict/node_0_3_3.npy,12713,15177,evaluated,,345600,1278.1003124999997,3256.8834374999997,1426.2195038415357,False
splitwise_strict,16,0,4,0,splitwise_strict/node_0_4_0.npy,12601,16186,evaluated,,345600,1278.1003124999997,3256.8834374999997,1421.1126769476273,False
splitwise_strict,17,0,4,1,splitwise_strict/node_0_4_1.npy,12848,17195,evaluated,,345600,1278.1003124999997,3256.8834374999997,1426.8415448346045,False
splitwise_strict,18,0,4,2,splitwise_strict/node_0_4_2.npy,12678,18204,evaluated,,345600,1278.1003124999997,3256.8834374999997,1422.0416001808987,False
splitwise_strict,19,0,4,3,splitwise_strict/node_0_4_3.npy,12948,19213,evaluated,,345600,1278.1003124999997,3256.8631347656246,1425.815974181858,False
splitwise_strict,20,0,5,0,splitwise_strict/node_0_5_0.npy,12816,20222,evaluated,,345600,1278.1003124999997,3256.8834374999997,1427.4601626302351,False
splitwise_strict,21,0,5,1,splitwise_strict/node_0_5_1.npy,12957,21231,evaluated,,345600,1278.1003124999997,3256.852983398437,1428.3799550458864,False
splitwise_strict,22,0,5,2,splitwise_strict/node_0_5_2.npy,12840,22240,evaluated,,345600,1278.1003124999997,3256.873286132812,1426.7931125676976,False
splitwise_strict,23,0,5,3,splitwise_strict/node_0_5_3.npy,12740,23249,evaluated,,345600,1278.1003124999997,3256.8834374999997,1422.483196149955,False
splitwise_strict,24,1,0,0,splitwise_strict/node_1_0_0.npy,12845,24258,evaluated,,345600,1278.1003124999997,3256.8834374999997,1425.7434000780609,False
splitwise_strict,25,1,0,1,splitwise_strict/node_1_0_1.npy,12955,25267,evaluated,,345600,1278.1003124999997,3256.873286132812,1428.1214878014061,False
splitwise_strict,26,1,0,2,splitwise_strict/node_1_0_2.npy,12822,26276,evaluated,,345600,1278.1003124999997,3256.8834374999997,1427.0489890230654,False
splitwise_strict,27,1,0,3,splitwise_strict/node_1_0_3.npy,12898,27285,evaluated,,345600,1278.1003124999997,3256.8834374999997,1426.2855709170715,False
splitwise_strict,28,1,1,0,splitwise_strict/node_1_1_0.npy,12834,28294,evaluated,,345600,1278.1003124999997,3256.8428320312496,1426.933575263712,False
splitwise_strict,29,1,1,1,splitwise_strict/node_1_1_1.npy,12948,29303,evaluated,,345600,1278.1003124999997,3256.8631347656246,1428.7342494175805,False
splitwise_strict,30,1,1,2,splitwise_strict/node_1_1_2.npy,12810,30312,evaluated,,345600,1278.1003124999997,3256.8834374999997,1424.4939899693577,False
splitwise_strict,31,1,1,3,splitwise_strict/node_1_1_3.npy,12820,31321,evaluated,,345600,1278.1003124999997,3256.8834374999997,1426.0525109589096,False
splitwise_strict,32,1,2,0,splitwise_strict/node_1_2_0.npy,12526,32330,evaluated,,345600,1278.1003124999997,3256.873286132812,1422.7606400408554,False
splitwise_strict,33,1,2,1,splitwise_strict/node_1_2_1.npy,12891,33339,evaluated,,345600,1278.1003124999997,3256.873286132812,1427.489440757021,False
splitwise_strict,34,1,2,2,splitwise_strict/node_1_2_2.npy,12793,34348,evaluated,,345600,1278.1003124999997,3256.873286132812,1429.272267079146,False
splitwise_strict,35,1,2,3,splitwise_strict/node_1_2_3.npy,12611,35357,evaluated,,345600,1278.1003124999997,3256.8834374999997,1424.6603429344993,False
splitwise_strict,36,1,3,0,splitwise_strict/node_1_3_0.npy,12895,36366,evaluated,,345600,1278.1003124999997,3256.873286132812,1428.5841513645178,False
splitwise_strict,37,1,3,1,splitwise_strict/node_1_3_1.npy,12922,37375,evaluated,,345600,1278.1003124999997,3256.8834374999997,1426.4358105561766,False
splitwise_strict,38,1,3,2,splitwise_strict/node_1_3_2.npy,12797,38384,evaluated,,345600,1278.1003124999997,3256.8834374999997,1425.8177172738565,False
splitwise_strict,39,1,3,3,splitwise_strict/node_1_3_3.npy,12730,39393,evaluated,,345600,1278.1003124999997,3256.873286132812,1425.3521566153283,False
splitwise_strict,40,1,4,0,splitwise_strict/node_1_4_0.npy,12792,40402,evaluated,,345600,1278.1003124999997,3256.8834374999997,1424.0517058890935,False
splitwise_strict,41,1,4,1,splitwise_strict/node_1_4_1.npy,12678,41411,evaluated,,345600,1278.1003124999997,3256.8834374999997,1423.4548842608804,False
splitwise_strict,42,1,4,2,splitwise_strict/node_1_4_2.npy,12902,42420,evaluated,,345600,1278.1003124999997,3256.8834374999997,1426.9457286055717,False
splitwise_strict,43,1,4,3,splitwise_strict/node_1_4_3.npy,12891,43429,evaluated,,345600,1278.1003124999997,3256.873286132812,1429.413234583241,False
splitwise_strict,44,1,5,0,splitwise_strict/node_1_5_0.npy,12738,44438,evaluated,,345600,1278.1003124999997,3256.873286132812,1425.9615978410434,False
splitwise_strict,45,1,5,1,splitwise_strict/node_1_5_1.npy,12905,45447,evaluated,,345600,1278.1003124999997,3256.873286132812,1427.5121629462978,False
splitwise_strict,46,1,5,2,splitwise_strict/node_1_5_2.npy,12829,46456,evaluated,,345600,1278.1003124999997,3256.8834374999997,1428.9577053040712,False
splitwise_strict,47,1,5,3,splitwise_strict/node_1_5_3.npy,12937,47465,evaluated,,345600,1278.1003124999997,3256.8834374999997,1427.1019840136914,False
splitwise_strict,48,2,0,0,splitwise_strict/node_2_0_0.npy,12719,48474,evaluated,,345600,1278.1003124999997,3256.8834374999997,1423.6206824975263,False
splitwise_strict,49,2,0,1,splitwise_strict/node_2_0_1.npy,12901,49483,evaluated,,345600,1278.1003124999997,3256.8834374999997,1425.8721123283556,False
splitwise_strict,50,2,0,2,splitwise_strict/node_2_0_2.npy,12929,50492,evaluated,,345600,1278.1003124999997,3256.873286132812,1426.1870739563326,False
splitwise_strict,51,2,0,3,splitwise_strict/node_2_0_3.npy,12540,51501,evaluated,,345600,1278.1003124999997,3256.8834374999997,1424.4569387643044,False
splitwise_strict,52,2,1,0,splitwise_strict/node_2_1_0.npy,12781,52510,evaluated,,345600,1278.1003124999997,3256.873286132812,1425.9000514340012,False
splitwise_strict,53,2,1,1,splitwise_strict/node_2_1_1.npy,12954,53519,evaluated,,345600,1278.1003124999997,3256.8834374999997,1426.0170255041994,False
splitwise_strict,54,2,1,2,splitwise_strict/node_2_1_2.npy,12566,54528,evaluated,,345600,1278.1003124999997,3256.8834374999997,1424.2666259237958,False
splitwise_strict,55,2,1,3,splitwise_strict/node_2_1_3.npy,12688,55537,evaluated,,345600,1278.1003124999997,3256.8834374999997,1424.5486028349603,False
splitwise_strict,56,2,2,0,splitwise_strict/node_2_2_0.npy,12907,56546,evaluated,,345600,1278.1003124999997,3256.8834374999997,1427.2682686987666,False
splitwise_strict,57,2,2,1,splitwise_strict/node_2_2_1.npy,12866,57555,evaluated,,345600,1278.1003124999997,3256.8631347656246,1426.5617736650852,False
splitwise_strict,58,2,2,2,splitwise_strict/node_2_2_2.npy,12876,58564,evaluated,,345600,1278.1003124999997,3256.8834374999997,1428.8019012309658,False
splitwise_strict,59,2,2,3,splitwise_strict/node_2_2_3.npy,12886,59573,evaluated,,345600,1278.1003124999997,3256.8834374999997,1426.373343223264,False
splitwise_strict,60,2,3,0,splitwise_strict/node_2_3_0.npy,12823,60582,evaluated,,345600,1278.1003124999997,3256.7819238281245,1426.4771151913328,False
splitwise_strict,61,2,3,1,splitwise_strict/node_2_3_1.npy,12889,61591,evaluated,,345600,1278.1003124999997,3256.8834374999997,1426.3350871828784,False
splitwise_strict,62,2,3,2,splitwise_strict/node_2_3_2.npy,12770,62600,evaluated,,345600,1278.1003124999997,3256.8834374999997,1425.4641457804435,False
splitwise_strict,63,2,3,3,splitwise_strict/node_2_3_3.npy,12779,63609,evaluated,,345600,1278.1003124999997,3256.8834374999997,1424.0380630510122,False
splitwise_strict,64,2,4,0,splitwise_strict/node_2_4_0.npy,12758,64618,evaluated,,345600,1278.1003124999997,3256.8834374999997,1423.8036751717038,False
splitwise_strict,65,2,4,1,splitwise_strict/node_2_4_1.npy,12852,65627,evaluated,,345600,1278.1003124999997,3256.8834374999997,1425.8107945233153,False
splitwise_strict,66,2,4,2,splitwise_strict/node_2_4_2.npy,12751,66636,evaluated,,345600,1278.1003124999997,3256.873286132812,1426.1508777227505,False
splitwise_strict,67,2,4,3,splitwise_strict/node_2_4_3.npy,12857,67645,evaluated,,345600,1278.1003124999997,3256.8834374999997,1425.245125869607,False
splitwise_strict,68,2,5,0,splitwise_strict/node_2_5_0.npy,12974,68654,evaluated,,345600,1278.1003124999997,3256.8834374999997,1429.510240246121,False
splitwise_strict,69,2,5,1,splitwise_strict/node_2_5_1.npy,12653,69663,evaluated,,345600,1278.1003124999997,3256.8834374999997,1424.0090175684024,False
splitwise_strict,70,2,5,2,splitwise_strict/node_2_5_2.npy,12972,70672,evaluated,,345600,1278.1003124999997,3256.8834374999997,1429.4145051660335,False
splitwise_strict,71,2,5,3,splitwise_strict/node_2_5_3.npy,12715,71681,evaluated,,345600,1278.1003124999997,3256.8834374999997,1424.7651950684372,False
splitwise_strict,72,3,0,0,splitwise_strict/node_3_0_0.npy,12790,72690,evaluated,,345600,1278.1003124999997,3256.873286132812,1427.5146916540361,False
splitwise_strict,73,3,0,1,splitwise_strict/node_3_0_1.npy,12798,73699,evaluated,,345600,1278.1003124999997,3256.8834374999997,1426.528760908581,False
splitwise_strict,74,3,0,2,splitwise_strict/node_3_0_2.npy,12915,74708,evaluated,,345600,1278.1003124999997,3256.873286132812,1426.7722431794361,False
splitwise_strict,75,3,0,3,splitwise_strict/node_3_0_3.npy,12895,75717,evaluated,,345600,1278.1003124999997,3256.8631347656246,1427.7044882343039,False
splitwise_strict,76,3,1,0,splitwise_strict/node_3_1_0.npy,12770,76726,evaluated,,345600,1278.1003124999997,3256.8834374999997,1425.8087989356404,False
splitwise_strict,77,3,1,1,splitwise_strict/node_3_1_1.npy,12537,77735,evaluated,,345600,1278.1003124999997,3256.8834374999997,1420.8995280164509,False
splitwise_strict,78,3,1,2,splitwise_strict/node_3_1_2.npy,12905,78744,evaluated,,345600,1278.1003124999997,3256.8834374999997,1425.2209880100943,False
splitwise_strict,79,3,1,3,splitwise_strict/node_3_1_3.npy,12842,79753,evaluated,,345600,1278.1003124999997,3256.873286132812,1425.9492777858636,False
splitwise_strict,80,3,2,0,splitwise_strict/node_3_2_0.npy,12633,80762,evaluated,,345600,1278.1003124999997,3256.8834374999997,1425.6237038326653,False
splitwise_strict,81,3,2,1,splitwise_strict/node_3_2_1.npy,12782,81771,evaluated,,345600,1278.1003124999997,3256.8303568267816,1427.2219643471567,False
splitwise_strict,82,3,2,2,splitwise_strict/node_3_2_2.npy,12915,82780,evaluated,,345600,1278.1003124999997,3256.873286132812,1429.969790191786,False
splitwise_strict,83,3,2,3,splitwise_strict/node_3_2_3.npy,12649,83789,evaluated,,345600,1278.1003124999997,3256.873286132812,1422.7571906808314,False
splitwise_strict,84,3,3,0,splitwise_strict/node_3_3_0.npy,12772,84798,evaluated,,345600,1278.1003124999997,3256.8834374999997,1423.442976918007,False
splitwise_strict,85,3,3,1,splitwise_strict/node_3_3_1.npy,12806,85807,evaluated,,345600,1278.1003124999997,3256.8834374999997,1426.4373691863243,False
splitwise_strict,86,3,3,2,splitwise_strict/node_3_3_2.npy,12690,86816,evaluated,,345600,1278.1003124999997,3256.873286132812,1424.2616448128726,False
splitwise_strict,87,3,3,3,splitwise_strict/node_3_3_3.npy,12672,87825,evaluated,,345600,1278.1003124999997,3256.873286132812,1423.260326012666,False
splitwise_strict,88,3,4,0,splitwise_strict/node_3_4_0.npy,12890,88834,evaluated,,345600,1278.1003124999997,3256.873286132812,1426.3642608678263,False
splitwise_strict,89,3,4,1,splitwise_strict/node_3_4_1.npy,12719,89843,evaluated,,345600,1278.1003124999997,3256.8834374999997,1424.0233879178945,False
splitwise_strict,90,3,4,2,splitwise_strict/node_3_4_2.npy,12750,90852,evaluated,,345600,1278.1003124999997,3256.873286132812,1428.1809918316653,False
splitwise_strict,91,3,4,3,splitwise_strict/node_3_4_3.npy,12779,91861,evaluated,,345600,1278.1003124999997,3256.8834374999997,1423.4131799781317,False
splitwise_strict,92,3,5,0,splitwise_strict/node_3_5_0.npy,12853,92870,evaluated,,345600,1278.1003124999997,3256.8631347656246,1427.8171356664418,False
splitwise_strict,93,3,5,1,splitwise_strict/node_3_5_1.npy,12657,93879,evaluated,,345600,1278.1003124999997,3256.873286132812,1426.3668733283594,False
splitwise_strict,94,3,5,2,splitwise_strict/node_3_5_2.npy,12857,94888,evaluated,,345600,1278.1003124999997,3256.8834374999997,1427.2135195336996,False
splitwise_strict,95,3,5,3,splitwise_strict/node_3_5_3.npy,12901,95897,evaluated,,345600,1278.1003124999997,3256.8631347656246,1427.1846685194973,False
splitwise_strict,96,4,0,0,splitwise_strict/node_4_0_0.npy,12954,96906,evaluated,,345600,1278.1003124999997,3256.852983398437,1425.3457645666117,False
splitwise_strict,97,4,0,1,splitwise_strict/node_4_0_1.npy,12860,97915,evaluated,,345600,1278.1003124999997,3256.8834374999997,1425.0687499666324,False
splitwise_strict,98,4,0,2,splitwise_strict/node_4_0_2.npy,12556,98924,evaluated,,345600,1278.1003124999997,3256.8834374999997,1421.6712244256519,False
splitwise_strict,99,4,0,3,splitwise_strict/node_4_0_3.npy,12972,99933,evaluated,,345600,1278.1003124999997,3256.873286132812,1427.037201835356,False
splitwise_strict,100,4,1,0,splitwise_strict/node_4_1_0.npy,12890,100942,evaluated,,345600,1278.1003124999997,3256.873286132812,1426.6590544112291,False
splitwise_strict,101,4,1,1,splitwise_strict/node_4_1_1.npy,12892,101951,evaluated,,345600,1278.1003124999997,3256.8834374999997,1426.357473370406,False
splitwise_strict,102,4,1,2,splitwise_strict/node_4_1_2.npy,12722,102960,evaluated,,345600,1278.1003124999997,3256.8834374999997,1424.3366028104256,False
splitwise_strict,103,4,1,3,splitwise_strict/node_4_1_3.npy,12985,103969,evaluated,,345600,1278.1003124999997,3256.8834374999997,1426.145704198557,False
splitwise_strict,104,4,2,0,splitwise_strict/node_4_2_0.npy,12781,104978,evaluated,,345600,1278.1003124999997,3256.8834374999997,1426.5667845359364,False
splitwise_strict,105,4,2,1,splitwise_strict/node_4_2_1.npy,12879,105987,evaluated,,345600,1278.1003124999997,3256.8631347656246,1424.952296917348,False
splitwise_strict,106,4,2,2,splitwise_strict/node_4_2_2.npy,12908,106996,evaluated,,345600,1278.1003124999997,3256.8834374999997,1427.1895102901033,False
splitwise_strict,107,4,2,3,splitwise_strict/node_4_2_3.npy,12712,108005,evaluated,,345600,1278.1003124999997,3256.873286132812,1424.5783004151833,False
splitwise_strict,108,4,3,0,splitwise_strict/node_4_3_0.npy,12934,109014,evaluated,,345600,1278.1003124999997,3256.8834374999997,1429.2501494946882,False
splitwise_strict,109,4,3,1,splitwise_strict/node_4_3_1.npy,12802,110023,evaluated,,345600,1278.1003124999997,3256.8834374999997,1425.659917985226,False
splitwise_strict,110,4,3,2,splitwise_strict/node_4_3_2.npy,12673,111032,evaluated,,345600,1278.1003124999997,3256.8834374999997,1424.691950270831,False
splitwise_strict,111,4,3,3,splitwise_strict/node_4_3_3.npy,12740,112041,evaluated,,345600,1278.1003124999997,3256.873286132812,1425.2182756491147,False
splitwise_strict,112,4,4,0,splitwise_strict/node_4_4_0.npy,12824,113050,evaluated,,345600,1278.1003124999997,3256.873286132812,1426.5110067417993,False
splitwise_strict,113,4,4,1,splitwise_strict/node_4_4_1.npy,12847,114059,evaluated,,345600,1278.1003124999997,3256.8834374999997,1425.69539043812,False
splitwise_strict,114,4,4,2,splitwise_strict/node_4_4_2.npy,12849,115068,evaluated,,345600,1278.1003124999997,3256.8834374999997,1428.1670865013202,False
splitwise_strict,115,4,4,3,splitwise_strict/node_4_4_3.npy,12934,116077,evaluated,,345600,1278.1003124999997,3256.8834374999997,1429.3831982189854,False
splitwise_strict,116,4,5,0,splitwise_strict/node_4_5_0.npy,12835,117086,evaluated,,345600,1278.1003124999997,3256.873286132812,1427.0018817632297,False
splitwise_strict,117,4,5,1,splitwise_strict/node_4_5_1.npy,12913,118095,evaluated,,345600,1278.1003124999997,3256.8834374999997,1426.3685427204432,False
splitwise_strict,118,4,5,2,splitwise_strict/node_4_5_2.npy,12951,119104,evaluated,,345600,1278.1003124999997,3256.8834374999997,1426.2637418928657,False
splitwise_strict,119,4,5,3,splitwise_strict/node_4_5_3.npy,12822,120113,evaluated,,345600,1278.1003124999997,3256.8834374999997,1425.3928352823477,False
splitwise_strict,120,5,0,0,splitwise_strict/node_5_0_0.npy,12868,121122,evaluated,,345600,1278.1003124999997,3256.8834374999997,1425.884848966017,False
splitwise_strict,121,5,0,1,splitwise_strict/node_5_0_1.npy,12866,122131,evaluated,,345600,1278.1003124999997,3256.852983398437,1427.597547878757,False
splitwise_strict,122,5,0,2,splitwise_strict/node_5_0_2.npy,12792,123140,evaluated,,345600,1278.1003124999997,3256.8834374999997,1425.819212773952,False
splitwise_strict,123,5,0,3,splitwise_strict/node_5_0_3.npy,12806,124149,evaluated,,345600,1278.1003124999997,3256.873286132812,1426.0759466143036,False
splitwise_strict,124,5,1,0,splitwise_strict/node_5_1_0.npy,12824,125158,evaluated,,345600,1278.1003124999997,3256.8834374999997,1427.8406884631843,False
splitwise_strict,125,5,1,1,splitwise_strict/node_5_1_1.npy,12711,126167,evaluated,,345600,1278.1003124999997,3256.8631347656246,1425.267773959406,False
splitwise_strict,126,5,1,2,splitwise_strict/node_5_1_2.npy,12805,127176,evaluated,,345600,1278.1003124999997,3256.8834374999997,1425.3619742561757,False
splitwise_strict,127,5,1,3,splitwise_strict/node_5_1_3.npy,12927,128185,evaluated,,345600,1278.1003124999997,3256.8834374999997,1429.1725535082435,False
splitwise_strict,128,5,2,0,splitwise_strict/node_5_2_0.npy,12763,129194,evaluated,,345600,1278.1003124999997,3256.873286132812,1424.4130695716874,False
splitwise_strict,129,5,2,1,splitwise_strict/node_5_2_1.npy,12733,130203,evaluated,,345600,1278.1003124999997,3256.8834374999997,1423.848994973492,False
splitwise_strict,130,5,2,2,splitwise_strict/node_5_2_2.npy,13072,131212,evaluated,,345600,1278.1003124999997,3256.873286132812,1429.5060379893666,False
splitwise_strict,131,5,2,3,splitwise_strict/node_5_2_3.npy,12832,132221,evaluated,,345600,1278.1003124999997,3256.873286132812,1424.7854705393665,False
splitwise_strict,132,5,3,0,splitwise_strict/node_5_3_0.npy,13002,133230,evaluated,,345600,1278.1003124999997,3256.8834374999997,1427.8308163027248,False
splitwise_strict,133,5,3,1,splitwise_strict/node_5_3_1.npy,12879,134239,evaluated,,345600,1278.1003124999997,3256.873286132812,1426.2547216630037,False
splitwise_strict,134,5,3,2,splitwise_strict/node_5_3_2.npy,12777,135248,evaluated,,345600,1278.1003124999997,3256.8834374999997,1424.5526385865178,False
splitwise_strict,135,5,3,3,splitwise_strict/node_5_3_3.npy,13029,136257,evaluated,,345600,1278.1003124999997,3256.8834374999997,1427.748518513343,False
splitwise_strict,136,5,4,0,splitwise_strict/node_5_4_0.npy,12792,137266,evaluated,,345600,1278.1003124999997,3256.873286132812,1424.80751496829,False
splitwise_strict,137,5,4,1,splitwise_strict/node_5_4_1.npy,12753,138275,evaluated,,345600,1278.1003124999997,3256.8631347656246,1427.717629269533,False
splitwise_strict,138,5,4,2,splitwise_strict/node_5_4_2.npy,12847,139284,evaluated,,345600,1278.1003124999997,3256.8834374999997,1427.5387045404243,False
splitwise_strict,139,5,4,3,splitwise_strict/node_5_4_3.npy,13027,140293,evaluated,,345600,1278.1003124999997,3256.8834374999997,1427.2089878518395,False
splitwise_strict,140,5,5,0,splitwise_strict/node_5_5_0.npy,12764,141302,evaluated,,345600,1278.1003124999997,3256.8834374999997,1424.7064391286985,False
splitwise_strict,141,5,5,1,splitwise_strict/node_5_5_1.npy,12791,142311,evaluated,,345600,1278.1003124999997,3256.8834374999997,1425.8849370185183,False
splitwise_strict,142,5,5,2,splitwise_strict/node_5_5_2.npy,12826,143320,evaluated,,345600,1278.1003124999997,3256.852983398437,1425.272266526483,False
splitwise_strict,143,5,5,3,splitwise_strict/node_5_5_3.npy,12951,144329,evaluated,,345600,1278.1003124999997,3256.873286132812,1426.726018070657,False
splitwise_strict,144,6,0,0,splitwise_strict/node_6_0_0.npy,12803,145338,evaluated,,345600,1278.1003124999997,3256.8834374999997,1426.5225596619248,False
splitwise_strict,145,6,0,1,splitwise_strict/node_6_0_1.npy,12904,146347,evaluated,,345600,1278.1003124999997,3256.8834374999997,1426.6008819475273,False
splitwise_strict,146,6,0,2,splitwise_strict/node_6_0_2.npy,12801,147356,evaluated,,345600,1278.1003124999997,3256.8834374999997,1425.7090438391947,False
splitwise_strict,147,6,0,3,splitwise_strict/node_6_0_3.npy,12867,148365,evaluated,,345600,1278.1003124999997,3256.8834374999997,1427.9340147669013,False
splitwise_strict,148,6,1,0,splitwise_strict/node_6_1_0.npy,12855,149374,evaluated,,345600,1278.1003124999997,3256.873286132812,1425.8723503320477,False
splitwise_strict,149,6,1,1,splitwise_strict/node_6_1_1.npy,12708,150383,evaluated,,345600,1278.1003124999997,3256.8834374999997,1424.6849713726476,False
splitwise_strict,150,6,1,2,splitwise_strict/node_6_1_2.npy,12965,151392,evaluated,,345600,1278.1003124999997,3256.8834374999997,1425.3185625654464,False
splitwise_strict,151,6,1,3,splitwise_strict/node_6_1_3.npy,12870,152401,evaluated,,345600,1278.1003124999997,3256.8834374999997,1424.716172681064,False
splitwise_strict,152,6,2,0,splitwise_strict/node_6_2_0.npy,12733,153410,evaluated,,345600,1278.1003124999997,3256.852983398437,1424.976336600404,False
splitwise_strict,153,6,2,1,splitwise_strict/node_6_2_1.npy,12874,154419,evaluated,,345600,1278.1003124999997,3256.8631347656246,1427.5777441931764,False
splitwise_strict,154,6,2,2,splitwise_strict/node_6_2_2.npy,12831,155428,evaluated,,345600,1278.1003124999997,3256.873286132812,1427.441641301905,False
splitwise_strict,155,6,2,3,splitwise_strict/node_6_2_3.npy,12827,156437,evaluated,,345600,1278.1003124999997,3256.8834374999997,1425.9815198091487,False
splitwise_strict,156,6,3,0,splitwise_strict/node_6_3_0.npy,12928,157446,evaluated,,345600,1278.1003124999997,3256.8631347656246,1429.4227356803265,False
splitwise_strict,157,6,3,1,splitwise_strict/node_6_3_1.npy,12781,158455,evaluated,,345600,1278.1003124999997,3256.873286132812,1427.0035864422757,False
splitwise_strict,158,6,3,2,splitwise_strict/node_6_3_2.npy,12791,159464,evaluated,,345600,1278.1003124999997,3256.873286132812,1424.3162495775714,False
splitwise_strict,159,6,3,3,splitwise_strict/node_6_3_3.npy,12768,160473,evaluated,,345600,1278.1003124999997,3256.873286132812,1426.073894825455,False
splitwise_strict,160,6,4,0,splitwise_strict/node_6_4_0.npy,13037,161482,evaluated,,345600,1278.1003124999997,3256.8834374999997,1429.762913917416,False
splitwise_strict,161,6,4,1,splitwise_strict/node_6_4_1.npy,12838,162491,evaluated,,345600,1278.1003124999997,3256.873286132812,1425.8642102172919,False
splitwise_strict,162,6,4,2,splitwise_strict/node_6_4_2.npy,12809,163500,evaluated,,345600,1278.1003124999997,3256.8834374999997,1426.0297331717934,False
splitwise_strict,163,6,4,3,splitwise_strict/node_6_4_3.npy,12798,164509,evaluated,,345600,1278.1003124999997,3256.873286132812,1424.6986862162153,False
splitwise_strict,164,6,5,0,splitwise_strict/node_6_5_0.npy,12824,165518,evaluated,,345600,1278.1003124999997,3256.8834374999997,1427.7346143504635,False
splitwise_strict,165,6,5,1,splitwise_strict/node_6_5_1.npy,12860,166527,evaluated,,345600,1278.1003124999997,3256.8631347656246,1429.2541538795945,False
splitwise_strict,166,6,5,2,splitwise_strict/node_6_5_2.npy,12620,167536,evaluated,,345600,1278.1003124999997,3256.8834374999997,1423.1982979496033,False
splitwise_strict,167,6,5,3,splitwise_strict/node_6_5_3.npy,12676,168545,evaluated,,345600,1278.1003124999997,3256.873286132812,1423.9909617048208,False
splitwise_strict,168,7,0,0,splitwise_strict/node_7_0_0.npy,13054,169554,evaluated,,345600,1278.1003124999997,3256.8631347656246,1428.711300522686,False
splitwise_strict,169,7,0,1,splitwise_strict/node_7_0_1.npy,12675,170563,evaluated,,345600,1278.1003124999997,3256.8834374999997,1422.9745128952652,False
splitwise_strict,170,7,0,2,splitwise_strict/node_7_0_2.npy,12961,171572,evaluated,,345600,1278.1003124999997,3256.8834374999997,1427.7893417993364,False
splitwise_strict,171,7,0,3,splitwise_strict/node_7_0_3.npy,12730,172581,evaluated,,345600,1278.1003124999997,3256.8834374999997,1426.0099921353878,False
splitwise_strict,172,7,1,0,splitwise_strict/node_7_1_0.npy,12694,173590,evaluated,,345600,1278.1003124999997,3256.873286132812,1425.1782939363013,False
splitwise_strict,173,7,1,1,splitwise_strict/node_7_1_1.npy,12703,174599,evaluated,,345600,1278.1003124999997,3256.8834374999997,1423.7303721240492,False
splitwise_strict,174,7,1,2,splitwise_strict/node_7_1_2.npy,12852,175608,evaluated,,345600,1278.1003124999997,3256.873286132812,1427.0017241840237,False
splitwise_strict,175,7,1,3,splitwise_strict/node_7_1_3.npy,12890,176617,evaluated,,345600,1278.1003124999997,3256.852983398437,1426.32047086291,False
splitwise_strict,176,7,2,0,splitwise_strict/node_7_2_0.npy,12623,177626,evaluated,,345600,1278.1003124999997,3256.8834374999997,1423.4780223267408,False
splitwise_strict,177,7,2,1,splitwise_strict/node_7_2_1.npy,12698,178635,evaluated,,345600,1278.1003124999997,3256.8631347656246,1424.3137293621587,False
splitwise_strict,178,7,2,2,splitwise_strict/node_7_2_2.npy,12776,179644,evaluated,,345600,1278.1003124999997,3256.8834374999997,1424.2900939356537,False
splitwise_strict,179,7,2,3,splitwise_strict/node_7_2_3.npy,12789,180653,evaluated,,345600,1278.1003124999997,3256.8834374999997,1424.2462141343942,False
splitwise_strict,180,7,3,0,splitwise_strict/node_7_3_0.npy,12673,181662,evaluated,,345600,1278.1003124999997,3256.873286132812,1422.9225482504767,False
splitwise_strict,181,7,3,1,splitwise_strict/node_7_3_1.npy,12962,182671,evaluated,,345600,1278.1003124999997,3256.8834374999997,1427.252583385488,False
splitwise_strict,182,7,3,2,splitwise_strict/node_7_3_2.npy,12866,183680,evaluated,,345600,1278.1003124999997,3256.8631347656246,1427.9758954282984,False
splitwise_strict,183,7,3,3,splitwise_strict/node_7_3_3.npy,12628,184689,evaluated,,345600,1278.1003124999997,3256.8834374999997,1423.538436225681,False
splitwise_strict,184,7,4,0,splitwise_strict/node_7_4_0.npy,12864,185698,evaluated,,345600,1278.1003124999997,3256.8631347656246,1423.848501070668,False
splitwise_strict,185,7,4,1,splitwise_strict/node_7_4_1.npy,12824,186707,evaluated,,345600,1278.1003124999997,3256.8834374999997,1427.6268993017543,False
splitwise_strict,186,7,4,2,splitwise_strict/node_7_4_2.npy,12713,187716,evaluated,,345600,1278.1003124999997,3256.8834374999997,1423.05364300445,False
splitwise_strict,187,7,4,3,splitwise_strict/node_7_4_3.npy,12932,188725,evaluated,,345600,1278.1003124999997,3256.873286132812,1427.556354977795,False
splitwise_strict,188,7,5,0,splitwise_strict/node_7_5_0.npy,12897,189734,evaluated,,345600,1278.1003124999997,3256.8834374999997,1428.0641910401127,False
splitwise_strict,189,7,5,1,splitwise_strict/node_7_5_1.npy,12611,190743,evaluated,,345600,1278.1003124999997,3256.8834374999997,1426.1439204225512,False
splitwise_strict,190,7,5,2,splitwise_strict/node_7_5_2.npy,12811,191752,evaluated,,345600,1278.1003124999997,3256.8834374999997,1426.5452826454145,False
splitwise_strict,191,7,5,3,splitwise_strict/node_7_5_3.npy,12946,192761,evaluated,,345600,1278.1003124999997,3256.873286132812,1426.6338981583356,False
splitwise_strict,192,8,0,0,splitwise_strict/node_8_0_0.npy,12730,193770,evaluated,,345600,1278.1003124999997,3256.8631347656246,1422.2558188455444,False
splitwise_strict,193,8,0,1,splitwise_strict/node_8_0_1.npy,12919,194779,evaluated,,345600,1278.1003124999997,3256.873286132812,1426.2931042813193,False
splitwise_strict,194,8,0,2,splitwise_strict/node_8_0_2.npy,12511,195788,evaluated,,345600,1278.1003124999997,3256.8834374999997,1422.8089749526628,False
splitwise_strict,195,8,0,3,splitwise_strict/node_8_0_3.npy,12696,196797,evaluated,,345600,1278.1003124999997,3256.873286132812,1425.6923256409646,False
splitwise_strict,196,8,1,0,splitwise_strict/node_8_1_0.npy,12917,197806,evaluated,,345600,1278.1003124999997,3256.8834374999997,1427.5327962364615,False
splitwise_strict,197,8,1,1,splitwise_strict/node_8_1_1.npy,12800,198815,evaluated,,345600,1278.1003124999997,3256.8834374999997,1425.1920814519185,False
splitwise_strict,198,8,1,2,splitwise_strict/node_8_1_2.npy,12817,199824,evaluated,,345600,1278.1003124999997,3256.8834374999997,1427.1948185459535,False
splitwise_strict,199,8,1,3,splitwise_strict/node_8_1_3.npy,12757,200833,evaluated,,345600,1278.1003124999997,3256.873286132812,1426.372750161035,False
splitwise_strict,200,8,2,0,splitwise_strict/node_8_2_0.npy,13007,201842,evaluated,,345600,1278.1003124999997,3256.8834374999997,1428.4715969403644,False
splitwise_strict,201,8,2,1,splitwise_strict/node_8_2_1.npy,12896,202851,evaluated,,345600,1278.1003124999997,3256.8834374999997,1427.4524817714744,False
splitwise_strict,202,8,2,2,splitwise_strict/node_8_2_2.npy,12628,203860,evaluated,,345600,1278.1003124999997,3256.873286132812,1425.5293225001333,False
splitwise_strict,203,8,2,3,splitwise_strict/node_8_2_3.npy,12953,204869,evaluated,,345600,1278.1003124999997,3256.8631347656246,1427.6306357648152,False
splitwise_strict,204,8,3,0,splitwise_strict/node_8_3_0.npy,12616,205878,evaluated,,345600,1278.1003124999997,3256.8631347656246,1424.2671877244732,False
splitwise_strict,205,8,3,1,splitwise_strict/node_8_3_1.npy,12862,206887,evaluated,,345600,1278.1003124999997,3256.873286132812,1427.6655150633608,False
splitwise_strict,206,8,3,2,splitwise_strict/node_8_3_2.npy,12932,207896,evaluated,,345600,1278.1003124999997,3256.8631347656246,1425.4997937824353,False
splitwise_strict,207,8,3,3,splitwise_strict/node_8_3_3.npy,12782,208905,evaluated,,345600,1278.1003124999997,3256.873286132812,1426.0580125799754,False
splitwise_strict,208,8,4,0,splitwise_strict/node_8_4_0.npy,12816,209914,evaluated,,345600,1278.1003124999997,3256.8834374999997,1426.3561874011111,False
splitwise_strict,209,8,4,1,splitwise_strict/node_8_4_1.npy,12844,210923,evaluated,,345600,1278.1003124999997,3256.873286132812,1428.099006843168,False
splitwise_strict,210,8,4,2,splitwise_strict/node_8_4_2.npy,12848,211932,evaluated,,345600,1278.1003124999997,3256.8834374999997,1425.5383204960738,False
splitwise_strict,211,8,4,3,splitwise_strict/node_8_4_3.npy,12875,212941,evaluated,,345600,1278.1003124999997,3256.8834374999997,1426.3196755797749,False
splitwise_strict,212,8,5,0,splitwise_strict/node_8_5_0.npy,12863,213950,evaluated,,345600,1278.1003124999997,3256.8834374999997,1426.7196226124652,False
splitwise_strict,213,8,5,1,splitwise_strict/node_8_5_1.npy,12710,214959,evaluated,,345600,1278.1003124999997,3256.8834374999997,1423.8740381630673,False
splitwise_strict,214,8,5,2,splitwise_strict/node_8_5_2.npy,12908,215968,evaluated,,345600,1278.1003124999997,3256.8834374999997,1427.766069227482,False
splitwise_strict,215,8,5,3,splitwise_strict/node_8_5_3.npy,12729,216977,evaluated,,345600,1278.1003124999997,3256.873286132812,1423.8911264832352,False
splitwise_strict,216,9,0,0,splitwise_strict/node_9_0_0.npy,12884,217986,evaluated,,345600,1278.1003124999997,3256.8834374999997,1428.0161877090118,False
splitwise_strict,217,9,0,1,splitwise_strict/node_9_0_1.npy,12549,218995,evaluated,,345600,1278.1003124999997,3256.8834374999997,1420.8160779705152,False
splitwise_strict,218,9,0,2,splitwise_strict/node_9_0_2.npy,12763,220004,evaluated,,345600,1278.1003124999997,3256.873286132812,1423.9196058291652,False
splitwise_strict,219,9,0,3,splitwise_strict/node_9_0_3.npy,12866,221013,evaluated,,345600,1278.1003124999997,3256.8631347656246,1426.544474785575,False
splitwise_strict,220,9,1,0,splitwise_strict/node_9_1_0.npy,12846,222022,evaluated,,345600,1278.1003124999997,3256.873286132812,1426.0389221940666,False
splitwise_strict,221,9,1,1,splitwise_strict/node_9_1_1.npy,12919,223031,evaluated,,345600,1278.1003124999997,3256.873286132812,1427.2935476168286,False
splitwise_strict,222,9,1,2,splitwise_strict/node_9_1_2.npy,12788,224040,evaluated,,345600,1278.1003124999997,3256.8834374999997,1425.6100658491073,False
splitwise_strict,223,9,1,3,splitwise_strict/node_9_1_3.npy,12535,225049,evaluated,,345600,1278.1003124999997,3256.8834374999997,1425.5791442354841,False
splitwise_strict,224,9,2,0,splitwise_strict/node_9_2_0.npy,12724,226058,evaluated,,345600,1278.1003124999997,3256.8834374999997,1425.498910075568,False
splitwise_strict,225,9,2,1,splitwise_strict/node_9_2_1.npy,12621,227067,evaluated,,345600,1278.1003124999997,3256.8834374999997,1424.2991742005224,False
splitwise_strict,226,9,2,2,splitwise_strict/node_9_2_2.npy,12493,228076,evaluated,,345600,1278.1003124999997,3256.8834374999997,1421.9690656380817,False
splitwise_strict,227,9,2,3,splitwise_strict/node_9_2_3.npy,12755,229085,evaluated,,345600,1278.1003124999997,3256.8631347656246,1427.3856989566602,False
splitwise_strict,228,9,3,0,splitwise_strict/node_9_3_0.npy,12790,230094,evaluated,,345600,1278.1003124999997,3256.8834374999997,1424.0540466948796,False
splitwise_strict,229,9,3,1,splitwise_strict/node_9_3_1.npy,12837,231103,evaluated,,345600,1278.1003124999997,3256.8834374999997,1425.0660283644504,False
splitwise_strict,230,9,3,2,splitwise_strict/node_9_3_2.npy,12915,232112,evaluated,,345600,1278.1003124999997,3256.873286132812,1425.4439976062106,False
splitwise_strict,231,9,3,3,splitwise_strict/node_9_3_3.npy,12863,233121,evaluated,,345600,1278.1003124999997,3256.873286132812,1425.7702726533523,False
splitwise_strict,232,9,4,0,splitwise_strict/node_9_4_0.npy,13044,234130,evaluated,,345600,1278.1003124999997,3256.8834374999997,1429.199951330097,False
splitwise_strict,233,9,4,1,splitwise_strict/node_9_4_1.npy,12814,235139,evaluated,,345600,1278.1003124999997,3256.873286132812,1424.5473172735149,False
splitwise_strict,234,9,4,2,splitwise_strict/node_9_4_2.npy,12660,236148,evaluated,,345600,1278.1003124999997,3256.8631347656246,1422.7836196527312,False
splitwise_strict,235,9,4,3,splitwise_strict/node_9_4_3.npy,12650,237157,evaluated,,345600,1278.1003124999997,3256.8834374999997,1423.3410576613912,False
splitwise_strict,236,9,5,0,splitwise_strict/node_9_5_0.npy,12923,238166,evaluated,,345600,1278.1003124999997,3256.8834374999997,1428.2004496581653,False
splitwise_strict,237,9,5,1,splitwise_strict/node_9_5_1.npy,12933,239175,evaluated,,345600,1278.1003124999997,3256.8834374999997,1427.2767031323917,False
splitwise_strict,238,9,5,2,splitwise_strict/node_9_5_2.npy,12958,240184,evaluated,,345600,1278.1003124999997,3256.8834374999997,1427.4147836950656,False
splitwise_strict,239,9,5,3,splitwise_strict/node_9_5_3.npy,12690,241193,evaluated,,345600,1278.1003124999997,3256.8834374999997,1424.3231998602262,False
