method,node_id,row,rack,node,file,generation_mode,timing_mode,num_requests,seed,status,reason,num_timesteps,min_power_w,max_power_w,mean_power_w
ours,0,0,0,0,ours/node_0_0_0.npy,selected_request_scheduler_power,selected_vllm_v1_decode_first,12725,42,evaluated,,345600,560.95,2874.7841919802863,727.4946965743759
ours,1,0,0,1,ours/node_0_0_1.npy,selected_request_scheduler_power,selected_vllm_v1_decode_first,12843,1051,evaluated,,345600,560.95,2866.6733821187827,728.0047212486253
ours,2,0,0,2,ours/node_0_0_2.npy,selected_request_scheduler_power,selected_vllm_v1_decode_first,12649,2060,evaluated,,345600,560.95,2859.9135867025707,722.9829055218394
ours,3,0,0,3,ours/node_0_0_3.npy,selected_request_scheduler_power,selected_vllm_v1_decode_first,12860,3069,evaluated,,345600,560.95,2865.0744576413645,731.1954850141194
ours,4,0,1,0,ours/node_0_1_0.npy,selected_request_scheduler_power,selected_vllm_v1_decode_first,12891,4078,evaluated,,345600,560.95,2873.7460464300734,725.5275166364398
ours,5,0,1,1,ours/node_0_1_1.npy,selected_request_scheduler_power,selected_vllm_v1_decode_first,12916,5087,evaluated,,345600,560.95,2870.0963367507775,724.7611225066343
ours,6,0,1,2,ours/node_0_1_2.npy,selected_request_scheduler_power,selected_vllm_v1_decode_first,12611,6096,evaluated,,345600,560.95,2874.317358582237,727.6219336096501
ours,7,0,1,3,ours/node_0_1_3.npy,selected_request_scheduler_power,selected_vllm_v1_decode_first,12907,7105,evaluated,,345600,560.95,2858.4589506179955,726.1354562114897
ours,8,0,2,0,ours/node_0_2_0.npy,selected_request_scheduler_power,selected_vllm_v1_decode_first,12603,8114,evaluated,,345600,560.95,2869.5760743270644,726.3642413968314
ours,9,0,2,1,ours/node_0_2_1.npy,selected_request_scheduler_power,selected_vllm_v1_decode_first,12806,9123,evaluated,,345600,560.95,2854.39403721979,725.4194027050254
ours,10,0,2,2,ours/node_0_2_2.npy,selected_request_scheduler_power,selected_vllm_v1_decode_first,12723,10132,evaluated,,345600,560.95,2860.8361178456144,724.0788113146328
ours,11,0,2,3,ours/node_0_2_3.npy,selected_request_scheduler_power,selected_vllm_v1_decode_first,12915,11141,evaluated,,345600,560.95,2863.424804380534,727.7387888341887
ours,12,0,3,0,ours/node_0_3_0.npy,selected_request_scheduler_power,selected_vllm_v1_decode_first,12822,12150,evaluated,,345600,560.95,2865.0305965273465,723.0168085246513
ours,13,0,3,1,ours/node_0_3_1.npy,selected_request_scheduler_power,selected_vllm_v1_decode_first,12689,13159,evaluated,,345600,560.95,2870.4781658628194,721.0636426799122
ours,14,0,3,2,ours/node_0_3_2.npy,selected_request_scheduler_power,selected_vllm_v1_decode_first,12664,14168,evaluated,,345600,560.95,2857.784618139912,719.7611932730175
ours,15,0,3,3,ours/node_0_3_3.npy,selected_request_scheduler_power,selected_vllm_v1_decode_first,12713,15177,evaluated,,345600,560.95,2862.5284426997837,728.6547549014882
ours,16,0,4,0,ours/node_0_4_0.npy,selected_request_scheduler_power,selected_vllm_v1_decode_first,12601,16186,evaluated,,345600,560.95,2873.6737116782197,720.7923703570077
ours,17,0,4,1,ours/node_0_4_1.npy,selected_request_scheduler_power,selected_vllm_v1_decode_first,12848,17195,evaluated,,345600,560.95,2858.3333675508384,726.4992345193556
ours,18,0,4,2,ours/node_0_4_2.npy,selected_request_scheduler_power,selected_vllm_v1_decode_first,12678,18204,evaluated,,345600,560.95,2881.6960776479627,719.7419382815096
ours,19,0,4,3,ours/node_0_4_3.npy,selected_request_scheduler_power,selected_vllm_v1_decode_first,12948,19213,evaluated,,345600,560.95,2856.7708509132844,723.8941629526776
ours,20,0,5,0,ours/node_0_5_0.npy,selected_request_scheduler_power,selected_vllm_v1_decode_first,12816,20222,evaluated,,345600,560.95,2859.2284058503947,729.1524637259447
ours,21,0,5,1,ours/node_0_5_1.npy,selected_request_scheduler_power,selected_vllm_v1_decode_first,12957,21231,evaluated,,345600,560.95,2861.9301488441765,727.83431901679
ours,22,0,5,2,ours/node_0_5_2.npy,selected_request_scheduler_power,selected_vllm_v1_decode_first,12840,22240,evaluated,,345600,560.95,2861.0676156868194,724.4885814840476
ours,23,0,5,3,ours/node_0_5_3.npy,selected_request_scheduler_power,selected_vllm_v1_decode_first,12740,23249,evaluated,,345600,560.95,2869.3519873711953,722.742294638559
ours,24,1,0,0,ours/node_1_0_0.npy,selected_request_scheduler_power,selected_vllm_v1_decode_first,12845,24258,evaluated,,345600,560.95,2850.723145396517,724.666346932585
ours,25,1,0,1,ours/node_1_0_1.npy,selected_request_scheduler_power,selected_vllm_v1_decode_first,12955,25267,evaluated,,345600,560.95,2877.748387799784,731.8288130887883
ours,26,1,0,2,ours/node_1_0_2.npy,selected_request_scheduler_power,selected_vllm_v1_decode_first,12822,26276,evaluated,,345600,560.95,2874.3100063862657,725.9234991983766
ours,27,1,0,3,ours/node_1_0_3.npy,selected_request_scheduler_power,selected_vllm_v1_decode_first,12898,27285,evaluated,,345600,560.95,2854.2474006514503,728.9564415367345
ours,28,1,1,0,ours/node_1_1_0.npy,selected_request_scheduler_power,selected_vllm_v1_decode_first,12834,28294,evaluated,,345600,560.95,2882.010428089513,725.3364586307141
ours,29,1,1,1,ours/node_1_1_1.npy,selected_request_scheduler_power,selected_vllm_v1_decode_first,12948,29303,evaluated,,345600,560.95,2865.762712595153,727.0435025171714
ours,30,1,1,2,ours/node_1_1_2.npy,selected_request_scheduler_power,selected_vllm_v1_decode_first,12810,30312,evaluated,,345600,560.95,2871.460346709399,723.2260711848488
ours,31,1,1,3,ours/node_1_1_3.npy,selected_request_scheduler_power,selected_vllm_v1_decode_first,12820,31321,evaluated,,345600,560.95,2860.2281340942523,726.0121073999821
ours,32,1,2,0,ours/node_1_2_0.npy,selected_request_scheduler_power,selected_vllm_v1_decode_first,12526,32330,evaluated,,345600,560.95,2861.133547730574,726.1833725641171
ours,33,1,2,1,ours/node_1_2_1.npy,selected_request_scheduler_power,selected_vllm_v1_decode_first,12891,33339,evaluated,,345600,560.95,2853.271480828472,723.2969569835948
ours,34,1,2,2,ours/node_1_2_2.npy,selected_request_scheduler_power,selected_vllm_v1_decode_first,12793,34348,evaluated,,345600,560.95,2855.734298824091,729.1406083268877
ours,35,1,2,3,ours/node_1_2_3.npy,selected_request_scheduler_power,selected_vllm_v1_decode_first,12611,35357,evaluated,,345600,560.95,2856.7621786277364,726.0210712484366
ours,36,1,3,0,ours/node_1_3_0.npy,selected_request_scheduler_power,selected_vllm_v1_decode_first,12895,36366,evaluated,,345600,560.95,2858.7617276236297,730.4513361960322
ours,37,1,3,1,ours/node_1_3_1.npy,selected_request_scheduler_power,selected_vllm_v1_decode_first,12922,37375,evaluated,,345600,560.95,2869.5811427434382,726.5026252840628
ours,38,1,3,2,ours/node_1_3_2.npy,selected_request_scheduler_power,selected_vllm_v1_decode_first,12797,38384,evaluated,,345600,560.95,2865.2680773404563,727.6977560181668
ours,39,1,3,3,ours/node_1_3_3.npy,selected_request_scheduler_power,selected_vllm_v1_decode_first,12730,39393,evaluated,,345600,560.95,2882.136914776846,726.8096008644682
ours,40,1,4,0,ours/node_1_4_0.npy,selected_request_scheduler_power,selected_vllm_v1_decode_first,12792,40402,evaluated,,345600,560.95,2864.4170671606425,721.8039921096178
ours,41,1,4,1,ours/node_1_4_1.npy,selected_request_scheduler_power,selected_vllm_v1_decode_first,12678,41411,evaluated,,345600,560.95,2854.9003694206385,726.8014183444054
ours,42,1,4,2,ours/node_1_4_2.npy,selected_request_scheduler_power,selected_vllm_v1_decode_first,12902,42420,evaluated,,345600,560.95,2867.4972935592064,727.8952895248946
ours,43,1,4,3,ours/node_1_4_3.npy,selected_request_scheduler_power,selected_vllm_v1_decode_first,12891,43429,evaluated,,345600,560.95,2863.134226751387,730.8320756133481
ours,44,1,5,0,ours/node_1_5_0.npy,selected_request_scheduler_power,selected_vllm_v1_decode_first,12738,44438,evaluated,,345600,560.95,2865.2041168325372,725.2902451298434
ours,45,1,5,1,ours/node_1_5_1.npy,selected_request_scheduler_power,selected_vllm_v1_decode_first,12905,45447,evaluated,,345600,560.95,2866.1719644668556,729.9716793146605
ours,46,1,5,2,ours/node_1_5_2.npy,selected_request_scheduler_power,selected_vllm_v1_decode_first,12829,46456,evaluated,,345600,560.95,2851.7446183761476,731.4512382886513
ours,47,1,5,3,ours/node_1_5_3.npy,selected_request_scheduler_power,selected_vllm_v1_decode_first,12937,47465,evaluated,,345600,560.95,2863.6005957817097,727.6685850175533
ours,48,2,0,0,ours/node_2_0_0.npy,selected_request_scheduler_power,selected_vllm_v1_decode_first,12719,48474,evaluated,,345600,560.95,2849.134773503939,720.182550128158
ours,49,2,0,1,ours/node_2_0_1.npy,selected_request_scheduler_power,selected_vllm_v1_decode_first,12901,49483,evaluated,,345600,560.95,2872.715095968358,727.2849154035098
ours,50,2,0,2,ours/node_2_0_2.npy,selected_request_scheduler_power,selected_vllm_v1_decode_first,12929,50492,evaluated,,345600,560.95,2873.618938609539,726.4336188973764
ours,51,2,0,3,ours/node_2_0_3.npy,selected_request_scheduler_power,selected_vllm_v1_decode_first,12540,51501,evaluated,,345600,560.95,2868.2563996602316,724.1155939654097
ours,52,2,1,0,ours/node_2_1_0.npy,selected_request_scheduler_power,selected_vllm_v1_decode_first,12781,52510,evaluated,,345600,560.95,2866.4978926381787,727.9746472993678
ours,53,2,1,1,ours/node_2_1_1.npy,selected_request_scheduler_power,selected_vllm_v1_decode_first,12954,53519,evaluated,,345600,560.95,2866.9444596565186,729.2126749560814
ours,54,2,1,2,ours/node_2_1_2.npy,selected_request_scheduler_power,selected_vllm_v1_decode_first,12566,54528,evaluated,,345600,560.95,2870.9356755285294,718.8100843545521
ours,55,2,1,3,ours/node_2_1_3.npy,selected_request_scheduler_power,selected_vllm_v1_decode_first,12688,55537,evaluated,,345600,560.95,2868.9289787285225,726.3373809940575
ours,56,2,2,0,ours/node_2_2_0.npy,selected_request_scheduler_power,selected_vllm_v1_decode_first,12907,56546,evaluated,,345600,560.95,2867.4098395919377,727.0543145428411
ours,57,2,2,1,ours/node_2_2_1.npy,selected_request_scheduler_power,selected_vllm_v1_decode_first,12866,57555,evaluated,,345600,560.95,2859.6033454864632,726.4439718390558
ours,58,2,2,2,ours/node_2_2_2.npy,selected_request_scheduler_power,selected_vllm_v1_decode_first,12876,58564,evaluated,,345600,560.95,2864.9025549407124,732.129791454643
ours,59,2,2,3,ours/node_2_2_3.npy,selected_request_scheduler_power,selected_vllm_v1_decode_first,12886,59573,evaluated,,345600,560.95,2871.7524326600637,729.6672580993202
ours,60,2,3,0,ours/node_2_3_0.npy,selected_request_scheduler_power,selected_vllm_v1_decode_first,12823,60582,evaluated,,345600,560.95,2878.0550457362842,723.24863758829
ours,61,2,3,1,ours/node_2_3_1.npy,selected_request_scheduler_power,selected_vllm_v1_decode_first,12889,61591,evaluated,,345600,560.95,2869.8924157915644,728.9703504627314
ours,62,2,3,2,ours/node_2_3_2.npy,selected_request_scheduler_power,selected_vllm_v1_decode_first,12770,62600,evaluated,,345600,560.95,2864.2238929589093,720.6984525485603
ours,63,2,3,3,ours/node_2_3_3.npy,selected_request_scheduler_power,selected_vllm_v1_decode_first,12779,63609,evaluated,,345600,560.95,2863.301501568305,725.097708648736
ours,64,2,4,0,ours/node_2_4_0.npy,selected_request_scheduler_power,selected_vllm_v1_decode_first,12758,64618,evaluated,,345600,560.95,2857.266727627291,725.5511925910259
ours,65,2,4,1,ours/node_2_4_1.npy,selected_request_scheduler_power,selected_vllm_v1_decode_first,12852,65627,evaluated,,345600,560.95,2871.2500277506897,728.1216875086878
ours,66,2,4,2,ours/node_2_4_2.npy,selected_request_scheduler_power,selected_vllm_v1_decode_first,12751,66636,evaluated,,345600,560.95,2871.1006961208273,724.1057785599727
ours,67,2,4,3,ours/node_2_4_3.npy,selected_request_scheduler_power,selected_vllm_v1_decode_first,12857,67645,evaluated,,345600,560.95,2866.087448919807,725.7387255697189
ours,68,2,5,0,ours/node_2_5_0.npy,selected_request_scheduler_power,selected_vllm_v1_decode_first,12974,68654,evaluated,,345600,560.95,2858.5125878577514,726.2742405768199
ours,69,2,5,1,ours/node_2_5_1.npy,selected_request_scheduler_power,selected_vllm_v1_decode_first,12653,69663,evaluated,,345600,560.95,2876.994750295334,726.866592010604
ours,70,2,5,2,ours/node_2_5_2.npy,selected_request_scheduler_power,selected_vllm_v1_decode_first,12972,70672,evaluated,,345600,560.95,2860.0134355174014,729.3326961202399
ours,71,2,5,3,ours/node_2_5_3.npy,selected_request_scheduler_power,selected_vllm_v1_decode_first,12715,71681,evaluated,,345600,560.95,2860.0340724374983,723.3511899584614
ours,72,3,0,0,ours/node_3_0_0.npy,selected_request_scheduler_power,selected_vllm_v1_decode_first,12790,72690,evaluated,,345600,560.95,2872.9080193717987,728.0735428797404
ours,73,3,0,1,ours/node_3_0_1.npy,selected_request_scheduler_power,selected_vllm_v1_decode_first,12798,73699,evaluated,,345600,560.95,2854.7063270647645,725.5915237606496
ours,74,3,0,2,ours/node_3_0_2.npy,selected_request_scheduler_power,selected_vllm_v1_decode_first,12915,74708,evaluated,,345600,560.95,2865.838410397246,727.5367921931743
ours,75,3,0,3,ours/node_3_0_3.npy,selected_request_scheduler_power,selected_vllm_v1_decode_first,12895,75717,evaluated,,345600,560.95,2855.0901117392887,726.9337200914026
ours,76,3,1,0,ours/node_3_1_0.npy,selected_request_scheduler_power,selected_vllm_v1_decode_first,12770,76726,evaluated,,345600,560.95,2854.765935326616,730.4273938666233
ours,77,3,1,1,ours/node_3_1_1.npy,selected_request_scheduler_power,selected_vllm_v1_decode_first,12537,77735,evaluated,,345600,560.95,2867.3304065968423,717.5450800666011
ours,78,3,1,2,ours/node_3_1_2.npy,selected_request_scheduler_power,selected_vllm_v1_decode_first,12905,78744,evaluated,,345600,560.95,2867.144893010977,721.7110047328271
ours,79,3,1,3,ours/node_3_1_3.npy,selected_request_scheduler_power,selected_vllm_v1_decode_first,12842,79753,evaluated,,345600,560.95,2855.3620969496956,724.7888823510657
ours,80,3,2,0,ours/node_3_2_0.npy,selected_request_scheduler_power,selected_vllm_v1_decode_first,12633,80762,evaluated,,345600,560.95,2854.726255683577,727.9906243201101
ours,81,3,2,1,ours/node_3_2_1.npy,selected_request_scheduler_power,selected_vllm_v1_decode_first,12782,81771,evaluated,,345600,560.95,2881.925549480962,730.9700837044263
ours,82,3,2,2,ours/node_3_2_2.npy,selected_request_scheduler_power,selected_vllm_v1_decode_first,12915,82780,evaluated,,345600,560.95,2862.8463465595614,728.2410284139656
ours,83,3,2,3,ours/node_3_2_3.npy,selected_request_scheduler_power,selected_vllm_v1_decode_first,12649,83789,evaluated,,345600,560.95,2858.535943195235,723.3678170608397
ours,84,3,3,0,ours/node_3_3_0.npy,selected_request_scheduler_power,selected_vllm_v1_decode_first,12772,84798,evaluated,,345600,560.95,2856.8515696333957,720.2585178102934
ours,85,3,3,1,ours/node_3_3_1.npy,selected_request_scheduler_power,selected_vllm_v1_decode_first,12806,85807,evaluated,,345600,560.95,2878.6361391790597,728.2279405514508
ours,86,3,3,2,ours/node_3_3_2.npy,selected_request_scheduler_power,selected_vllm_v1_decode_first,12690,86816,evaluated,,345600,560.95,2857.2351192767433,723.5045941772163
ours,87,3,3,3,ours/node_3_3_3.npy,selected_request_scheduler_power,selected_vllm_v1_decode_first,12672,87825,evaluated,,345600,560.95,2867.639927028012,723.5616884213082
ours,88,3,4,0,ours/node_3_4_0.npy,selected_request_scheduler_power,selected_vllm_v1_decode_first,12890,88834,evaluated,,345600,560.95,2863.2452323461766,725.8906387149648
ours,89,3,4,1,ours/node_3_4_1.npy,selected_request_scheduler_power,selected_vllm_v1_decode_first,12719,89843,evaluated,,345600,560.95,2851.39332161537,720.4712275669413
ours,90,3,4,2,ours/node_3_4_2.npy,selected_request_scheduler_power,selected_vllm_v1_decode_first,12750,90852,evaluated,,345600,560.95,2852.406691122589,726.9959971032077
ours,91,3,4,3,ours/node_3_4_3.npy,selected_request_scheduler_power,selected_vllm_v1_decode_first,12779,91861,evaluated,,345600,560.95,2868.750432026495,722.5238074459312
ours,92,3,5,0,ours/node_3_5_0.npy,selected_request_scheduler_power,selected_vllm_v1_decode_first,12853,92870,evaluated,,345600,560.95,2865.6943058025913,726.7492252838553
ours,93,3,5,1,ours/node_3_5_1.npy,selected_request_scheduler_power,selected_vllm_v1_decode_first,12657,93879,evaluated,,345600,560.95,2864.2626174600623,728.8378108139534
ours,94,3,5,2,ours/node_3_5_2.npy,selected_request_scheduler_power,selected_vllm_v1_decode_first,12857,94888,evaluated,,345600,560.95,2854.9027685145525,728.6096413604388
ours,95,3,5,3,ours/node_3_5_3.npy,selected_request_scheduler_power,selected_vllm_v1_decode_first,12901,95897,evaluated,,345600,560.95,2870.2060187813495,731.9025617395982
ours,96,4,0,0,ours/node_4_0_0.npy,selected_request_scheduler_power,selected_vllm_v1_decode_first,12954,96906,evaluated,,345600,560.95,2877.2553335848443,724.1827340930062
ours,97,4,0,1,ours/node_4_0_1.npy,selected_request_scheduler_power,selected_vllm_v1_decode_first,12860,97915,evaluated,,345600,560.95,2877.161749327238,728.666461906669
ours,98,4,0,2,ours/node_4_0_2.npy,selected_request_scheduler_power,selected_vllm_v1_decode_first,12556,98924,evaluated,,345600,560.95,2866.2033906909296,721.9904909609737
ours,99,4,0,3,ours/node_4_0_3.npy,selected_request_scheduler_power,selected_vllm_v1_decode_first,12972,99933,evaluated,,345600,560.95,2850.224290040876,725.8203109790354
ours,100,4,1,0,ours/node_4_1_0.npy,selected_request_scheduler_power,selected_vllm_v1_decode_first,12890,100942,evaluated,,345600,560.95,2866.710750016684,729.62577889147
ours,101,4,1,1,ours/node_4_1_1.npy,selected_request_scheduler_power,selected_vllm_v1_decode_first,12892,101951,evaluated,,345600,560.95,2861.2676787267565,725.1288201445682
ours,102,4,1,2,ours/node_4_1_2.npy,selected_request_scheduler_power,selected_vllm_v1_decode_first,12722,102960,evaluated,,345600,560.95,2857.9678884300083,725.0646156987673
ours,103,4,1,3,ours/node_4_1_3.npy,selected_request_scheduler_power,selected_vllm_v1_decode_first,12985,103969,evaluated,,345600,560.95,2864.928404095493,726.4821936774566
ours,104,4,2,0,ours/node_4_2_0.npy,selected_request_scheduler_power,selected_vllm_v1_decode_first,12781,104978,evaluated,,345600,560.95,2872.586098040609,725.6037249301917
ours,105,4,2,1,ours/node_4_2_1.npy,selected_request_scheduler_power,selected_vllm_v1_decode_first,12879,105987,evaluated,,345600,560.95,2858.9394579846203,723.1693616267381
ours,106,4,2,2,ours/node_4_2_2.npy,selected_request_scheduler_power,selected_vllm_v1_decode_first,12908,106996,evaluated,,345600,560.95,2858.315004237931,729.1792976643197
ours,107,4,2,3,ours/node_4_2_3.npy,selected_request_scheduler_power,selected_vllm_v1_decode_first,12712,108005,evaluated,,345600,560.95,2870.9042581093986,722.7035587411915
ours,108,4,3,0,ours/node_4_3_0.npy,selected_request_scheduler_power,selected_vllm_v1_decode_first,12934,109014,evaluated,,345600,560.95,2862.5532856861446,728.07576155188
ours,109,4,3,1,ours/node_4_3_1.npy,selected_request_scheduler_power,selected_vllm_v1_decode_first,12802,110023,evaluated,,345600,560.95,2877.559886483382,725.4271766637941
ours,110,4,3,2,ours/node_4_3_2.npy,selected_request_scheduler_power,selected_vllm_v1_decode_first,12673,111032,evaluated,,345600,560.95,2863.9735947820113,725.2374574387311
ours,111,4,3,3,ours/node_4_3_3.npy,selected_request_scheduler_power,selected_vllm_v1_decode_first,12740,112041,evaluated,,345600,560.95,2867.5786849247074,722.5233541832703
ours,112,4,4,0,ours/node_4_4_0.npy,selected_request_scheduler_power,selected_vllm_v1_decode_first,12824,113050,evaluated,,345600,560.95,2879.4784826289488,728.2407125403856
ours,113,4,4,1,ours/node_4_4_1.npy,selected_request_scheduler_power,selected_vllm_v1_decode_first,12847,114059,evaluated,,345600,560.95,2852.869625245752,724.980057915588
ours,114,4,4,2,ours/node_4_4_2.npy,selected_request_scheduler_power,selected_vllm_v1_decode_first,12849,115068,evaluated,,345600,560.95,2865.7021586969863,730.2378497951546
ours,115,4,4,3,ours/node_4_4_3.npy,selected_request_scheduler_power,selected_vllm_v1_decode_first,12934,116077,evaluated,,345600,560.95,2880.77402808599,735.4871729839272
ours,116,4,5,0,ours/node_4_5_0.npy,selected_request_scheduler_power,selected_vllm_v1_decode_first,12835,117086,evaluated,,345600,560.95,2870.637840263971,724.1789024814178
ours,117,4,5,1,ours/node_4_5_1.npy,selected_request_scheduler_power,selected_vllm_v1_decode_first,12913,118095,evaluated,,345600,560.95,2868.4053988995042,725.5146604027015
ours,118,4,5,2,ours/node_4_5_2.npy,selected_request_scheduler_power,selected_vllm_v1_decode_first,12951,119104,evaluated,,345600,560.95,2871.695438849627,728.3285640323934
ours,119,4,5,3,ours/node_4_5_3.npy,selected_request_scheduler_power,selected_vllm_v1_decode_first,12822,120113,evaluated,,345600,560.95,2868.5748479802305,725.4657307673052
ours,120,5,0,0,ours/node_5_0_0.npy,selected_request_scheduler_power,selected_vllm_v1_decode_first,12868,121122,evaluated,,345600,560.95,2868.1819051815255,726.0985201411465
ours,121,5,0,1,ours/node_5_0_1.npy,selected_request_scheduler_power,selected_vllm_v1_decode_first,12866,122131,evaluated,,345600,560.95,2861.666669759731,728.0518186577358
ours,122,5,0,2,ours/node_5_0_2.npy,selected_request_scheduler_power,selected_vllm_v1_decode_first,12792,123140,evaluated,,345600,560.95,2876.723766482447,723.3649323557806
ours,123,5,0,3,ours/node_5_0_3.npy,selected_request_scheduler_power,selected_vllm_v1_decode_first,12806,124149,evaluated,,345600,560.95,2856.3943239435803,727.6925088078029
ours,124,5,1,0,ours/node_5_1_0.npy,selected_request_scheduler_power,selected_vllm_v1_decode_first,12824,125158,evaluated,,345600,560.95,2855.627239977076,730.9180943026678
ours,125,5,1,1,ours/node_5_1_1.npy,selected_request_scheduler_power,selected_vllm_v1_decode_first,12711,126167,evaluated,,345600,560.95,2866.7112592827175,726.1951571275602
ours,126,5,1,2,ours/node_5_1_2.npy,selected_request_scheduler_power,selected_vllm_v1_decode_first,12805,127176,evaluated,,345600,560.95,2865.9227791406124,726.2256176116445
ours,127,5,1,3,ours/node_5_1_3.npy,selected_request_scheduler_power,selected_vllm_v1_decode_first,12927,128185,evaluated,,345600,560.95,2856.59270569583,730.7509047979281
ours,128,5,2,0,ours/node_5_2_0.npy,selected_request_scheduler_power,selected_vllm_v1_decode_first,12763,129194,evaluated,,345600,560.95,2864.5155296418725,722.7830279355284
ours,129,5,2,1,ours/node_5_2_1.npy,selected_request_scheduler_power,selected_vllm_v1_decode_first,12733,130203,evaluated,,345600,560.95,2859.4206967894397,726.772729065493
ours,130,5,2,2,ours/node_5_2_2.npy,selected_request_scheduler_power,selected_vllm_v1_decode_first,13072,131212,evaluated,,345600,560.95,2868.40429072967,729.6678533233785
ours,131,5,2,3,ours/node_5_2_3.npy,selected_request_scheduler_power,selected_vllm_v1_decode_first,12832,132221,evaluated,,345600,560.95,2856.0586264682797,725.3246759672065
ours,132,5,3,0,ours/node_5_3_0.npy,selected_request_scheduler_power,selected_vllm_v1_decode_first,13002,133230,evaluated,,345600,560.95,2856.7455494180094,731.9322307971333
ours,133,5,3,1,ours/node_5_3_1.npy,selected_request_scheduler_power,selected_vllm_v1_decode_first,12879,134239,evaluated,,345600,560.95,2872.9062990529487,724.012503362732
ours,134,5,3,2,ours/node_5_3_2.npy,selected_request_scheduler_power,selected_vllm_v1_decode_first,12777,135248,evaluated,,345600,560.95,2878.4426804322666,723.0154721545014
ours,135,5,3,3,ours/node_5_3_3.npy,selected_request_scheduler_power,selected_vllm_v1_decode_first,13029,136257,evaluated,,345600,560.95,2885.9828469294066,726.3522352151375
ours,136,5,4,0,ours/node_5_4_0.npy,selected_request_scheduler_power,selected_vllm_v1_decode_first,12792,137266,evaluated,,345600,560.95,2882.0530046265385,722.0811609487987
ours,137,5,4,1,ours/node_5_4_1.npy,selected_request_scheduler_power,selected_vllm_v1_decode_first,12753,138275,evaluated,,345600,560.95,2851.9448783592193,726.4613805660906
ours,138,5,4,2,ours/node_5_4_2.npy,selected_request_scheduler_power,selected_vllm_v1_decode_first,12847,139284,evaluated,,345600,560.95,2855.452580370118,728.8870039989043
ours,139,5,4,3,ours/node_5_4_3.npy,selected_request_scheduler_power,selected_vllm_v1_decode_first,13027,140293,evaluated,,345600,560.95,2871.849649145409,725.774845018579
ours,140,5,5,0,ours/node_5_5_0.npy,selected_request_scheduler_power,selected_vllm_v1_decode_first,12764,141302,evaluated,,345600,560.95,2861.789330002254,723.7724604304049
ours,141,5,5,1,ours/node_5_5_1.npy,selected_request_scheduler_power,selected_vllm_v1_decode_first,12791,142311,evaluated,,345600,560.95,2868.450165873991,724.234936669972
ours,142,5,5,2,ours/node_5_5_2.npy,selected_request_scheduler_power,selected_vllm_v1_decode_first,12826,143320,evaluated,,345600,560.95,2862.230461982909,730.1639294364081
ours,143,5,5,3,ours/node_5_5_3.npy,selected_request_scheduler_power,selected_vllm_v1_decode_first,12951,144329,evaluated,,345600,560.95,2862.262559071565,728.8705294750431
ours,144,6,0,0,ours/node_6_0_0.npy,selected_request_scheduler_power,selected_vllm_v1_decode_first,12803,145338,evaluated,,345600,560.95,2862.633002220494,727.3001527012391
ours,145,6,0,1,ours/node_6_0_1.npy,selected_request_scheduler_power,selected_vllm_v1_decode_first,12904,146347,evaluated,,345600,560.95,2856.7286734552154,725.540200570506
ours,146,6,0,2,ours/node_6_0_2.npy,selected_request_scheduler_power,selected_vllm_v1_decode_first,12801,147356,evaluated,,345600,560.95,2877.9701783566857,719.6306507671579
ours,147,6,0,3,ours/node_6_0_3.npy,selected_request_scheduler_power,selected_vllm_v1_decode_first,12867,148365,evaluated,,345600,560.95,2871.691032985644,728.3626053938465
ours,148,6,1,0,ours/node_6_1_0.npy,selected_request_scheduler_power,selected_vllm_v1_decode_first,12855,149374,evaluated,,345600,560.95,2878.9719876830018,725.1925888345461
ours,149,6,1,1,ours/node_6_1_1.npy,selected_request_scheduler_power,selected_vllm_v1_decode_first,12708,150383,evaluated,,345600,560.95,2872.7023684366604,725.8647208585493
ours,150,6,1,2,ours/node_6_1_2.npy,selected_request_scheduler_power,selected_vllm_v1_decode_first,12965,151392,evaluated,,345600,560.95,2868.603732358513,724.6589392649212
ours,151,6,1,3,ours/node_6_1_3.npy,selected_request_scheduler_power,selected_vllm_v1_decode_first,12870,152401,evaluated,,345600,560.95,2861.680494134036,727.7110407960971
ours,152,6,2,0,ours/node_6_2_0.npy,selected_request_scheduler_power,selected_vllm_v1_decode_first,12733,153410,evaluated,,345600,560.95,2861.557826196464,730.8515671106644
ours,153,6,2,1,ours/node_6_2_1.npy,selected_request_scheduler_power,selected_vllm_v1_decode_first,12874,154419,evaluated,,345600,560.95,2883.9132641314955,731.3525715218348
ours,154,6,2,2,ours/node_6_2_2.npy,selected_request_scheduler_power,selected_vllm_v1_decode_first,12831,155428,evaluated,,345600,560.95,2853.668922684366,728.8608478963747
ours,155,6,2,3,ours/node_6_2_3.npy,selected_request_scheduler_power,selected_vllm_v1_decode_first,12827,156437,evaluated,,345600,560.95,2858.1292447039086,728.7352811852681
ours,156,6,3,0,ours/node_6_3_0.npy,selected_request_scheduler_power,selected_vllm_v1_decode_first,12928,157446,evaluated,,345600,560.95,2864.470150220963,730.0068280258356
ours,157,6,3,1,ours/node_6_3_1.npy,selected_request_scheduler_power,selected_vllm_v1_decode_first,12781,158455,evaluated,,345600,560.95,2857.7773565735943,726.549933433167
ours,158,6,3,2,ours/node_6_3_2.npy,selected_request_scheduler_power,selected_vllm_v1_decode_first,12791,159464,evaluated,,345600,560.95,2851.8318710199756,725.0998295938346
ours,159,6,3,3,ours/node_6_3_3.npy,selected_request_scheduler_power,selected_vllm_v1_decode_first,12768,160473,evaluated,,345600,560.95,2852.7098688563215,723.4972779968303
ours,160,6,4,0,ours/node_6_4_0.npy,selected_request_scheduler_power,selected_vllm_v1_decode_first,13037,161482,evaluated,,345600,560.95,2854.575986968194,731.0980937428396
ours,161,6,4,1,ours/node_6_4_1.npy,selected_request_scheduler_power,selected_vllm_v1_decode_first,12838,162491,evaluated,,345600,560.95,2869.180638894924,727.9782771742607
ours,162,6,4,2,ours/node_6_4_2.npy,selected_request_scheduler_power,selected_vllm_v1_decode_first,12809,163500,evaluated,,345600,560.95,2865.2069871395975,730.3228683060756
ours,163,6,4,3,ours/node_6_4_3.npy,selected_request_scheduler_power,selected_vllm_v1_decode_first,12798,164509,evaluated,,345600,560.95,2855.7771270674516,725.8495045813443
ours,164,6,5,0,ours/node_6_5_0.npy,selected_request_scheduler_power,selected_vllm_v1_decode_first,12824,165518,evaluated,,345600,560.95,2859.029131583342,727.9902883422554
ours,165,6,5,1,ours/node_6_5_1.npy,selected_request_scheduler_power,selected_vllm_v1_decode_first,12860,166527,evaluated,,345600,560.95,2871.3978962117,726.5782754972286
ours,166,6,5,2,ours/node_6_5_2.npy,selected_request_scheduler_power,selected_vllm_v1_decode_first,12620,167536,evaluated,,345600,560.95,2869.7603139058347,723.9600037922853
ours,167,6,5,3,ours/node_6_5_3.npy,selected_request_scheduler_power,selected_vllm_v1_decode_first,12676,168545,evaluated,,345600,560.95,2876.0345296492937,727.0895987922914
ours,168,7,0,0,ours/node_7_0_0.npy,selected_request_scheduler_power,selected_vllm_v1_decode_first,13054,169554,evaluated,,345600,560.95,2857.3460776863694,728.8358673573046
ours,169,7,0,1,ours/node_7_0_1.npy,selected_request_scheduler_power,selected_vllm_v1_decode_first,12675,170563,evaluated,,345600,560.95,2854.259955765436,726.0481494636554
ours,170,7,0,2,ours/node_7_0_2.npy,selected_request_scheduler_power,selected_vllm_v1_decode_first,12961,171572,evaluated,,345600,560.95,2889.5956880789636,725.8559096584643
ours,171,7,0,3,ours/node_7_0_3.npy,selected_request_scheduler_power,selected_vllm_v1_decode_first,12730,172581,evaluated,,345600,560.95,2861.973940462685,725.0155640054509
ours,172,7,1,0,ours/node_7_1_0.npy,selected_request_scheduler_power,selected_vllm_v1_decode_first,12694,173590,evaluated,,345600,560.95,2857.775856514238,727.4137809446879
ours,173,7,1,1,ours/node_7_1_1.npy,selected_request_scheduler_power,selected_vllm_v1_decode_first,12703,174599,evaluated,,345600,560.95,2852.1301636900816,722.2697398023879
ours,174,7,1,2,ours/node_7_1_2.npy,selected_request_scheduler_power,selected_vllm_v1_decode_first,12852,175608,evaluated,,345600,560.95,2866.727368303825,728.784239263038
ours,175,7,1,3,ours/node_7_1_3.npy,selected_request_scheduler_power,selected_vllm_v1_decode_first,12890,176617,evaluated,,345600,560.95,2862.4630867559754,729.9500073311191
ours,176,7,2,0,ours/node_7_2_0.npy,selected_request_scheduler_power,selected_vllm_v1_decode_first,12623,177626,evaluated,,345600,560.95,2862.750042606114,722.1617095290317
ours,177,7,2,1,ours/node_7_2_1.npy,selected_request_scheduler_power,selected_vllm_v1_decode_first,12698,178635,evaluated,,345600,560.95,2858.575942029415,724.0729992485641
ours,178,7,2,2,ours/node_7_2_2.npy,selected_request_scheduler_power,selected_vllm_v1_decode_first,12776,179644,evaluated,,345600,560.95,2867.607892053523,723.4392321017941
ours,179,7,2,3,ours/node_7_2_3.npy,selected_request_scheduler_power,selected_vllm_v1_decode_first,12789,180653,evaluated,,345600,560.95,2852.7474732239652,724.8096958159172
ours,180,7,3,0,ours/node_7_3_0.npy,selected_request_scheduler_power,selected_vllm_v1_decode_first,12673,181662,evaluated,,345600,560.95,2864.2612759304957,725.9767454139476
ours,181,7,3,1,ours/node_7_3_1.npy,selected_request_scheduler_power,selected_vllm_v1_decode_first,12962,182671,evaluated,,345600,560.95,2851.6057581058394,727.5723519295955
ours,182,7,3,2,ours/node_7_3_2.npy,selected_request_scheduler_power,selected_vllm_v1_decode_first,12866,183680,evaluated,,345600,560.95,2857.4394454181847,731.849379187568
ours,183,7,3,3,ours/node_7_3_3.npy,selected_request_scheduler_power,selected_vllm_v1_decode_first,12628,184689,evaluated,,345600,560.95,2860.040049623365,724.6761803287227
ours,184,7,4,0,ours/node_7_4_0.npy,selected_request_scheduler_power,selected_vllm_v1_decode_first,12864,185698,evaluated,,345600,560.95,2852.886632054817,720.6715467057887
ours,185,7,4,1,ours/node_7_4_1.npy,selected_request_scheduler_power,selected_vllm_v1_decode_first,12824,186707,evaluated,,345600,560.95,2862.6680635506136,730.2145900907212
ours,186,7,4,2,ours/node_7_4_2.npy,selected_request_scheduler_power,selected_vllm_v1_decode_first,12713,187716,evaluated,,345600,560.95,2858.698226490865,723.3562901203078
ours,187,7,4,3,ours/node_7_4_3.npy,selected_request_scheduler_power,selected_vllm_v1_decode_first,12932,188725,evaluated,,345600,560.95,2876.7594684565647,727.4396635975637
ours,188,7,5,0,ours/node_7_5_0.npy,selected_request_scheduler_power,selected_vllm_v1_decode_first,12897,189734,evaluated,,345600,560.95,2857.5515702209555,728.7945207832952
ours,189,7,5,1,ours/node_7_5_1.npy,selected_request_scheduler_power,selected_vllm_v1_decode_first,12611,190743,evaluated,,345600,560.95,2865.4074796535615,725.4197778999893
ours,190,7,5,2,ours/node_7_5_2.npy,selected_request_scheduler_power,selected_vllm_v1_decode_first,12811,191752,evaluated,,345600,560.95,2862.636022614336,727.6633318561844
ours,191,7,5,3,ours/node_7_5_3.npy,selected_request_scheduler_power,selected_vllm_v1_decode_first,12946,192761,evaluated,,345600,560.95,2865.2520821307257,721.2030134767587
ours,192,8,0,0,ours/node_8_0_0.npy,selected_request_scheduler_power,selected_vllm_v1_decode_first,12730,193770,evaluated,,345600,560.95,2865.316939615813,720.3471147051883
ours,193,8,0,1,ours/node_8_0_1.npy,selected_request_scheduler_power,selected_vllm_v1_decode_first,12919,194779,evaluated,,345600,560.95,2881.2032238824986,727.1741022339339
ours,194,8,0,2,ours/node_8_0_2.npy,selected_request_scheduler_power,selected_vllm_v1_decode_first,12511,195788,evaluated,,345600,560.95,2871.144221115405,723.2377592798455
ours,195,8,0,3,ours/node_8_0_3.npy,selected_request_scheduler_power,selected_vllm_v1_decode_first,12696,196797,evaluated,,345600,560.95,2859.6961878609454,721.5807003853455
ours,196,8,1,0,ours/node_8_1_0.npy,selected_request_scheduler_power,selected_vllm_v1_decode_first,12917,197806,evaluated,,345600,560.95,2868.2521840307495,724.5666239379291
ours,197,8,1,1,ours/node_8_1_1.npy,selected_request_scheduler_power,selected_vllm_v1_decode_first,12800,198815,evaluated,,345600,560.95,2875.3496636137493,725.9385451827028
ours,198,8,1,2,ours/node_8_1_2.npy,selected_request_scheduler_power,selected_vllm_v1_decode_first,12817,199824,evaluated,,345600,560.95,2883.368573027,724.6083608904798
ours,199,8,1,3,ours/node_8_1_3.npy,selected_request_scheduler_power,selected_vllm_v1_decode_first,12757,200833,evaluated,,345600,560.95,2878.5825712689652,726.6037925716812
ours,200,8,2,0,ours/node_8_2_0.npy,selected_request_scheduler_power,selected_vllm_v1_decode_first,13007,201842,evaluated,,345600,560.95,2868.729738200199,730.2698683212702
ours,201,8,2,1,ours/node_8_2_1.npy,selected_request_scheduler_power,selected_vllm_v1_decode_first,12896,202851,evaluated,,345600,560.95,2861.599740538869,726.746357391536
ours,202,8,2,2,ours/node_8_2_2.npy,selected_request_scheduler_power,selected_vllm_v1_decode_first,12628,203860,evaluated,,345600,560.95,2861.573714675223,723.8795553689312
ours,203,8,2,3,ours/node_8_2_3.npy,selected_request_scheduler_power,selected_vllm_v1_decode_first,12953,204869,evaluated,,345600,560.95,2865.1097294284955,727.1912515035365
ours,204,8,3,0,ours/node_8_3_0.npy,selected_request_scheduler_power,selected_vllm_v1_decode_first,12616,205878,evaluated,,345600,560.95,2860.959310662182,727.3138458119874
ours,205,8,3,1,ours/node_8_3_1.npy,selected_request_scheduler_power,selected_vllm_v1_decode_first,12862,206887,evaluated,,345600,560.95,2853.995313287425,729.6601506295801
ours,206,8,3,2,ours/node_8_3_2.npy,selected_request_scheduler_power,selected_vllm_v1_decode_first,12932,207896,evaluated,,345600,560.95,2865.16527866525,726.2963062925703
ours,207,8,3,3,ours/node_8_3_3.npy,selected_request_scheduler_power,selected_vllm_v1_decode_first,12782,208905,evaluated,,345600,560.95,2874.0038358934007,726.3705123898026
ours,208,8,4,0,ours/node_8_4_0.npy,selected_request_scheduler_power,selected_vllm_v1_decode_first,12816,209914,evaluated,,345600,560.95,2859.46171234869,723.1130806153571
ours,209,8,4,1,ours/node_8_4_1.npy,selected_request_scheduler_power,selected_vllm_v1_decode_first,12844,210923,evaluated,,345600,560.95,2867.6123938939754,730.7614457015535
ours,210,8,4,2,ours/node_8_4_2.npy,selected_request_scheduler_power,selected_vllm_v1_decode_first,12848,211932,evaluated,,345600,560.95,2867.4613136510093,725.0271724629478
ours,211,8,4,3,ours/node_8_4_3.npy,selected_request_scheduler_power,selected_vllm_v1_decode_first,12875,212941,evaluated,,345600,560.95,2869.5862576675463,726.5593416604673
ours,212,8,5,0,ours/node_8_5_0.npy,selected_request_scheduler_power,selected_vllm_v1_decode_first,12863,213950,evaluated,,345600,560.95,2851.7772580968312,723.451954640219
ours,213,8,5,1,ours/node_8_5_1.npy,selected_request_scheduler_power,selected_vllm_v1_decode_first,12710,214959,evaluated,,345600,560.95,2866.269331704213,724.3204929563302
ours,214,8,5,2,ours/node_8_5_2.npy,selected_request_scheduler_power,selected_vllm_v1_decode_first,12908,215968,evaluated,,345600,560.95,2859.1683781853903,724.5558905153113
ours,215,8,5,3,ours/node_8_5_3.npy,selected_request_scheduler_power,selected_vllm_v1_decode_first,12729,216977,evaluated,,345600,560.95,2871.6893646608924,723.7848273734264
ours,216,9,0,0,ours/node_9_0_0.npy,selected_request_scheduler_power,selected_vllm_v1_decode_first,12884,217986,evaluated,,345600,560.95,2854.168014178362,730.8411591022905
ours,217,9,0,1,ours/node_9_0_1.npy,selected_request_scheduler_power,selected_vllm_v1_decode_first,12549,218995,evaluated,,345600,560.95,2872.9790678482987,721.0633631711581
ours,218,9,0,2,ours/node_9_0_2.npy,selected_request_scheduler_power,selected_vllm_v1_decode_first,12763,220004,evaluated,,345600,560.95,2856.0699569531253,724.9049713767995
ours,219,9,0,3,ours/node_9_0_3.npy,selected_request_scheduler_power,selected_vllm_v1_decode_first,12866,221013,evaluated,,345600,560.95,2856.976804431551,728.7083508883236
ours,220,9,1,0,ours/node_9_1_0.npy,selected_request_scheduler_power,selected_vllm_v1_decode_first,12846,222022,evaluated,,345600,560.95,2850.642446864716,726.4127144003867
ours,221,9,1,1,ours/node_9_1_1.npy,selected_request_scheduler_power,selected_vllm_v1_decode_first,12919,223031,evaluated,,345600,560.95,2870.063849322543,732.527617857532
ours,222,9,1,2,ours/node_9_1_2.npy,selected_request_scheduler_power,selected_vllm_v1_decode_first,12788,224040,evaluated,,345600,560.95,2863.007595021799,723.1835759493744
ours,223,9,1,3,ours/node_9_1_3.npy,selected_request_scheduler_power,selected_vllm_v1_decode_first,12535,225049,evaluated,,345600,560.95,2867.876421756342,728.3055812882227
ours,224,9,2,0,ours/node_9_2_0.npy,selected_request_scheduler_power,selected_vllm_v1_decode_first,12724,226058,evaluated,,345600,560.95,2868.338918007258,726.5191929510623
ours,225,9,2,1,ours/node_9_2_1.npy,selected_request_scheduler_power,selected_vllm_v1_decode_first,12621,227067,evaluated,,345600,560.95,2856.92224754614,722.8653562494571
ours,226,9,2,2,ours/node_9_2_2.npy,selected_request_scheduler_power,selected_vllm_v1_decode_first,12493,228076,evaluated,,345600,560.95,2858.568139069162,725.1050923431374
ours,227,9,2,3,ours/node_9_2_3.npy,selected_request_scheduler_power,selected_vllm_v1_decode_first,12755,229085,evaluated,,345600,560.95,2873.1917654383883,731.1479078242209
ours,228,9,3,0,ours/node_9_3_0.npy,selected_request_scheduler_power,selected_vllm_v1_decode_first,12790,230094,evaluated,,345600,560.95,2872.9251484784872,722.1423379738111
ours,229,9,3,1,ours/node_9_3_1.npy,selected_request_scheduler_power,selected_vllm_v1_decode_first,12837,231103,evaluated,,345600,560.95,2891.2984123098026,722.5948631071144
ours,230,9,3,2,ours/node_9_3_2.npy,selected_request_scheduler_power,selected_vllm_v1_decode_first,12915,232112,evaluated,,345600,560.95,2863.295524763531,726.4674467891435
ours,231,9,3,3,ours/node_9_3_3.npy,selected_request_scheduler_power,selected_vllm_v1_decode_first,12863,233121,evaluated,,345600,560.95,2871.8551342262626,724.0296864094917
ours,232,9,4,0,ours/node_9_4_0.npy,selected_request_scheduler_power,selected_vllm_v1_decode_first,13044,234130,evaluated,,345600,560.95,2862.735647355128,728.3013588411969
ours,233,9,4,1,ours/node_9_4_1.npy,selected_request_scheduler_power,selected_vllm_v1_decode_first,12814,235139,evaluated,,345600,560.95,2862.2051943682864,725.5837107536533
ours,234,9,4,2,ours/node_9_4_2.npy,selected_request_scheduler_power,selected_vllm_v1_decode_first,12660,236148,evaluated,,345600,560.95,2878.5502815071877,723.6082992359961
ours,235,9,4,3,ours/node_9_4_3.npy,selected_request_scheduler_power,selected_vllm_v1_decode_first,12650,237157,evaluated,,345600,560.95,2864.533440954459,720.0348891123715
ours,236,9,5,0,ours/node_9_5_0.npy,selected_request_scheduler_power,selected_vllm_v1_decode_first,12923,238166,evaluated,,345600,560.95,2863.6607851731806,728.0725808879072
ours,237,9,5,1,ours/node_9_5_1.npy,selected_request_scheduler_power,selected_vllm_v1_decode_first,12933,239175,evaluated,,345600,560.95,2880.3693745092864,723.8246137341172
ours,238,9,5,2,ours/node_9_5_2.npy,selected_request_scheduler_power,selected_vllm_v1_decode_first,12958,240184,evaluated,,345600,560.95,2855.958911760742,730.6215346950959
ours,239,9,5,3,ours/node_9_5_3.npy,selected_request_scheduler_power,selected_vllm_v1_decode_first,12690,241193,evaluated,,345600,560.95,2874.2098621390874,721.8303647260425
splitwise_strict,0,0,0,0,splitwise_strict/node_0_0_0.npy,splitwise_style_lut,splitwise_prompt_biased_preemptive_fifo,12725,42,evaluated,,345600,571.6218749999997,3256.8834374999997,832.6404151634306
splitwise_strict,1,0,0,1,splitwise_strict/node_0_0_1.npy,splitwise_style_lut,splitwise_prompt_biased_preemptive_fifo,12843,1051,evaluated,,345600,571.6218749999997,3256.852983398437,834.2136501042636
splitwise_strict,2,0,0,2,splitwise_strict/node_0_0_2.npy,splitwise_style_lut,splitwise_prompt_biased_preemptive_fifo,12649,2060,evaluated,,345600,571.6218749999997,3256.8834374999997,828.8967769439884
splitwise_strict,3,0,0,3,splitwise_strict/node_0_0_3.npy,splitwise_style_lut,splitwise_prompt_biased_preemptive_fifo,12860,3069,evaluated,,345600,571.6218749999997,3256.8834374999997,837.5803455015091
splitwise_strict,4,0,1,0,splitwise_strict/node_0_1_0.npy,splitwise_style_lut,splitwise_prompt_biased_preemptive_fifo,12891,4078,evaluated,,345600,571.6218749999997,3256.873286132812,834.355717566401
splitwise_strict,5,0,1,1,splitwise_strict/node_0_1_1.npy,splitwise_style_lut,splitwise_prompt_biased_preemptive_fifo,12916,5087,evaluated,,345600,571.6218749999997,3256.8834374999997,832.1713108354271
splitwise_strict,6,0,1,2,splitwise_strict/node_0_1_2.npy,splitwise_style_lut,splitwise_prompt_biased_preemptive_fifo,12611,6096,evaluated,,345600,571.6218749999997,3256.8834374999997,835.2059242197488
splitwise_strict,7,0,1,3,splitwise_strict/node_0_1_3.npy,splitwise_style_lut,splitwise_prompt_biased_preemptive_fifo,12907,7105,evaluated,,345600,571.6218749999997,3256.8834374999997,834.3122444904435
splitwise_strict,8,0,2,0,splitwise_strict/node_0_2_0.npy,splitwise_style_lut,splitwise_prompt_biased_preemptive_fifo,12603,8114,evaluated,,345600,571.6218749999997,3256.873286132812,832.3351134889464
splitwise_strict,9,0,2,1,splitwise_strict/node_0_2_1.npy,splitwise_style_lut,splitwise_prompt_biased_preemptive_fifo,12806,9123,evaluated,,345600,571.6218749999997,3256.8834374999997,833.1121428065397
splitwise_strict,10,0,2,2,splitwise_strict/node_0_2_2.npy,splitwise_style_lut,splitwise_prompt_biased_preemptive_fifo,12723,10132,evaluated,,345600,571.6218749999997,3256.8834374999997,832.0483952099778
splitwise_strict,11,0,2,3,splitwise_strict/node_0_2_3.npy,splitwise_style_lut,splitwise_prompt_biased_preemptive_fifo,12915,11141,evaluated,,345600,571.6218749999997,3256.873286132812,832.1566208319413
splitwise_strict,12,0,3,0,splitwise_strict/node_0_3_0.npy,splitwise_style_lut,splitwise_prompt_biased_preemptive_fifo,12822,12150,evaluated,,345600,571.6218749999997,3256.852983398437,830.4607260027109
splitwise_strict,13,0,3,1,splitwise_strict/node_0_3_1.npy,splitwise_style_lut,splitwise_prompt_biased_preemptive_fifo,12689,13159,evaluated,,345600,571.6218749999997,3256.8834374999997,828.2483937768932
splitwise_strict,14,0,3,2,splitwise_strict/node_0_3_2.npy,splitwise_style_lut,splitwise_prompt_biased_preemptive_fifo,12664,14168,evaluated,,345600,571.6218749999997,3256.8834374999997,825.748116701422
splitwise_strict,15,0,3,3,splitwise_strict/node_0_3_3.npy,splitwise_style_lut,splitwise_prompt_biased_preemptive_fifo,12713,15177,evaluated,,345600,571.6218749999997,3256.8834374999997,835.569299431063
splitwise_strict,16,0,4,0,splitwise_strict/node_0_4_0.npy,splitwise_style_lut,splitwise_prompt_biased_preemptive_fifo,12601,16186,evaluated,,345600,571.6218749999997,3256.8834374999997,826.2301003269349
splitwise_strict,17,0,4,1,splitwise_strict/node_0_4_1.npy,splitwise_style_lut,splitwise_prompt_biased_preemptive_fifo,12848,17195,evaluated,,345600,571.6218749999997,3256.873286132812,834.7512570003993
splitwise_strict,18,0,4,2,splitwise_strict/node_0_4_2.npy,splitwise_style_lut,splitwise_prompt_biased_preemptive_fifo,12678,18204,evaluated,,345600,571.6218749999997,3256.8834374999997,824.1531631856986
splitwise_strict,19,0,4,3,splitwise_strict/node_0_4_3.npy,splitwise_style_lut,splitwise_prompt_biased_preemptive_fifo,12948,19213,evaluated,,345600,571.6218749999997,3256.8631347656246,831.1547647710852
splitwise_strict,20,0,5,0,splitwise_strict/node_0_5_0.npy,splitwise_style_lut,splitwise_prompt_biased_preemptive_fifo,12816,20222,evaluated,,345600,571.6218749999997,3256.8834374999997,837.7771248925608
splitwise_strict,21,0,5,1,splitwise_strict/node_0_5_1.npy,splitwise_style_lut,splitwise_prompt_biased_preemptive_fifo,12957,21231,evaluated,,345600,571.6218749999997,3256.852983398437,836.2634666612773
splitwise_strict,22,0,5,2,splitwise_strict/node_0_5_2.npy,splitwise_style_lut,splitwise_prompt_biased_preemptive_fifo,12840,22240,evaluated,,345600,571.6218749999997,3256.873286132812,832.4891003474208
splitwise_strict,23,0,5,3,splitwise_strict/node_0_5_3.npy,splitwise_style_lut,splitwise_prompt_biased_preemptive_fifo,12740,23249,evaluated,,345600,571.6218749999997,3256.8834374999997,827.3070995673608
splitwise_strict,24,1,0,0,splitwise_strict/node_1_0_0.npy,splitwise_style_lut,splitwise_prompt_biased_preemptive_fifo,12845,24258,evaluated,,345600,571.6218749999997,3256.8834374999997,831.6513996923518
splitwise_strict,25,1,0,1,splitwise_strict/node_1_0_1.npy,splitwise_style_lut,splitwise_prompt_biased_preemptive_fifo,12955,25267,evaluated,,345600,571.6218749999997,3256.873286132812,839.8939104062941
splitwise_strict,26,1,0,2,splitwise_strict/node_1_0_2.npy,splitwise_style_lut,splitwise_prompt_biased_preemptive_fifo,12822,26276,evaluated,,345600,571.6218749999997,3256.8834374999997,833.2483853298125
splitwise_strict,27,1,0,3,splitwise_strict/node_1_0_3.npy,splitwise_style_lut,splitwise_prompt_biased_preemptive_fifo,12898,27285,evaluated,,345600,571.6218749999997,3256.8834374999997,835.4812872327575
splitwise_strict,28,1,1,0,splitwise_strict/node_1_1_0.npy,splitwise_style_lut,splitwise_prompt_biased_preemptive_fifo,12834,28294,evaluated,,345600,571.6218749999997,3256.8428320312496,833.6938018684028
splitwise_strict,29,1,1,1,splitwise_strict/node_1_1_1.npy,splitwise_style_lut,splitwise_prompt_biased_preemptive_fifo,12948,29303,evaluated,,345600,571.6218749999997,3256.8631347656246,836.0567903052932
splitwise_strict,30,1,1,2,splitwise_strict/node_1_1_2.npy,splitwise_style_lut,splitwise_prompt_biased_preemptive_fifo,12810,30312,evaluated,,345600,571.6218749999997,3256.8834374999997,829.7159419515901
splitwise_strict,31,1,1,3,splitwise_strict/node_1_1_3.npy,splitwise_style_lut,splitwise_prompt_biased_preemptive_fifo,12820,31321,evaluated,,345600,571.6218749999997,3256.8834374999997,831.9958725511317
splitwise_strict,32,1,2,0,splitwise_strict/node_1_2_0.npy,splitwise_style_lut,splitwise_prompt_biased_preemptive_fifo,12526,32330,evaluated,,345600,571.6218749999997,3256.873286132812,830.6229200183103
splitwise_strict,33,1,2,1,splitwise_strict/node_1_2_1.npy,splitwise_style_lut,splitwise_prompt_biased_preemptive_fifo,12891,33339,evaluated,,345600,571.6218749999997,3256.873286132812,831.7759223022351
splitwise_strict,34,1,2,2,splitwise_strict/node_1_2_2.npy,splitwise_style_lut,splitwise_prompt_biased_preemptive_fifo,12793,34348,evaluated,,345600,571.6218749999997,3256.873286132812,838.3313303813932
splitwise_strict,35,1,2,3,splitwise_strict/node_1_2_3.npy,splitwise_style_lut,splitwise_prompt_biased_preemptive_fifo,12611,35357,evaluated,,345600,571.6218749999997,3256.8834374999997,831.7808288356875
splitwise_strict,36,1,3,0,splitwise_strict/node_1_3_0.npy,splitwise_style_lut,splitwise_prompt_biased_preemptive_fifo,12895,36366,evaluated,,345600,571.6218749999997,3256.873286132812,839.1440771722497
splitwise_strict,37,1,3,1,splitwise_strict/node_1_3_1.npy,splitwise_style_lut,splitwise_prompt_biased_preemptive_fifo,12922,37375,evaluated,,345600,571.6218749999997,3256.8834374999997,832.9931603601391
splitwise_strict,38,1,3,2,splitwise_strict/node_1_3_2.npy,splitwise_style_lut,splitwise_prompt_biased_preemptive_fifo,12797,38384,evaluated,,345600,571.6218749999997,3256.8834374999997,834.8054393700129
splitwise_strict,39,1,3,3,splitwise_strict/node_1_3_3.npy,splitwise_style_lut,splitwise_prompt_biased_preemptive_fifo,12730,39393,evaluated,,345600,571.6218749999997,3256.873286132812,833.9401868177941
splitwise_strict,40,1,4,0,splitwise_strict/node_1_4_0.npy,splitwise_style_lut,splitwise_prompt_biased_preemptive_fifo,12792,40402,evaluated,,345600,571.6218749999997,3256.8834374999997,828.1722926366284
splitwise_strict,41,1,4,1,splitwise_strict/node_1_4_1.npy,splitwise_style_lut,splitwise_prompt_biased_preemptive_fifo,12678,41411,evaluated,,345600,571.6218749999997,3256.8631347656246,831.9965787094495
splitwise_strict,42,1,4,2,splitwise_strict/node_1_4_2.npy,splitwise_style_lut,splitwise_prompt_biased_preemptive_fifo,12902,42420,evaluated,,345600,571.6218749999997,3256.8834374999997,835.5339538883248
splitwise_strict,43,1,4,3,splitwise_strict/node_1_4_3.npy,splitwise_style_lut,splitwise_prompt_biased_preemptive_fifo,12891,43429,evaluated,,345600,571.6218749999997,3256.873286132812,840.1318469405809
splitwise_strict,44,1,5,0,splitwise_strict/node_1_5_0.npy,splitwise_style_lut,splitwise_prompt_biased_preemptive_fifo,12738,44438,evaluated,,345600,571.6218749999997,3256.873286132812,832.687441875575
splitwise_strict,45,1,5,1,splitwise_strict/node_1_5_1.npy,splitwise_style_lut,splitwise_prompt_biased_preemptive_fifo,12905,45447,evaluated,,345600,571.6218749999997,3256.873286132812,836.749635789431
splitwise_strict,46,1,5,2,splitwise_strict/node_1_5_2.npy,splitwise_style_lut,splitwise_prompt_biased_preemptive_fifo,12829,46456,evaluated,,345600,571.6218749999997,3256.8834374999997,838.9455145924597
splitwise_strict,47,1,5,3,splitwise_strict/node_1_5_3.npy,splitwise_style_lut,splitwise_prompt_biased_preemptive_fifo,12937,47465,evaluated,,345600,571.6218749999997,3256.8834374999997,835.8525335551559
splitwise_strict,48,2,0,0,splitwise_strict/node_2_0_0.npy,splitwise_style_lut,splitwise_prompt_biased_preemptive_fifo,12719,48474,evaluated,,345600,571.6218749999997,3256.8834374999997,827.184068145858
splitwise_strict,49,2,0,1,splitwise_strict/node_2_0_1.npy,splitwise_style_lut,splitwise_prompt_biased_preemptive_fifo,12901,49483,evaluated,,345600,571.6218749999997,3256.8834374999997,833.3090581846125
splitwise_strict,50,2,0,2,splitwise_strict/node_2_0_2.npy,splitwise_style_lut,splitwise_prompt_biased_preemptive_fifo,12929,50492,evaluated,,345600,571.6218749999997,3256.873286132812,833.6542043955413
splitwise_strict,51,2,0,3,splitwise_strict/node_2_0_3.npy,splitwise_style_lut,splitwise_prompt_biased_preemptive_fifo,12540,51501,evaluated,,345600,571.6218749999997,3256.8834374999997,829.8129463218146
splitwise_strict,52,2,1,0,splitwise_strict/node_2_1_0.npy,splitwise_style_lut,splitwise_prompt_biased_preemptive_fifo,12781,52510,evaluated,,345600,571.6218749999997,3256.873286132812,835.1201454220716
splitwise_strict,53,2,1,1,splitwise_strict/node_2_1_1.npy,splitwise_style_lut,splitwise_prompt_biased_preemptive_fifo,12954,53519,evaluated,,345600,571.6218749999997,3256.8834374999997,836.2364140129336
splitwise_strict,54,2,1,2,splitwise_strict/node_2_1_2.npy,splitwise_style_lut,splitwise_prompt_biased_preemptive_fifo,12566,54528,evaluated,,345600,571.6218749999997,3256.8834374999997,826.6246506679231
splitwise_strict,55,2,1,3,splitwise_strict/node_2_1_3.npy,splitwise_style_lut,splitwise_prompt_biased_preemptive_fifo,12688,55537,evaluated,,345600,571.6218749999997,3256.8834374999997,832.4010694427279
splitwise_strict,56,2,2,0,splitwise_strict/node_2_2_0.npy,splitwise_style_lut,splitwise_prompt_biased_preemptive_fifo,12907,56546,evaluated,,345600,571.6218749999997,3256.8834374999997,834.8363694009892
splitwise_strict,57,2,2,1,splitwise_strict/node_2_2_1.npy,splitwise_style_lut,splitwise_prompt_biased_preemptive_fifo,12866,57555,evaluated,,345600,571.6218749999997,3256.852983398437,834.5158403473573
splitwise_strict,58,2,2,2,splitwise_strict/node_2_2_2.npy,splitwise_style_lut,splitwise_prompt_biased_preemptive_fifo,12876,58564,evaluated,,345600,571.6218749999997,3256.8834374999997,841.0270812712639
splitwise_strict,59,2,2,3,splitwise_strict/node_2_2_3.npy,splitwise_style_lut,splitwise_prompt_biased_preemptive_fifo,12886,59573,evaluated,,345600,571.6218749999997,3256.8834374999997,835.610095409233
splitwise_strict,60,2,3,0,splitwise_strict/node_2_3_0.npy,splitwise_style_lut,splitwise_prompt_biased_preemptive_fifo,12823,60582,evaluated,,345600,571.6218749999997,3256.7819238281245,831.2083127714515
splitwise_strict,61,2,3,1,splitwise_strict/node_2_3_1.npy,splitwise_style_lut,splitwise_prompt_biased_preemptive_fifo,12889,61591,evaluated,,345600,571.6218749999997,3256.852983398437,836.4233661944864
splitwise_strict,62,2,3,2,splitwise_strict/node_2_3_2.npy,splitwise_style_lut,splitwise_prompt_biased_preemptive_fifo,12770,62600,evaluated,,345600,571.6218749999997,3256.8834374999997,828.6625058772042
splitwise_strict,63,2,3,3,splitwise_strict/node_2_3_3.npy,splitwise_style_lut,splitwise_prompt_biased_preemptive_fifo,12779,63609,evaluated,,345600,571.6218749999997,3256.8834374999997,830.1012290159932
splitwise_strict,64,2,4,0,splitwise_strict/node_2_4_0.npy,splitwise_style_lut,splitwise_prompt_biased_preemptive_fifo,12758,64618,evaluated,,345600,571.6218749999997,3256.8834374999997,830.2061975661496
splitwise_strict,65,2,4,1,splitwise_strict/node_2_4_1.npy,splitwise_style_lut,splitwise_prompt_biased_preemptive_fifo,12852,65627,evaluated,,345600,571.6218749999997,3256.8834374999997,836.0542939456042
splitwise_strict,66,2,4,2,splitwise_strict/node_2_4_2.npy,splitwise_style_lut,splitwise_prompt_biased_preemptive_fifo,12751,66636,evaluated,,345600,571.6218749999997,3256.873286132812,831.1313110084776
splitwise_strict,67,2,4,3,splitwise_strict/node_2_4_3.npy,splitwise_style_lut,splitwise_prompt_biased_preemptive_fifo,12857,67645,evaluated,,345600,571.6218749999997,3256.873286132812,831.5328645999502
splitwise_strict,68,2,5,0,splitwise_strict/node_2_5_0.npy,splitwise_style_lut,splitwise_prompt_biased_preemptive_fifo,12974,68654,evaluated,,345600,571.6218749999997,3256.873286132812,835.7336123268598
splitwise_strict,69,2,5,1,splitwise_strict/node_2_5_1.npy,splitwise_style_lut,splitwise_prompt_biased_preemptive_fifo,12653,69663,evaluated,,345600,571.6218749999997,3256.8834374999997,832.2850620116673
splitwise_strict,70,2,5,2,splitwise_strict/node_2_5_2.npy,splitwise_style_lut,splitwise_prompt_biased_preemptive_fifo,12972,70672,evaluated,,345600,571.6218749999997,3256.8834374999997,837.4774565117269
splitwise_strict,71,2,5,3,splitwise_strict/node_2_5_3.npy,splitwise_style_lut,splitwise_prompt_biased_preemptive_fifo,12715,71681,evaluated,,345600,571.6218749999997,3256.873286132812,830.3626111363744
splitwise_strict,72,3,0,0,splitwise_strict/node_3_0_0.npy,splitwise_style_lut,splitwise_prompt_biased_preemptive_fifo,12790,72690,evaluated,,345600,571.6218749999997,3256.873286132812,835.7348019052873
splitwise_strict,73,3,0,1,splitwise_strict/node_3_0_1.npy,splitwise_style_lut,splitwise_prompt_biased_preemptive_fifo,12798,73699,evaluated,,345600,571.6218749999997,3256.8834374999997,834.0704462688661
splitwise_strict,74,3,0,2,splitwise_strict/node_3_0_2.npy,splitwise_style_lut,splitwise_prompt_biased_preemptive_fifo,12915,74708,evaluated,,345600,571.6218749999997,3256.873286132812,835.2142301511491
splitwise_strict,75,3,0,3,splitwise_strict/node_3_0_3.npy,splitwise_style_lut,splitwise_prompt_biased_preemptive_fifo,12895,75717,evaluated,,345600,571.6218749999997,3256.8631347656246,836.0359269143656
splitwise_strict,76,3,1,0,splitwise_strict/node_3_1_0.npy,splitwise_style_lut,splitwise_prompt_biased_preemptive_fifo,12770,76726,evaluated,,345600,571.6218749999997,3256.8834374999997,836.4688990501849
splitwise_strict,77,3,1,1,splitwise_strict/node_3_1_1.npy,splitwise_style_lut,splitwise_prompt_biased_preemptive_fifo,12537,77735,evaluated,,345600,571.6218749999997,3256.8834374999997,821.5963238495864
splitwise_strict,78,3,1,2,splitwise_strict/node_3_1_2.npy,splitwise_style_lut,splitwise_prompt_biased_preemptive_fifo,12905,78744,evaluated,,345600,571.6218749999997,3256.8834374999997,828.3828146222536
splitwise_strict,79,3,1,3,splitwise_strict/node_3_1_3.npy,splitwise_style_lut,splitwise_prompt_biased_preemptive_fifo,12842,79753,evaluated,,345600,571.6218749999997,3256.8631347656246,833.3871167394484
splitwise_strict,80,3,2,0,splitwise_strict/node_3_2_0.npy,splitwise_style_lut,splitwise_prompt_biased_preemptive_fifo,12633,80762,evaluated,,345600,571.6218749999997,3256.873286132812,833.9179481412729
splitwise_strict,81,3,2,1,splitwise_strict/node_3_2_1.npy,splitwise_style_lut,splitwise_prompt_biased_preemptive_fifo,12782,81771,evaluated,,345600,571.6218749999997,3256.8303568267816,838.2506359014827
splitwise_strict,82,3,2,2,splitwise_strict/node_3_2_2.npy,splitwise_style_lut,splitwise_prompt_biased_preemptive_fifo,12915,82780,evaluated,,345600,571.6218749999997,3256.8631347656246,838.0013511328062
splitwise_strict,83,3,2,3,splitwise_strict/node_3_2_3.npy,splitwise_style_lut,splitwise_prompt_biased_preemptive_fifo,12649,83789,evaluated,,345600,571.6218749999997,3256.8631347656246,828.3701546842581
splitwise_strict,84,3,3,0,splitwise_strict/node_3_3_0.npy,splitwise_style_lut,splitwise_prompt_biased_preemptive_fifo,12772,84798,evaluated,,345600,571.6218749999997,3256.8834374999997,825.9385075845281
splitwise_strict,85,3,3,1,splitwise_strict/node_3_3_1.npy,splitwise_style_lut,splitwise_prompt_biased_preemptive_fifo,12806,85807,evaluated,,345600,571.6218749999997,3256.8834374999997,834.481511814296
splitwise_strict,86,3,3,2,splitwise_strict/node_3_3_2.npy,splitwise_style_lut,splitwise_prompt_biased_preemptive_fifo,12690,86816,evaluated,,345600,571.6218749999997,3256.873286132812,830.5969158138862
splitwise_strict,87,3,3,3,splitwise_strict/node_3_3_3.npy,splitwise_style_lut,splitwise_prompt_biased_preemptive_fifo,12672,87825,evaluated,,345600,571.6218749999997,3256.873286132812,830.5124260024978
splitwise_strict,88,3,4,0,splitwise_strict/node_3_4_0.npy,splitwise_style_lut,splitwise_prompt_biased_preemptive_fifo,12890,88834,evaluated,,345600,571.6218749999997,3256.873286132812,834.3230607962532
splitwise_strict,89,3,4,1,splitwise_strict/node_3_4_1.npy,splitwise_style_lut,splitwise_prompt_biased_preemptive_fifo,12719,89843,evaluated,,345600,571.6218749999997,3256.8834374999997,826.8724683234042
splitwise_strict,90,3,4,2,splitwise_strict/node_3_4_2.npy,splitwise_style_lut,splitwise_prompt_biased_preemptive_fifo,12750,90852,evaluated,,345600,571.6218749999997,3256.873286132812,833.4864588286271
splitwise_strict,91,3,4,3,splitwise_strict/node_3_4_3.npy,splitwise_style_lut,splitwise_prompt_biased_preemptive_fifo,12779,91861,evaluated,,345600,571.6218749999997,3256.8834374999997,827.557686581169
splitwise_strict,92,3,5,0,splitwise_strict/node_3_5_0.npy,splitwise_style_lut,splitwise_prompt_biased_preemptive_fifo,12853,92870,evaluated,,345600,571.6218749999997,3256.8631347656246,835.1187254921674
splitwise_strict,93,3,5,1,splitwise_strict/node_3_5_1.npy,splitwise_style_lut,splitwise_prompt_biased_preemptive_fifo,12657,93879,evaluated,,345600,571.6218749999997,3256.873286132812,836.5107429338273
splitwise_strict,94,3,5,2,splitwise_strict/node_3_5_2.npy,splitwise_style_lut,splitwise_prompt_biased_preemptive_fifo,12857,94888,evaluated,,345600,571.6218749999997,3256.8834374999997,836.6683442144474
splitwise_strict,95,3,5,3,splitwise_strict/node_3_5_3.npy,splitwise_style_lut,splitwise_prompt_biased_preemptive_fifo,12901,95897,evaluated,,345600,571.6218749999997,3256.8631347656246,838.6471180690895
splitwise_strict,96,4,0,0,splitwise_strict/node_4_0_0.npy,splitwise_style_lut,splitwise_prompt_biased_preemptive_fifo,12954,96906,evaluated,,345600,571.6218749999997,3256.852983398437,830.9503796719683
splitwise_strict,97,4,0,1,splitwise_strict/node_4_0_1.npy,splitwise_style_lut,splitwise_prompt_biased_preemptive_fifo,12860,97915,evaluated,,345600,571.6218749999997,3256.8834374999997,834.4708764118744
splitwise_strict,98,4,0,2,splitwise_strict/node_4_0_2.npy,splitwise_style_lut,splitwise_prompt_biased_preemptive_fifo,12556,98924,evaluated,,345600,571.6218749999997,3256.8834374999997,826.4961132559994
splitwise_strict,99,4,0,3,splitwise_strict/node_4_0_3.npy,splitwise_style_lut,splitwise_prompt_biased_preemptive_fifo,12972,99933,evaluated,,345600,571.6218749999997,3256.873286132812,834.0724337104642
splitwise_strict,100,4,1,0,splitwise_strict/node_4_1_0.npy,splitwise_style_lut,splitwise_prompt_biased_preemptive_fifo,12890,100942,evaluated,,345600,571.6218749999997,3256.873286132812,835.5720068548105
splitwise_strict,101,4,1,1,splitwise_strict/node_4_1_1.npy,splitwise_style_lut,splitwise_prompt_biased_preemptive_fifo,12892,101951,evaluated,,345600,571.6218749999997,3256.8834374999997,832.2184777821709
splitwise_strict,102,4,1,2,splitwise_strict/node_4_1_2.npy,splitwise_style_lut,splitwise_prompt_biased_preemptive_fifo,12722,102960,evaluated,,345600,571.6218749999997,3256.8631347656246,831.760269273274
splitwise_strict,103,4,1,3,splitwise_strict/node_4_1_3.npy,splitwise_style_lut,splitwise_prompt_biased_preemptive_fifo,12985,103969,evaluated,,345600,571.6218749999997,3256.873286132812,833.5452064839055
splitwise_strict,104,4,2,0,splitwise_strict/node_4_2_0.npy,splitwise_style_lut,splitwise_prompt_biased_preemptive_fifo,12781,104978,evaluated,,345600,571.6218749999997,3256.873286132812,832.9692477127907
splitwise_strict,105,4,2,1,splitwise_strict/node_4_2_1.npy,splitwise_style_lut,splitwise_prompt_biased_preemptive_fifo,12879,105987,evaluated,,345600,571.6218749999997,3256.8631347656246,830.0311788839099
splitwise_strict,106,4,2,2,splitwise_strict/node_4_2_2.npy,splitwise_style_lut,splitwise_prompt_biased_preemptive_fifo,12908,106996,evaluated,,345600,571.6218749999997,3256.8834374999997,835.4725053564493
splitwise_strict,107,4,2,3,splitwise_strict/node_4_2_3.npy,splitwise_style_lut,splitwise_prompt_biased_preemptive_fifo,12712,108005,evaluated,,345600,571.6218749999997,3256.852983398437,827.9928243243422
splitwise_strict,108,4,3,0,splitwise_strict/node_4_3_0.npy,splitwise_style_lut,splitwise_prompt_biased_preemptive_fifo,12934,109014,evaluated,,345600,571.6218749999997,3256.8834374999997,837.2875777882484
splitwise_strict,109,4,3,1,splitwise_strict/node_4_3_1.npy,splitwise_style_lut,splitwise_prompt_biased_preemptive_fifo,12802,110023,evaluated,,345600,571.6218749999997,3256.8834374999997,832.0813244899723
splitwise_strict,110,4,3,2,splitwise_strict/node_4_3_2.npy,splitwise_style_lut,splitwise_prompt_biased_preemptive_fifo,12673,111032,evaluated,,345600,571.6218749999997,3256.8834374999997,831.431973984802
splitwise_strict,111,4,3,3,splitwise_strict/node_4_3_3.npy,splitwise_style_lut,splitwise_prompt_biased_preemptive_fifo,12740,112041,evaluated,,345600,571.6218749999997,3256.873286132812,829.363131685062
splitwise_strict,112,4,4,0,splitwise_strict/node_4_4_0.npy,splitwise_style_lut,splitwise_prompt_biased_preemptive_fifo,12824,113050,evaluated,,345600,571.6218749999997,3256.873286132812,836.0153751469059
splitwise_strict,113,4,4,1,splitwise_strict/node_4_4_1.npy,splitwise_style_lut,splitwise_prompt_biased_preemptive_fifo,12847,114059,evaluated,,345600,571.6218749999997,3256.8834374999997,832.969342961852
splitwise_strict,114,4,4,2,splitwise_strict/node_4_4_2.npy,splitwise_style_lut,splitwise_prompt_biased_preemptive_fifo,12849,115068,evaluated,,345600,571.6218749999997,3256.8834374999997,839.3847770470106
splitwise_strict,115,4,4,3,splitwise_strict/node_4_4_3.npy,splitwise_style_lut,splitwise_prompt_biased_preemptive_fifo,12934,116077,evaluated,,345600,571.6218749999997,3256.8834374999997,842.8952719879939
splitwise_strict,116,4,5,0,splitwise_strict/node_4_5_0.npy,splitwise_style_lut,splitwise_prompt_biased_preemptive_fifo,12835,117086,evaluated,,345600,571.6218749999997,3256.873286132812,831.7951118111768
splitwise_strict,117,4,5,1,splitwise_strict/node_4_5_1.npy,splitwise_style_lut,splitwise_prompt_biased_preemptive_fifo,12913,118095,evaluated,,345600,571.6218749999997,3256.8834374999997,832.4628543383161
splitwise_strict,118,4,5,2,splitwise_strict/node_4_5_2.npy,splitwise_style_lut,splitwise_prompt_biased_preemptive_fifo,12951,119104,evaluated,,345600,571.6218749999997,3256.8834374999997,833.3620719404446
splitwise_strict,119,4,5,3,splitwise_strict/node_4_5_3.npy,splitwise_style_lut,splitwise_prompt_biased_preemptive_fifo,12822,120113,evaluated,,345600,571.6218749999997,3256.8834374999997,831.5781459387606
splitwise_strict,120,5,0,0,splitwise_strict/node_5_0_0.npy,splitwise_style_lut,splitwise_prompt_biased_preemptive_fifo,12868,121122,evaluated,,345600,571.6218749999997,3256.8834374999997,832.9727882301594
splitwise_strict,121,5,0,1,splitwise_strict/node_5_0_1.npy,splitwise_style_lut,splitwise_prompt_biased_preemptive_fifo,12866,122131,evaluated,,345600,571.6218749999997,3256.852983398437,836.3179133452746
splitwise_strict,122,5,0,2,splitwise_strict/node_5_0_2.npy,splitwise_style_lut,splitwise_prompt_biased_preemptive_fifo,12792,123140,evaluated,,345600,571.6218749999997,3256.8834374999997,829.9337893085641
splitwise_strict,123,5,0,3,splitwise_strict/node_5_0_3.npy,splitwise_style_lut,splitwise_prompt_biased_preemptive_fifo,12806,124149,evaluated,,345600,571.6218749999997,3256.873286132812,834.4617839452609
splitwise_strict,124,5,1,0,splitwise_strict/node_5_1_0.npy,splitwise_style_lut,splitwise_prompt_biased_preemptive_fifo,12824,125158,evaluated,,345600,571.6218749999997,3256.8834374999997,837.1552621280794
splitwise_strict,125,5,1,1,splitwise_strict/node_5_1_1.npy,splitwise_style_lut,splitwise_prompt_biased_preemptive_fifo,12711,126167,evaluated,,345600,571.6218749999997,3256.8631347656246,834.0264432994268
splitwise_strict,126,5,1,2,splitwise_strict/node_5_1_2.npy,splitwise_style_lut,splitwise_prompt_biased_preemptive_fifo,12805,127176,evaluated,,345600,571.6218749999997,3256.8834374999997,832.2430395155217
splitwise_strict,127,5,1,3,splitwise_strict/node_5_1_3.npy,splitwise_style_lut,splitwise_prompt_biased_preemptive_fifo,12927,128185,evaluated,,345600,571.6218749999997,3256.8834374999997,838.56412557379
splitwise_strict,128,5,2,0,splitwise_strict/node_5_2_0.npy,splitwise_style_lut,splitwise_prompt_biased_preemptive_fifo,12763,129194,evaluated,,345600,571.6218749999997,3256.8631347656246,829.7538336358273
splitwise_strict,129,5,2,1,splitwise_strict/node_5_2_1.npy,splitwise_style_lut,splitwise_prompt_biased_preemptive_fifo,12733,130203,evaluated,,345600,571.6218749999997,3256.8834374999997,830.8636908112915
splitwise_strict,130,5,2,2,splitwise_strict/node_5_2_2.npy,splitwise_style_lut,splitwise_prompt_biased_preemptive_fifo,13072,131212,evaluated,,345600,571.6218749999997,3256.8631347656246,837.7800788197111
splitwise_strict,131,5,2,3,splitwise_strict/node_5_2_3.npy,splitwise_style_lut,splitwise_prompt_biased_preemptive_fifo,12832,132221,evaluated,,345600,571.6218749999997,3256.873286132812,832.0316987429437
splitwise_strict,132,5,3,0,splitwise_strict/node_5_3_0.npy,splitwise_style_lut,splitwise_prompt_biased_preemptive_fifo,13002,133230,evaluated,,345600,571.6218749999997,3256.873286132812,839.9520261697412
splitwise_strict,133,5,3,1,splitwise_strict/node_5_3_1.npy,splitwise_style_lut,splitwise_prompt_biased_preemptive_fifo,12879,134239,evaluated,,345600,571.6218749999997,3256.873286132812,831.6749317763226
splitwise_strict,134,5,3,2,splitwise_strict/node_5_3_2.npy,splitwise_style_lut,splitwise_prompt_biased_preemptive_fifo,12777,135248,evaluated,,345600,571.6218749999997,3256.8303568267816,830.1361760947123
splitwise_strict,135,5,3,3,splitwise_strict/node_5_3_3.npy,splitwise_style_lut,splitwise_prompt_biased_preemptive_fifo,13029,136257,evaluated,,345600,571.6218749999997,3256.8834374999997,835.9360355177142
splitwise_strict,136,5,4,0,splitwise_strict/node_5_4_0.npy,splitwise_style_lut,splitwise_prompt_biased_preemptive_fifo,12792,137266,evaluated,,345600,571.6218749999997,3256.873286132812,829.6953396876623
splitwise_strict,137,5,4,1,splitwise_strict/node_5_4_1.npy,splitwise_style_lut,splitwise_prompt_biased_preemptive_fifo,12753,138275,evaluated,,345600,571.6218749999997,3256.8428320312496,835.0217589886088
splitwise_strict,138,5,4,2,splitwise_strict/node_5_4_2.npy,splitwise_style_lut,splitwise_prompt_biased_preemptive_fifo,12847,139284,evaluated,,345600,571.6218749999997,3256.8834374999997,836.6675689773817
splitwise_strict,139,5,4,3,splitwise_strict/node_5_4_3.npy,splitwise_style_lut,splitwise_prompt_biased_preemptive_fifo,13027,140293,evaluated,,345600,571.6218749999997,3256.8834374999997,833.902637664997
splitwise_strict,140,5,5,0,splitwise_strict/node_5_5_0.npy,splitwise_style_lut,splitwise_prompt_biased_preemptive_fifo,12764,141302,evaluated,,345600,571.6218749999997,3256.8631347656246,831.786110090861
splitwise_strict,141,5,5,1,splitwise_strict/node_5_5_1.npy,splitwise_style_lut,splitwise_prompt_biased_preemptive_fifo,12791,142311,evaluated,,345600,571.6218749999997,3256.873286132812,832.1348143925535
splitwise_strict,142,5,5,2,splitwise_strict/node_5_5_2.npy,splitwise_style_lut,splitwise_prompt_biased_preemptive_fifo,12826,143320,evaluated,,345600,571.6218749999997,3256.852983398437,836.1465972111165
splitwise_strict,143,5,5,3,splitwise_strict/node_5_5_3.npy,splitwise_style_lut,splitwise_prompt_biased_preemptive_fifo,12951,144329,evaluated,,345600,571.6218749999997,3256.873286132812,836.2813033091403
splitwise_strict,144,6,0,0,splitwise_strict/node_6_0_0.npy,splitwise_style_lut,splitwise_prompt_biased_preemptive_fifo,12803,145338,evaluated,,345600,571.6218749999997,3256.8834374999997,834.9073658655128
splitwise_strict,145,6,0,1,splitwise_strict/node_6_0_1.npy,splitwise_style_lut,splitwise_prompt_biased_preemptive_fifo,12904,146347,evaluated,,345600,571.6218749999997,3256.852983398437,833.0070370296089
splitwise_strict,146,6,0,2,splitwise_strict/node_6_0_2.npy,splitwise_style_lut,splitwise_prompt_biased_preemptive_fifo,12801,147356,evaluated,,345600,571.6218749999997,3256.8834374999997,827.9848431882693
splitwise_strict,147,6,0,3,splitwise_strict/node_6_0_3.npy,splitwise_style_lut,splitwise_prompt_biased_preemptive_fifo,12867,148365,evaluated,,345600,571.6218749999997,3256.8834374999997,837.4887257947173
splitwise_strict,148,6,1,0,splitwise_strict/node_6_1_0.npy,splitwise_style_lut,splitwise_prompt_biased_preemptive_fifo,12855,149374,evaluated,,345600,571.6218749999997,3256.873286132812,832.4484196091879
splitwise_strict,149,6,1,1,splitwise_strict/node_6_1_1.npy,splitwise_style_lut,splitwise_prompt_biased_preemptive_fifo,12708,150383,evaluated,,345600,571.6218749999997,3256.873286132812,830.7763913513434
splitwise_strict,150,6,1,2,splitwise_strict/node_6_1_2.npy,splitwise_style_lut,splitwise_prompt_biased_preemptive_fifo,12965,151392,evaluated,,345600,571.6218749999997,3256.8834374999997,830.5658747902137
splitwise_strict,151,6,1,3,splitwise_strict/node_6_1_3.npy,splitwise_style_lut,splitwise_prompt_biased_preemptive_fifo,12870,152401,evaluated,,345600,571.6218749999997,3256.8834374999997,833.1270091841513
splitwise_strict,152,6,2,0,splitwise_strict/node_6_2_0.npy,splitwise_style_lut,splitwise_prompt_biased_preemptive_fifo,12733,153410,evaluated,,345600,571.6218749999997,3256.852983398437,835.5118459046746
splitwise_strict,153,6,2,1,splitwise_strict/node_6_2_1.npy,splitwise_style_lut,splitwise_prompt_biased_preemptive_fifo,12874,154419,evaluated,,345600,571.6218749999997,3256.8631347656246,838.5253647491476
splitwise_strict,154,6,2,2,splitwise_strict/node_6_2_2.npy,splitwise_style_lut,splitwise_prompt_biased_preemptive_fifo,12831,155428,evaluated,,345600,571.6218749999997,3256.873286132812,836.2704214236047
splitwise_strict,155,6,2,3,splitwise_strict/node_6_2_3.npy,splitwise_style_lut,splitwise_prompt_biased_preemptive_fifo,12827,156437,evaluated,,345600,571.6218749999997,3256.8834374999997,835.513415892269
splitwise_strict,156,6,3,0,splitwise_strict/node_6_3_0.npy,splitwise_style_lut,splitwise_prompt_biased_preemptive_fifo,12928,157446,evaluated,,345600,571.6218749999997,3256.8631347656246,838.4090862250571
splitwise_strict,157,6,3,1,splitwise_strict/node_6_3_1.npy,splitwise_style_lut,splitwise_prompt_biased_preemptive_fifo,12781,158455,evaluated,,345600,571.6218749999997,3256.873286132812,833.1988972839423
splitwise_strict,158,6,3,2,splitwise_strict/node_6_3_2.npy,splitwise_style_lut,splitwise_prompt_biased_preemptive_fifo,12791,159464,evaluated,,345600,571.6218749999997,3256.873286132812,830.9608672228114
splitwise_strict,159,6,3,3,splitwise_strict/node_6_3_3.npy,splitwise_style_lut,splitwise_prompt_biased_preemptive_fifo,12768,160473,evaluated,,345600,571.6218749999997,3256.873286132812,830.6762622253207
splitwise_strict,160,6,4,0,splitwise_strict/node_6_4_0.npy,splitwise_style_lut,splitwise_prompt_biased_preemptive_fifo,13037,161482,evaluated,,345600,571.6218749999997,3256.8834374999997,840.509316726081
splitwise_strict,161,6,4,1,splitwise_strict/node_6_4_1.npy,splitwise_style_lut,splitwise_prompt_biased_preemptive_fifo,12838,162491,evaluated,,345600,571.6218749999997,3256.873286132812,833.5187689505856
splitwise_strict,162,6,4,2,splitwise_strict/node_6_4_2.npy,splitwise_style_lut,splitwise_prompt_biased_preemptive_fifo,12809,163500,evaluated,,345600,571.6218749999997,3256.8834374999997,836.6559897429462
splitwise_strict,163,6,4,3,splitwise_strict/node_6_4_3.npy,splitwise_style_lut,splitwise_prompt_biased_preemptive_fifo,12798,164509,evaluated,,345600,571.6218749999997,3256.873286132812,831.4717750191471
splitwise_strict,164,6,5,0,splitwise_strict/node_6_5_0.npy,splitwise_style_lut,splitwise_prompt_biased_preemptive_fifo,12824,165518,evaluated,,345600,571.6218749999997,3256.8834374999997,836.656786674706
splitwise_strict,165,6,5,1,splitwise_strict/node_6_5_1.npy,splitwise_style_lut,splitwise_prompt_biased_preemptive_fifo,12860,166527,evaluated,,345600,571.6218749999997,3256.8631347656246,835.0418577596691
splitwise_strict,166,6,5,2,splitwise_strict/node_6_5_2.npy,splitwise_style_lut,splitwise_prompt_biased_preemptive_fifo,12620,167536,evaluated,,345600,571.6218749999997,3256.8631347656246,829.8463138317
splitwise_strict,167,6,5,3,splitwise_strict/node_6_5_3.npy,splitwise_style_lut,splitwise_prompt_biased_preemptive_fifo,12676,168545,evaluated,,345600,571.6218749999997,3256.8631347656246,833.3041590254778
splitwise_strict,168,7,0,0,splitwise_strict/node_7_0_0.npy,splitwise_style_lut,splitwise_prompt_biased_preemptive_fifo,13054,169554,evaluated,,345600,571.6218749999997,3256.8428320312496,838.4714139550571
splitwise_strict,169,7,0,1,splitwise_strict/node_7_0_1.npy,splitwise_style_lut,splitwise_prompt_biased_preemptive_fifo,12675,170563,evaluated,,345600,571.6218749999997,3256.8834374999997,830.3932187759804
splitwise_strict,170,7,0,2,splitwise_strict/node_7_0_2.npy,splitwise_style_lut,splitwise_prompt_biased_preemptive_fifo,12961,171572,evaluated,,345600,571.6218749999997,3256.8834374999997,833.7510400334214
splitwise_strict,171,7,0,3,splitwise_strict/node_7_0_3.npy,splitwise_style_lut,splitwise_prompt_biased_preemptive_fifo,12730,172581,evaluated,,345600,571.6218749999997,3256.8834374999997,832.7126631168862
splitwise_strict,172,7,1,0,splitwise_strict/node_7_1_0.npy,splitwise_style_lut,splitwise_prompt_biased_preemptive_fifo,12694,173590,evaluated,,345600,571.6218749999997,3256.873286132812,832.6550847155803
splitwise_strict,173,7,1,1,splitwise_strict/node_7_1_1.npy,splitwise_style_lut,splitwise_prompt_biased_preemptive_fifo,12703,174599,evaluated,,345600,571.6218749999997,3256.8834374999997,828.1497644113192
splitwise_strict,174,7,1,2,splitwise_strict/node_7_1_2.npy,splitwise_style_lut,splitwise_prompt_biased_preemptive_fifo,12852,175608,evaluated,,345600,571.6218749999997,3256.873286132812,837.3939662632774
splitwise_strict,175,7,1,3,splitwise_strict/node_7_1_3.npy,splitwise_style_lut,splitwise_prompt_biased_preemptive_fifo,12890,176617,evaluated,,345600,571.6218749999997,3256.812377929687,835.9245185585554
splitwise_strict,176,7,2,0,splitwise_strict/node_7_2_0.npy,splitwise_style_lut,splitwise_prompt_biased_preemptive_fifo,12623,177626,evaluated,,345600,571.6218749999997,3256.8834374999997,828.8780404164228
splitwise_strict,177,7,2,1,splitwise_strict/node_7_2_1.npy,splitwise_style_lut,splitwise_prompt_biased_preemptive_fifo,12698,178635,evaluated,,345600,571.6218749999997,3256.8303568267816,830.3573921938386
splitwise_strict,178,7,2,2,splitwise_strict/node_7_2_2.npy,splitwise_style_lut,splitwise_prompt_biased_preemptive_fifo,12776,179644,evaluated,,345600,571.6218749999997,3256.8834374999997,829.576126116097
splitwise_strict,179,7,2,3,splitwise_strict/node_7_2_3.npy,splitwise_style_lut,splitwise_prompt_biased_preemptive_fifo,12789,180653,evaluated,,345600,571.6218749999997,3256.8834374999997,831.5861825729587
splitwise_strict,180,7,3,0,splitwise_strict/node_7_3_0.npy,splitwise_style_lut,splitwise_prompt_biased_preemptive_fifo,12673,181662,evaluated,,345600,571.6218749999997,3256.852983398437,831.1707625412025
splitwise_strict,181,7,3,1,splitwise_strict/node_7_3_1.npy,splitwise_style_lut,splitwise_prompt_biased_preemptive_fifo,12962,182671,evaluated,,345600,571.6218749999997,3256.8834374999997,835.0959582584743
splitwise_strict,182,7,3,2,splitwise_strict/node_7_3_2.npy,splitwise_style_lut,splitwise_prompt_biased_preemptive_fifo,12866,183680,evaluated,,345600,571.6218749999997,3256.8428320312496,838.2435242097171
splitwise_strict,183,7,3,3,splitwise_strict/node_7_3_3.npy,splitwise_style_lut,splitwise_prompt_biased_preemptive_fifo,12628,184689,evaluated,,345600,571.6218749999997,3256.8834374999997,831.5513351852585
splitwise_strict,184,7,4,0,splitwise_strict/node_7_4_0.npy,splitwise_style_lut,splitwise_prompt_biased_preemptive_fifo,12864,185698,evaluated,,345600,571.6218749999997,3256.8631347656246,826.8925813827908
splitwise_strict,185,7,4,1,splitwise_strict/node_7_4_1.npy,splitwise_style_lut,splitwise_prompt_biased_preemptive_fifo,12824,186707,evaluated,,345600,571.6218749999997,3256.873286132812,837.538644508483
splitwise_strict,186,7,4,2,splitwise_strict/node_7_4_2.npy,splitwise_style_lut,splitwise_prompt_biased_preemptive_fifo,12713,187716,evaluated,,345600,571.6218749999997,3256.8834374999997,827.8790993983193
splitwise_strict,187,7,4,3,splitwise_strict/node_7_4_3.npy,splitwise_style_lut,splitwise_prompt_biased_preemptive_fifo,12932,188725,evaluated,,345600,571.6218749999997,3256.873286132812,835.4826398351407
splitwise_strict,188,7,5,0,splitwise_strict/node_7_5_0.npy,splitwise_style_lut,splitwise_prompt_biased_preemptive_fifo,12897,189734,evaluated,,345600,571.6218749999997,3256.8631347656246,836.8863357004064
splitwise_strict,189,7,5,1,splitwise_strict/node_7_5_1.npy,splitwise_style_lut,splitwise_prompt_biased_preemptive_fifo,12611,190743,evaluated,,345600,571.6218749999997,3256.8834374999997,832.4228083752502
splitwise_strict,190,7,5,2,splitwise_strict/node_7_5_2.npy,splitwise_style_lut,splitwise_prompt_biased_preemptive_fifo,12811,191752,evaluated,,345600,571.6218749999997,3256.8834374999997,834.2248829087288
splitwise_strict,191,7,5,3,splitwise_strict/node_7_5_3.npy,splitwise_style_lut,splitwise_prompt_biased_preemptive_fifo,12946,192761,evaluated,,345600,571.6218749999997,3256.873286132812,829.3012136056947
splitwise_strict,192,8,0,0,splitwise_strict/node_8_0_0.npy,splitwise_style_lut,splitwise_prompt_biased_preemptive_fifo,12730,193770,evaluated,,345600,571.6218749999997,3256.8631347656246,825.502637979029
splitwise_strict,193,8,0,1,splitwise_strict/node_8_0_1.npy,splitwise_style_lut,splitwise_prompt_biased_preemptive_fifo,12919,194779,evaluated,,345600,571.6218749999997,3256.873286132812,835.7183060730661
splitwise_strict,194,8,0,2,splitwise_strict/node_8_0_2.npy,splitwise_style_lut,splitwise_prompt_biased_preemptive_fifo,12511,195788,evaluated,,345600,571.6218749999997,3256.8834374999997,829.3893993793985
splitwise_strict,195,8,0,3,splitwise_strict/node_8_0_3.npy,splitwise_style_lut,splitwise_prompt_biased_preemptive_fifo,12696,196797,evaluated,,345600,571.6218749999997,3256.873286132812,829.9123338618523
splitwise_strict,196,8,1,0,splitwise_strict/node_8_1_0.npy,splitwise_style_lut,splitwise_prompt_biased_preemptive_fifo,12917,197806,evaluated,,345600,571.6218749999997,3256.873286132812,832.7826811829202
splitwise_strict,197,8,1,1,splitwise_strict/node_8_1_1.npy,splitwise_style_lut,splitwise_prompt_biased_preemptive_fifo,12800,198815,evaluated,,345600,571.6218749999997,3256.8834374999997,832.6666748644108
splitwise_strict,198,8,1,2,splitwise_strict/node_8_1_2.npy,splitwise_style_lut,splitwise_prompt_biased_preemptive_fifo,12817,199824,evaluated,,345600,571.6218749999997,3256.8834374999997,832.2112445385605
splitwise_strict,199,8,1,3,splitwise_strict/node_8_1_3.npy,splitwise_style_lut,splitwise_prompt_biased_preemptive_fifo,12757,200833,evaluated,,345600,571.6218749999997,3256.873286132812,833.1775911705416
splitwise_strict,200,8,2,0,splitwise_strict/node_8_2_0.npy,splitwise_style_lut,splitwise_prompt_biased_preemptive_fifo,13007,201842,evaluated,,345600,571.6218749999997,3256.8834374999997,839.6499787833085
splitwise_strict,201,8,2,1,splitwise_strict/node_8_2_1.npy,splitwise_style_lut,splitwise_prompt_biased_preemptive_fifo,12896,202851,evaluated,,345600,571.6218749999997,3256.8631347656246,834.9044423151937
splitwise_strict,202,8,2,2,splitwise_strict/node_8_2_2.npy,splitwise_style_lut,splitwise_prompt_biased_preemptive_fifo,12628,203860,evaluated,,345600,571.6218749999997,3256.8631347656246,832.1430200935312
splitwise_strict,203,8,2,3,splitwise_strict/node_8_2_3.npy,splitwise_style_lut,splitwise_prompt_biased_preemptive_fifo,12953,204869,evaluated,,345600,571.6218749999997,3256.8631347656246,835.9436117372894
splitwise_strict,204,8,3,0,splitwise_strict/node_8_3_0.npy,splitwise_style_lut,splitwise_prompt_biased_preemptive_fifo,12616,205878,evaluated,,345600,571.6218749999997,3256.8631347656246,834.0644594721215
splitwise_strict,205,8,3,1,splitwise_strict/node_8_3_1.npy,splitwise_style_lut,splitwise_prompt_biased_preemptive_fifo,12862,206887,evaluated,,345600,571.6218749999997,3256.873286132812,837.5206007702153
splitwise_strict,206,8,3,2,splitwise_strict/node_8_3_2.npy,splitwise_style_lut,splitwise_prompt_biased_preemptive_fifo,12932,207896,evaluated,,345600,571.6218749999997,3256.8631347656246,833.4394757989156
splitwise_strict,207,8,3,3,splitwise_strict/node_8_3_3.npy,splitwise_style_lut,splitwise_prompt_biased_preemptive_fifo,12782,208905,evaluated,,345600,571.6218749999997,3256.873286132812,832.3782063885756
splitwise_strict,208,8,4,0,splitwise_strict/node_8_4_0.npy,splitwise_style_lut,splitwise_prompt_biased_preemptive_fifo,12816,209914,evaluated,,345600,571.6218749999997,3256.76162109375,831.5581886719438
splitwise_strict,209,8,4,1,splitwise_strict/node_8_4_1.npy,splitwise_style_lut,splitwise_prompt_biased_preemptive_fifo,12844,210923,evaluated,,345600,571.6218749999997,3256.8631347656246,838.4899425367806
splitwise_strict,210,8,4,2,splitwise_strict/node_8_4_2.npy,splitwise_style_lut,splitwise_prompt_biased_preemptive_fifo,12848,211932,evaluated,,345600,571.6218749999997,3256.8834374999997,832.5386088283148
splitwise_strict,211,8,4,3,splitwise_strict/node_8_4_3.npy,splitwise_style_lut,splitwise_prompt_biased_preemptive_fifo,12875,212941,evaluated,,345600,571.6218749999997,3256.873286132812,834.6628358548832
splitwise_strict,212,8,5,0,splitwise_strict/node_8_5_0.npy,splitwise_style_lut,splitwise_prompt_biased_preemptive_fifo,12863,213950,evaluated,,345600,571.6218749999997,3256.873286132812,831.3315210051717
splitwise_strict,213,8,5,1,splitwise_strict/node_8_5_1.npy,splitwise_style_lut,splitwise_prompt_biased_preemptive_fifo,12710,214959,evaluated,,345600,571.6218749999997,3256.8834374999997,829.8425602903587
splitwise_strict,214,8,5,2,splitwise_strict/node_8_5_2.npy,splitwise_style_lut,splitwise_prompt_biased_preemptive_fifo,12908,215968,evaluated,,345600,571.6218749999997,3256.873286132812,833.0256047319631
splitwise_strict,215,8,5,3,splitwise_strict/node_8_5_3.npy,splitwise_style_lut,splitwise_prompt_biased_preemptive_fifo,12729,216977,evaluated,,345600,571.6218749999997,3256.873286132812,830.2077628319594
splitwise_strict,216,9,0,0,splitwise_strict/node_9_0_0.npy,splitwise_style_lut,splitwise_prompt_biased_preemptive_fifo,12884,217986,evaluated,,345600,571.6218749999997,3256.8631347656246,838.3527170907463
splitwise_strict,217,9,0,1,splitwise_strict/node_9_0_1.npy,splitwise_style_lut,splitwise_prompt_biased_preemptive_fifo,12549,218995,evaluated,,345600,571.6218749999997,3256.8834374999997,824.4278714576379
splitwise_strict,218,9,0,2,splitwise_strict/node_9_0_2.npy,splitwise_style_lut,splitwise_prompt_biased_preemptive_fifo,12763,220004,evaluated,,345600,571.6218749999997,3256.873286132812,830.849720367331
splitwise_strict,219,9,0,3,splitwise_strict/node_9_0_3.npy,splitwise_style_lut,splitwise_prompt_biased_preemptive_fifo,12866,221013,evaluated,,345600,571.6218749999997,3256.8631347656246,836.596858150177
splitwise_strict,220,9,1,0,splitwise_strict/node_9_1_0.npy,splitwise_style_lut,splitwise_prompt_biased_preemptive_fifo,12846,222022,evaluated,,345600,571.6218749999997,3256.873286132812,833.8683100488761
splitwise_strict,221,9,1,1,splitwise_strict/node_9_1_1.npy,splitwise_style_lut,splitwise_prompt_biased_preemptive_fifo,12919,223031,evaluated,,345600,571.6218749999997,3256.8225292968746,838.6822901669227
splitwise_strict,222,9,1,2,splitwise_strict/node_9_1_2.npy,splitwise_style_lut,splitwise_prompt_biased_preemptive_fifo,12788,224040,evaluated,,345600,571.6218749999997,3256.873286132812,831.1741960499296
splitwise_strict,223,9,1,3,splitwise_strict/node_9_1_3.npy,splitwise_style_lut,splitwise_prompt_biased_preemptive_fifo,12535,225049,evaluated,,345600,571.6218749999997,3256.8834374999997,835.252556477554
splitwise_strict,224,9,2,0,splitwise_strict/node_9_2_0.npy,splitwise_style_lut,splitwise_prompt_biased_preemptive_fifo,12724,226058,evaluated,,345600,571.6218749999997,3256.8834374999997,832.0349031945498
splitwise_strict,225,9,2,1,splitwise_strict/node_9_2_1.npy,splitwise_style_lut,splitwise_prompt_biased_preemptive_fifo,12621,227067,evaluated,,345600,571.6218749999997,3256.873286132812,829.6722926300337
splitwise_strict,226,9,2,2,splitwise_strict/node_9_2_2.npy,splitwise_style_lut,splitwise_prompt_biased_preemptive_fifo,12493,228076,evaluated,,345600,571.6218749999997,3256.8834374999997,829.0504895399487
splitwise_strict,227,9,2,3,splitwise_strict/node_9_2_3.npy,splitwise_style_lut,splitwise_prompt_biased_preemptive_fifo,12755,229085,evaluated,,345600,571.6218749999997,3256.8631347656246,838.1560865679271
splitwise_strict,228,9,3,0,splitwise_strict/node_9_3_0.npy,splitwise_style_lut,splitwise_prompt_biased_preemptive_fifo,12790,230094,evaluated,,345600,571.6218749999997,3256.8834374999997,828.3698998017954
splitwise_strict,229,9,3,1,splitwise_strict/node_9_3_1.npy,splitwise_style_lut,splitwise_prompt_biased_preemptive_fifo,12837,231103,evaluated,,345600,571.6218749999997,3256.8834374999997,829.0902709992529
splitwise_strict,230,9,3,2,splitwise_strict/node_9_3_2.npy,splitwise_style_lut,splitwise_prompt_biased_preemptive_fifo,12915,232112,evaluated,,345600,571.6218749999997,3256.8022265624995,833.5378655023335
splitwise_strict,231,9,3,3,splitwise_strict/node_9_3_3.npy,splitwise_style_lut,splitwise_prompt_biased_preemptive_fifo,12863,233121,evaluated,,345600,571.6218749999997,3256.873286132812,831.2915628987993
splitwise_strict,232,9,4,0,splitwise_strict/node_9_4_0.npy,splitwise_style_lut,splitwise_prompt_biased_preemptive_fifo,13044,234130,evaluated,,345600,571.6218749999997,3256.8834374999997,837.6810367795929
splitwise_strict,233,9,4,1,splitwise_strict/node_9_4_1.npy,splitwise_style_lut,splitwise_prompt_biased_preemptive_fifo,12814,235139,evaluated,,345600,571.6218749999997,3256.873286132812,831.1755969932374
splitwise_strict,234,9,4,2,splitwise_strict/node_9_4_2.npy,splitwise_style_lut,splitwise_prompt_biased_preemptive_fifo,12660,236148,evaluated,,345600,571.6218749999997,3256.8631347656246,829.2364181707214
splitwise_strict,235,9,4,3,splitwise_strict/node_9_4_3.npy,splitwise_style_lut,splitwise_prompt_biased_preemptive_fifo,12650,237157,evaluated,,345600,571.6218749999997,3256.8834374999997,827.0433488267039
splitwise_strict,236,9,5,0,splitwise_strict/node_9_5_0.npy,splitwise_style_lut,splitwise_prompt_biased_preemptive_fifo,12923,238166,evaluated,,345600,571.6218749999997,3256.8834374999997,835.9812922919297
splitwise_strict,237,9,5,1,splitwise_strict/node_9_5_1.npy,splitwise_style_lut,splitwise_prompt_biased_preemptive_fifo,12933,239175,evaluated,,345600,571.6218749999997,3256.8428320312496,831.8122503716469
splitwise_strict,238,9,5,2,splitwise_strict/node_9_5_2.npy,splitwise_style_lut,splitwise_prompt_biased_preemptive_fifo,12958,240184,evaluated,,345600,571.6218749999997,3256.8834374999997,837.8118868769099
splitwise_strict,239,9,5,3,splitwise_strict/node_9_5_3.npy,splitwise_style_lut,splitwise_prompt_biased_preemptive_fifo,12690,241193,evaluated,,345600,571.6218749999997,3256.873286132812,828.7159141062286
