epoch,train_loss,val_loss,val_acc,val_f1,val_transition_mae,val_autocorr_r2,avg_lr
1,2.522577921549479,2.6228318214416504,0.015579421904004243,0.024703858488785032,971.4806,0.0,2.6666666666666673e-06
2,2.529263734817505,2.6227102279663086,0.015579421904004243,0.024670345908788523,970.9019,0.0,6.6666666666666675e-06
3,2.5284687678019204,2.6224536895751953,0.015513126491646777,0.024542762749976393,970.7191,0.0,1.0666666666666669e-05
4,2.5395100116729736,2.622133255004883,0.015579421904004243,0.024540872502056228,970.2417,0.0,1.4666666666666668e-05
5,2.5528112252553306,2.621769905090332,0.015645717316361708,0.024502728520614057,968.55286,0.0,1.866666666666667e-05
6,2.605793078740438,2.6213293075561523,0.016043489790506498,0.024997924646409823,964.82935,0.0,2.2666666666666668e-05
7,2.5262461503346763,2.620728015899658,0.016308671439936355,0.025261635448487457,961.23596,0.0,2.666666666666667e-05
8,2.5389038721720376,2.620112180709839,0.01624237602757889,0.025081938831196655,959.6759,0.0,3.066666666666667e-05
9,2.519363005956014,2.61928653717041,0.016573853089366215,0.025554608493735954,955.4854,0.0,3.466666666666667e-05
10,2.548808972040812,2.6184520721435547,0.016706443914081145,0.02572446667313235,952.06464,0.0,3.866666666666667e-05
11,2.5208566983540854,2.6175918579101562,0.017435693450013258,0.02653587511934516,946.4992,0.0,4.2666666666666676e-05
12,2.517823855082194,2.616724729537964,0.017767170511800583,0.026860739408743593,943.1336,0.0,4.666666666666667e-05
13,2.580892562866211,2.615713119506836,0.01856271546009016,0.028039562920188103,937.43866,0.0,5.066666666666667e-05
14,2.5506279468536377,2.614732265472412,0.01882789710952002,0.028567428339527585,932.2183,0.0,5.466666666666667e-05
15,2.5483604272206626,2.6137871742248535,0.019026783346592416,0.028543309699331738,928.91754,0.0,5.8666666666666665e-05
16,2.5161073207855225,2.612544059753418,0.019822328294881994,0.02938324105573438,921.4838,0.0,6.266666666666667e-05
17,2.542136271794637,2.6110782623291016,0.020816759480243967,0.030757415502497935,910.71704,0.0,6.666666666666668e-05
18,2.524621566136678,2.6096768379211426,0.021479713603818614,0.031511190721718686,903.85583,0.0,7.066666666666667e-05
19,2.548985560735067,2.60827898979187,0.02194378149032087,0.031850644716376636,900.057,0.0,7.466666666666667e-05
20,2.509343147277832,2.6069273948669434,0.022673031026252982,0.03269032744498625,893.35583,0.0,7.866666666666666e-05
21,2.496286312739054,2.6054859161376953,0.023534871386900028,0.03362092779921777,886.6978,0.0,8.266666666666667e-05
22,2.5103238423665366,2.603971481323242,0.02426412092283214,0.034067728953887766,880.3041,0.0,8.666666666666668e-05
23,2.499457041422526,2.6023497581481934,0.025391142932909044,0.03479927848916184,868.6876,0.0,9.066666666666667e-05
24,2.4949704011281333,2.600736141204834,0.02658446035534341,0.03604625790680802,858.20154,0.0,9.466666666666667e-05
25,2.4849666754404702,2.5991249084472656,0.026915937417130734,0.03659557910974677,854.2226,0.0,9.866666666666668e-05
26,2.5178956985473633,2.59769868850708,0.02738000530363299,0.037105752176440215,848.7332,0.0,9.999979748454273e-05
27,2.5007741451263428,2.596205472946167,0.02711482365420313,0.03657700656308113,848.57587,0.0,9.999797485842016e-05
28,2.520739793777466,2.595041275024414,0.02658446035534341,0.03675523173240555,847.4384,0.0,9.999396515890625e-05
29,2.487884203592936,2.593804359436035,0.026518164942985947,0.03824469047139567,845.58246,0.0,9.998776856139834e-05
30,2.4852194786071777,2.59234881401062,0.026385574118271016,0.03925019385817859,843.32697,0.0,9.997938533695563e-05
31,2.473625739415487,2.5911648273468018,0.0269822328294882,0.04039357820946857,839.0565,0.0,9.996881585228755e-05
32,2.4833226203918457,2.589837074279785,0.02711482365420313,0.0407890359536166,835.32214,0.0,9.995606056973753e-05
33,2.479485193888346,2.588806390762329,0.0269822328294882,0.040793369119501474,833.89594,0.0,9.994112004726302e-05
34,2.4666709899902344,2.587625503540039,0.15426942455582074,0.07168780307731633,831.6509,0.0,9.992399493841083e-05
35,2.45990252494812,2.586305618286133,0.15433571996817821,0.07129235207589554,830.33405,0.0,9.990468599228874e-05
36,2.4945555528004966,2.584993600845337,0.1538053566693185,0.07197152226852575,834.3435,0.0,9.988319405353258e-05
37,2.4779513676961265,2.5834102630615234,0.3208035003977725,0.10377413188898732,833.49756,0.0,9.985952006226939e-05
38,2.450371503829956,2.581960439682007,0.32100238663484487,0.10364641832237581,833.9286,0.0,9.983366505407623e-05
39,2.4673031171162925,2.5809569358825684,0.31947759215062316,0.10101560272056213,849.10626,0.0,9.980563015993492e-05
40,2.4450861612955728,2.5797197818756104,0.3192124105011933,0.10297341626014163,847.0456,0.0,9.977541660618252e-05
41,2.474318583806356,2.578723907470703,0.3188146380270485,0.10328001702238561,848.6184,0.0,9.97430257144578e-05
42,2.445378303527832,2.5774130821228027,0.31728984354282685,0.10262855316184856,854.47375,0.0,9.970845890164326e-05
43,2.4612425168355307,2.576251983642578,0.31656059400689474,0.1012620051996556,854.98987,0.0,9.96717176798033e-05
44,2.458721160888672,2.5751419067382812,0.31516839034738797,0.11105731869677182,861.3476,0.0,9.963280365611796e-05
45,2.4433921178181968,2.5741403102874756,0.31483691328560065,0.11067471434598099,862.5626,0.0,9.959171853281273e-05
46,2.435539722442627,2.5730841159820557,0.31410766374966853,0.1099149550948276,864.81647,0.0,9.954846410708397e-05
47,2.4482237497965493,2.5717954635620117,0.3135773004508088,0.10914333715397359,865.1788,0.0,9.950304227102042e-05
48,2.43312136332194,2.570509433746338,0.3130469371519491,0.10856498282740917,864.87177,0.0,9.94554550115203e-05
49,2.427492062250773,2.569098472595215,0.312185096791302,0.10793102629278109,866.59906,0.0,9.940570441020454e-05
50,2.4316882292429605,2.5676474571228027,0.3118536197295147,0.10702363944413652,868.32684,0.0,9.935379264332558e-05
51,2.4323463439941406,2.5663697719573975,0.3113895518430125,0.10567058678482574,867.0997,0.0,9.929972198167228e-05
52,2.415476401646932,2.565049171447754,0.31079289313179526,0.10440679185221717,858.9899,0.0,9.924349479047054e-05
53,2.440728028615316,2.5638580322265625,0.3094006894722885,0.10682238370709293,866.2895,0.0,9.91851135292799e-05
54,2.4210577805836997,2.5625932216644287,0.3088040307610713,0.10564268239816259,864.0967,0.0,9.91245807518858e-05
55,2.4199578762054443,2.5613110065460205,0.3084062582869265,0.10481738054106324,862.46765,0.0,9.906189910618804e-05
56,2.406009038289388,2.5599205493927,0.3081410766374967,0.10350500580042396,858.4067,0.0,9.899707133408487e-05
57,2.432124137878418,2.5583698749542236,0.30780959957570936,0.10211474336917424,855.24854,0.0,9.893010027135303e-05
58,2.44822629292806,2.556450605392456,0.3076770087509944,0.10165394486588757,849.62006,0.0,9.886098884752377e-05
59,2.4275919596354165,2.5549094676971436,0.307610713338637,0.10151751823834017,844.35693,0.0,9.878974008575469e-05
60,2.4080398082733154,2.5533595085144043,0.307610713338637,0.10213315087935323,840.5709,0.0,9.871635710269744e-05
61,2.39654548962911,2.5517992973327637,0.3075444179262795,0.10239309948672885,833.49615,0.0,9.864084310836137e-05
62,2.399122397104899,2.550232172012329,0.3075444179262795,0.10196225365848338,830.1604,0.0,9.856320140597325e-05
63,2.425228993097941,2.5486674308776855,0.3072129408644922,0.10066614769788712,830.411,0.0,9.848343539183272e-05
64,2.3843561013539634,2.5469300746917725,0.30688146380270487,0.09905745976130018,826.85223,0.0,9.840154855516357e-05
65,2.40547768274943,2.545374870300293,0.3067488729779899,0.09901003559825916,827.174,0.0,9.831754447796135e-05
66,2.415959119796753,2.543858051300049,0.30668257756563244,0.09868421607774008,824.77673,0.0,9.823142683483652e-05
67,2.384408394495646,2.5423688888549805,0.30661628215327497,0.09785200979713085,823.60046,0.0,9.81431993928538e-05
68,2.3869383335113525,2.541006088256836,0.3064173959162026,0.09663064983199525,822.59656,0.0,9.805286601136729e-05
69,2.3722989559173584,2.5395376682281494,0.30648369132856007,0.09667010316322253,818.573,0.0,9.796043064185175e-05
70,2.3779380321502686,2.53788423538208,0.3064173959162026,0.09613598998190201,816.5162,0.0,9.786589732772967e-05
71,2.374779542287191,2.5362186431884766,0.30628480509148764,0.09557865220339765,813.7757,0.0,9.776927020419447e-05
72,2.3672381242116294,2.5346639156341553,0.3062185096791302,0.09520273138687796,811.74005,0.0,9.767055349802959e-05
73,2.3682683308919272,2.533555030822754,0.3060859188544153,0.09438595994083177,818.1492,0.0,9.75697515274235e-05
74,2.3731160958607993,2.531963348388672,0.3062185096791302,0.09432412113483915,814.59296,0.0,9.746686870178098e-05
75,2.3520983854929605,2.5300722122192383,0.3062185096791302,0.09406705606274623,810.28375,0.0,9.736190952153014e-05
76,2.381598631540934,2.5285115242004395,0.30615221426677275,0.09360053033595517,807.36896,0.0,9.72548785779255e-05
77,2.357841730117798,2.5271236896514893,0.3060196234420578,0.09289264617578477,805.18054,0.0,9.714578055284727e-05
78,2.3452444076538086,2.52547025680542,0.3059533280297003,0.09267268423095573,807.7463,0.0,9.703462021859654e-05
79,2.3513575394948325,2.52376651763916,0.3058870326173429,0.09190332130327794,803.73395,0.0,9.69214024376864e-05
80,2.3477538426717124,2.522170305252075,0.3058207372049854,0.09144459946329636,802.8095,0.0,9.680613216262936e-05
81,2.3353684743245444,2.520925521850586,0.3058207372049854,0.09116769293392489,803.2759,0.0,9.66888144357207e-05
82,2.354020595550537,2.5195257663726807,0.3058870326173429,0.09126927237279243,804.41614,0.0,9.656945438881782e-05
83,2.340480168660482,2.5179219245910645,0.3060859188544153,0.09154050264171201,800.2687,0.0,9.644805724311587e-05
84,2.3279577096303306,2.516173839569092,0.3060196234420578,0.09124200026402712,799.02386,0.0,9.632462830891926e-05
85,2.3225789070129395,2.514211416244507,0.3058870326173429,0.09074660051964985,797.18787,0.0,9.619917298540945e-05
86,2.338712771733602,2.5121052265167236,0.3059533280297003,0.09075163124707653,788.1663,0.0,9.607169676040868e-05
87,2.3190974394480386,2.510612726211548,0.3059533280297003,0.09047139878259168,787.69507,0.0,9.594220521014002e-05
88,2.3266992568969727,2.5089073181152344,0.3058870326173429,0.0901751212895564,784.5616,0.0,9.581070399898334e-05
89,2.338402430216471,2.5064821243286133,0.3058870326173429,0.08989354442324927,778.3212,0.0,9.567719887922767e-05
90,2.3373166720072427,2.504517078399658,0.3058870326173429,0.08992278765111718,774.6126,0.0,9.554169569081943e-05
91,2.3082112471262612,2.5026376247406006,0.3058870326173429,0.0898727318275884,771.96826,0.0,9.5404200361107e-05
92,2.3092692693074546,2.5011050701141357,0.3058207372049854,0.08926336511543982,769.6439,0.0,9.526471890458159e-05
93,2.3592816988627114,2.4992411136627197,0.3054892601431981,0.08799718559422631,768.13684,0.0,9.512325742261395e-05
94,2.290632963180542,2.497145652770996,0.30542296473084063,0.0875536727882377,768.4499,0.0,9.497982210318753e-05
95,2.2986507415771484,2.495278835296631,0.55177671705118,0.12114344652442664,760.7352,0.0,9.483441922062792e-05
96,2.286759694417318,2.4932940006256104,0.5524396711747547,0.1215356898020937,756.1925,0.0,9.468705513532821e-05
97,2.297358830769857,2.4905292987823486,0.5526385574118271,0.12157458731878298,751.9088,0.0,9.453773629347092e-05
98,2.3102449576059976,2.4881207942962646,0.7985282418456643,0.14664423653266143,749.4752,0.0,9.438646922674586e-05
99,2.292117198308309,2.4853909015655518,0.7989923097321665,0.14689627234049732,745.6492,0.0,9.423326055206466e-05
100,2.286472797393799,2.482942819595337,0.7993237867939539,0.14693159823044777,743.7437,0.0,9.407811697127097e-05
101,2.275569279988607,2.4800209999084473,0.7995226730310262,0.14695181945590727,732.26666,0.0,9.392104527084767e-05
102,2.2629776000976562,2.4776504039764404,0.7996552638557411,0.14711080561330606,730.31226,0.0,9.376205232161976e-05
103,2.261876424153646,2.474454402923584,0.7998541500928136,0.14717299503091674,726.0619,0.0,9.360114507845393e-05
104,2.262493371963501,2.471437454223633,0.8001193317422435,0.14761672106808227,718.71155,0.0,9.343833057995425e-05
105,2.2522144317626953,2.468729257583618,0.8003845133916733,0.14801551113226685,713.8833,0.0,9.327361594815431e-05
106,2.2503475348154702,2.466231107711792,0.8003845133916733,0.14764229429470083,711.666,0.0,9.310700838820574e-05
107,2.2725630601247153,2.4633870124816895,0.8005171042163882,0.14777473061365914,707.96686,0.0,9.293851518806292e-05
108,2.2396891117095947,2.46036958694458,0.8006496950411032,0.1477963572996338,704.0211,0.0,9.276814371816427e-05
109,2.260220766067505,2.457939624786377,0.8005171042163882,0.13077042676955627,704.23364,0.0,9.259590143110981e-05
110,2.2360249360402427,2.4552736282348633,0.8004508088040307,0.13063398789208844,700.7701,0.0,9.24217958613352e-05
111,2.2488152980804443,2.4525012969970703,0.800914876690533,0.13079775059105614,692.36633,0.0,9.224583462478202e-05
112,2.2900617122650146,2.4504692554473877,0.8009811721028904,0.13077567224599207,690.7936,0.0,9.206802541856484e-05
113,2.2255233923594155,2.448054075241089,0.800914876690533,0.12710377035686404,692.2926,0.0,9.188837602063436e-05
114,2.3298141956329346,2.444912910461426,0.8009811721028904,0.12701947047123036,689.5612,0.0,9.17068942894372e-05
115,2.209643840789795,2.441457748413086,0.8012463537523203,0.12729388428202407,682.0253,0.0,9.152358816357223e-05
116,2.2277440230051675,2.4377169609069824,0.8013126491646778,0.12732810080054094,675.3617,0.0,9.13384656614432e-05
117,2.236400047938029,2.4338581562042236,0.80177671705118,0.1280603792961752,664.67694,0.0,9.115153488090809e-05
118,2.209845860799154,2.430290460586548,0.801909307875895,0.128164943825869,657.33215,0.0,9.096280399892482e-05
119,2.212911367416382,2.426968574523926,0.8016441262264651,0.12812610055681273,651.54083,0.0,9.077228127119354e-05
120,2.2115121682484946,2.4242336750030518,0.8017104216388226,0.12787371539436931,646.09766,0.0,9.057997503179557e-05
121,2.213688532511393,2.42067813873291,0.8018430124635375,0.12823110091744638,638.9707,0.0,9.038589369282884e-05
122,2.1790807247161865,2.4178476333618164,0.8015115354017502,0.1273691646119537,633.9886,0.0,9.019004574403982e-05
123,2.1979165077209473,2.4158029556274414,0.8013789445770353,0.12696179889093753,632.8975,0.0,8.999243975245227e-05
124,2.189396063486735,2.4139151573181152,0.8014452399893928,0.12719827020924065,630.06854,0.0,8.979308436199241e-05
125,2.1797935167948403,2.4125773906707764,0.8011800583399629,0.12662419792077675,633.6506,0.0,8.959198829311084e-05
126,2.1883296171824136,2.4101624488830566,0.8013789445770353,0.12698979978181166,630.97125,0.0,8.938916034240107e-05
127,2.177691698074341,2.4085254669189453,0.8013126491646778,0.12669550272560867,628.8354,0.0,8.918460938221474e-05
128,2.179849624633789,2.4063031673431396,0.8013126491646778,0.12699583246708387,623.8649,0.0,8.89783443602735e-05
129,2.1684494018554688,2.4039225578308105,0.8013126491646778,0.1274338072864893,617.49084,0.047715067863464355,8.877037429927761e-05
130,2.157742500305176,2.402224063873291,0.8013789445770353,0.1279647712420115,613.5279,0.11256778240203857,8.856070829651129e-05
131,2.212322235107422,2.4008445739746094,0.8012463537523203,0.12706116454105196,615.1743,0.1931120753288269,8.834935552344471e-05
132,2.1902974446614585,2.3997600078582764,0.8011137629276054,0.1270431055617366,615.63153,0.19358056783676147,8.813632522533284e-05
133,2.16301163037618,2.398263454437256,0.8011137629276054,0.12709662550057238,612.3563,0.16762983798980713,8.792162672081107e-05
134,2.1493256092071533,2.398266553878784,0.8010474675152479,0.12712429481668663,615.7873,0.22324299812316895,8.770526940148747e-05
135,2.1583794752756753,2.397111654281616,0.8009811721028904,0.12753049694220697,616.3782,0.24235892295837402,8.748726273153213e-05
136,2.137214740117391,2.3957250118255615,0.8011800583399629,0.1286406014443007,614.23627,0.23528867959976196,8.726761624726303e-05
137,2.1474380493164062,2.394899606704712,0.8009811721028904,0.12858550135117341,613.4141,0.235792338848114,8.704633955672893e-05
138,2.1782615979512534,2.3946709632873535,0.8008485812781756,0.12825581063794525,615.0797,0.2246459722518921,8.682344233928913e-05
139,2.1380057334899902,2.394558906555176,0.8006496950411032,0.12808552512672505,616.0447,0.24558067321777344,8.659893434518999e-05
140,2.1445916096369424,2.394059181213379,0.8004508088040307,0.12815329526662114,616.0685,0.24350804090499878,8.63728253951385e-05
141,2.1407934029897056,2.393435001373291,0.8003182179793158,0.12806024199577423,615.9941,0.24937784671783447,8.614512537987259e-05
142,2.1570359071095786,2.393447160720825,0.8001193317422435,0.12805342082935212,617.5661,0.24434679746627808,8.591584425972862e-05
143,2.191128969192505,2.39296293258667,0.799920445505171,0.12835303215067453,615.8348,0.2260414958000183,8.568499206420551e-05
144,2.140505313873291,2.391899824142456,0.7995889684433837,0.1285464184094965,611.8978,0.19632863998413086,8.545257889152617e-05
145,2.124979813893636,2.391141891479492,0.7991249005568815,0.12853965199063164,610.8119,0.19350957870483398,8.521861490819569e-05
146,2.2040223280588784,2.3917336463928223,0.7988597189074516,0.12873223007347312,614.3972,0.20430082082748413,8.498311034855664e-05
147,2.1282918453216553,2.3916754722595215,0.7975338106603023,0.12862115597022222,615.8814,0.16752803325653076,8.47460755143414e-05
148,2.147908369700114,2.3914265632629395,0.31072659771943784,0.08317397257864051,614.97723,0.0,8.450752077422144e-05
149,2.109947999318441,2.3910136222839355,0.3094006894722885,0.08345377598329175,612.9235,0.0,8.426745656335402e-05
150,2.1379087766011557,2.389690399169922,0.30906921241050117,0.08424797887523867,604.79205,0.0,8.40258933829253e-05
151,2.122440814971924,2.389530658721924,0.3088040307610713,0.08399719703555686,606.354,0.0,8.37828417996914e-05
152,2.1957466204961142,2.3888378143310547,0.30860514452399895,0.08431686530719282,606.03125,0.0,8.353831244551598e-05
153,2.1435203552246094,2.389350175857544,0.3085388491116415,0.08389114692681164,612.8857,0.0,8.32923160169051e-05
154,2.131505807240804,2.3888700008392334,0.3084062582869265,0.08416062203454727,614.18054,0.0,8.304486327453951e-05
155,2.137346069018046,2.389958381652832,0.30787589498806683,0.08255007865592737,623.34485,0.0,8.279596504280379e-05
156,2.12310262521108,2.389240026473999,0.30780959957570936,0.08250029542233969,624.42426,0.0,8.25456322093129e-05
157,2.1156556606292725,2.3884828090667725,0.3076770087509944,0.08199021973947072,625.0071,0.0,8.229387572443593e-05
158,2.1431530316670737,2.3889832496643066,0.3075444179262795,0.08198414660187837,628.05273,0.0,8.204070660081714e-05
159,2.1823564370473227,2.3896825313568115,0.30727923627684967,0.08185478741546524,630.51776,0.0,8.178613591289413e-05
160,2.1568715969721475,2.3898849487304688,0.30727923627684967,0.08229750634644513,634.3145,0.0,8.153017479641348e-05
161,2.1050700346628823,2.390352964401245,0.3073455316892071,0.08332519677239711,642.294,0.0,8.127283444794364e-05
162,2.095252513885498,2.3901987075805664,0.30708035003977724,0.08358378196484802,644.10474,0.0,8.101412612438513e-05
163,2.114060878753662,2.3907129764556885,0.3071466454521347,0.08472990847481422,644.6172,0.0,8.075406114247808e-05
164,2.127218802769979,2.3907604217529297,0.3072129408644922,0.08848607331906,642.9534,0.0,8.049265087830732e-05
165,2.1101056337356567,2.3910412788391113,0.30688146380270487,0.08704261637370812,644.41626,0.0,8.022990676680466e-05
166,2.096069812774658,2.390923261642456,0.30708035003977724,0.08809487067952934,644.0123,0.0,7.99658403012487e-05
167,2.1203405062357583,2.391517400741577,0.30688146380270487,0.08824543535564297,649.69366,0.0,7.970046303276212e-05
168,2.0849263668060303,2.3911454677581787,0.3068151683903474,0.08868624317523634,650.2748,0.0,7.94337865698063e-05
169,2.08378012975057,2.391385078430176,0.3068151683903474,0.0891584178577512,653.2219,0.0,7.916582257767368e-05
170,2.126956899960836,2.392024278640747,0.30668257756563244,0.08866262313890547,658.0114,0.0,7.889658277797735e-05
171,2.10447629292806,2.3937675952911377,0.30661628215327497,0.08890091152494592,671.0719,0.0,7.862607894813837e-05
172,2.0875932772954306,2.39442777633667,0.30668257756563244,0.08960729717078735,671.26105,0.0,7.835432292087056e-05
173,2.1058621406555176,2.396671772003174,0.30628480509148764,0.08891117389109877,681.9184,0.0,7.808132658366293e-05
174,2.0787726243336997,2.397512912750244,0.14081145584725538,0.05948177471302654,682.5823,0.0,7.780710187825964e-05
175,2.084977944691976,2.4000906944274902,0.14087775125961283,0.06089995367440255,693.4136,0.0,7.753166080013767e-05
176,2.1018106937408447,2.401416063308716,0.14047997878546806,0.060646990121918175,699.3992,0.0,7.725501539798212e-05
177,2.077377716700236,2.4035019874572754,0.14008220631132326,0.06012666034830985,711.1652,0.0,7.697717777315902e-05
178,2.079815944035848,2.4053690433502197,0.14008220631132326,0.06006146573839916,715.60535,0.0,7.669816007918621e-05
179,2.0626467068990073,2.409170627593994,0.13975072924953594,0.060212393778866634,733.81323,0.0,7.641797452120147e-05
180,2.0657344659169516,2.4140625,0.1388888888888889,0.05883494955210067,762.5554,0.0,7.613663335542883e-05
181,2.0973504384358725,2.4146528244018555,0.13915407053831874,0.058974893016952544,753.85785,0.0,7.585414888864227e-05
182,2.1219216187795005,2.41367506980896,0.13961813842482101,0.06006896185671568,746.9584,0.0,7.557053347762748e-05
183,2.06632133324941,2.4136829376220703,0.13968443383717846,0.05982041571270486,740.4365,0.0,7.528579952864133e-05
184,2.124700903892517,2.4165048599243164,0.13968443383717846,0.05980602150976425,752.0288,0.0,7.499995949686918e-05
185,2.038579781850179,2.4190475940704346,0.13961813842482101,0.06041469481166442,767.6946,0.0,7.471302588588e-05
186,2.0937368869781494,2.426370859146118,0.13835852559002917,0.05812346635419611,810.81195,0.0,7.442501124707946e-05
187,2.1014415423075357,2.4348340034484863,0.13789445770352693,0.05766960456559072,853.7319,0.0,7.413592817916093e-05
188,2.0873579581578574,2.4395322799682617,0.1380933439405993,0.058208841919023174,859.03186,0.0,7.384578932755427e-05
189,2.0666646162668862,2.445492744445801,0.13796075311588438,0.058711214958614026,865.76715,0.0,7.355460738387276e-05
190,2.039750099182129,2.4501171112060547,0.13756298064173958,0.05842809055285535,872.3801,0.0,7.326239508535796e-05
191,2.050727963447571,2.457716464996338,0.13703261734287986,0.057474267960264176,894.1498,0.0,7.296916521432239e-05
192,2.0823910236358643,2.468409776687622,0.1365685494563776,0.05771591970149312,937.4686,0.0,7.267493059759058e-05
193,2.064401706059774,2.4697389602661133,0.1368337311058075,0.05853027782410899,940.8798,0.0,7.237970410593784e-05
194,2.0451372464497886,2.471208095550537,0.13729779899230973,0.06056616171635887,943.048,0.0,7.208349865352733e-05
195,2.045137643814087,2.4648590087890625,0.13743038981702466,0.058729571916932434,918.32043,0.0,7.17863271973451e-05
196,2.0879703362782798,2.4609031677246094,0.1373640944046672,0.05754082342981277,899.6624,0.0,7.148820273663334e-05
197,2.0168249209721885,2.4635159969329834,0.1371652081675948,0.05647804353616995,912.11304,0.0,7.118913831232176e-05
198,2.02193812529246,2.4664249420166016,0.13729779899230973,0.05769391125715136,917.07495,0.0,7.088914700645712e-05
199,2.0081496238708496,2.468417167663574,0.13709891275523733,0.05757927994478673,922.80597,0.0,7.058824194163095e-05
200,2.055748621622721,2.469773530960083,0.13703261734287986,0.05750421708864387,928.576,0.0,7.028643628040559e-05
201,2.0294886430104575,2.476351261138916,0.13636966321930521,0.056779723023634245,952.2113,0.0,6.99837432247384e-05
202,2.0375659465789795,2.4860963821411133,0.13590559533280297,0.057309040638568676,984.57135,0.0,6.968017601540421e-05
203,2.0332249800364175,2.4944794178009033,0.1360381861575179,0.05778207989238853,1009.0243,0.0,6.937574793141617e-05
204,2.0059399604797363,2.5080904960632324,0.13550782285865817,0.05653909360834075,1047.8297,0.0,6.907047228944489e-05
205,2.0430532693862915,2.5128018856048584,0.13557411827101565,0.05790715097187923,1056.4191,0.0,6.876436244323591e-05
206,2.003945787747701,2.5194485187530518,0.13544152744630072,0.05748815534726383,1068.3015,0.0,6.845743178302557e-05
207,2.001120448112488,2.5285279750823975,0.13504375497215593,0.0556360259631815,1076.1053,0.0,6.814969373495524e-05
208,1.989491581916809,2.5344526767730713,0.13477857332272608,0.05377125649051109,1079.5363,0.0,6.784116176048408e-05
209,2.007334589958191,2.5690550804138184,0.133916732962079,0.04980187930469797,1092.3735,0.0,6.753184935580018e-05
210,2.0032643477121987,2.5906190872192383,0.13371784672500664,0.04916669734207722,1109.6385,0.0,6.722177005123015e-05
211,2.0446078379948935,2.668025493621826,0.13219305224078493,0.04619963059841561,1187.1597,0.0,6.691093741064727e-05
212,1.9982123374938965,2.6804330348968506,0.13172898435428268,0.044211251598387596,1189.0707,0.0,6.659936503087821e-05
213,1.9898492495218914,2.6859354972839355,0.13192787059135508,0.045127960825638844,1190.3048,0.0,6.628706654110822e-05
214,1.988898793856303,2.6907272338867188,0.1322593476531424,0.046400024973369244,1192.2297,0.0,6.597405560228493e-05
215,2.018613656361898,2.6727540493011475,0.13199416600371255,0.045604073893100595,1193.5476,0.0,6.566034590652083e-05
216,2.0029178063074746,2.670639753341675,0.13239193847785732,0.04740530820288101,1190.5269,0.0,6.534595117649432e-05
217,2.0093339681625366,2.6738288402557373,0.1324582338902148,0.04767082212903499,1188.2599,0.0,6.503088516484934e-05
218,2.0436035792032876,2.7054214477539062,0.1318615751789976,0.044889722326304865,1193.3447,0.0,6.471516165359395e-05
219,2.0085911750793457,2.7113704681396484,0.13172898435428268,0.04458245571332617,1192.2179,0.0,6.439879445349731e-05
220,1.9911154508590698,2.7149157524108887,0.13179527976664016,0.044916483944650386,1191.2218,0.0,6.408179740348563e-05
221,2.010994831720988,2.7159836292266846,0.13179527976664016,0.04522095922194214,1192.0553,0.0,6.376418437003684e-05
222,1.9763253927230835,2.7169833183288574,0.1318615751789976,0.0455730645547678,1193.5044,0.0,6.344596924657394e-05
223,1.976447621981303,2.692147731781006,0.13179527976664016,0.045691985654830146,1195.0157,0.0,6.312716595285728e-05
224,1.9813261826833088,2.723285675048828,0.13206046141607,0.04647946511874693,1192.8031,0.0,6.280778843437573e-05
225,1.9909446239471436,2.7243943214416504,0.13212675682842748,0.04729387726146452,1190.8274,0.0,6.248785066173658e-05
226,2.0302831331888833,2.7295901775360107,0.13232564306549988,0.04819818390954192,1191.6809,0.0,6.216736663005447e-05
227,2.1052568753560386,2.7300682067871094,0.1322593476531424,0.04789854669359368,1191.679,0.0,6.184635035833915e-05
228,1.9937105576197307,2.730587959289551,0.13192787059135508,0.046477507642590815,1195.3698,0.0,6.152481588888228e-05
229,1.9555273056030273,2.7324459552764893,0.13199416600371255,0.046728481778298574,1194.294,0.0,6.120277728664324e-05
230,1.955860694249471,2.742279529571533,0.13172898435428268,0.04561573580036973,1198.6022,0.0,6.0880248638633696e-05
231,1.9602092504501343,2.750359296798706,0.13159639352956776,0.045039956586089655,1201.5092,0.0,6.055724405330159e-05
232,1.972667892773946,2.7566633224487305,0.13126491646778043,0.043844237157037946,1203.1597,0.0,6.0233777659913865e-05
233,1.989292820294698,2.7497363090515137,0.13099973481835056,0.04237507470309685,1208.1978,0.0,5.990986360793844e-05
234,1.9820651610692341,2.736027717590332,0.13086714399363564,0.04178732472525906,1216.1345,0.0,5.958551606642532e-05
235,1.9501194556554158,2.756720542907715,0.13053566693184832,0.04037242200546328,1218.7295,0.0,5.926074922338667e-05
236,1.9436684846878052,2.7745046615600586,0.13053566693184832,0.04036258899783904,1219.2968,0.0,5.893557728517634e-05
237,2.022334098815918,2.7789599895477295,0.13053566693184832,0.04038757344866052,1220.1825,0.0,5.861001447586829e-05
238,1.9523940086364746,2.78408145904541,0.1306019623442058,0.04042219604477378,1222.0923,0.0,5.828407503663448e-05
239,2.005264679590861,2.770942211151123,0.1306019623442058,0.04048292557192047,1223.0306,0.0,5.795777322512188e-05
240,1.9720032215118408,2.7545862197875977,0.1306019623442058,0.040545475216722734,1221.9194,0.0,5.7631123314828825e-05
241,1.9645325342814128,2.7619102001190186,0.1306019623442058,0.04051031822748127,1221.8489,0.0,5.730413959448055e-05
242,1.9967728853225708,2.7906687259674072,0.13066825775656324,0.04075916437734819,1220.2372,0.0,5.697683636740429e-05
243,1.9587080876032512,2.794832229614258,0.1306019623442058,0.04091453330014925,1218.8639,0.0,5.66492279509035e-05
244,1.967942714691162,2.7948222160339355,0.13073455316892071,0.04153280009769121,1212.2305,0.0,5.632132867563163e-05
245,1.9852482477823894,2.795142412185669,0.13066825775656324,0.04149764517904361,1209.7739,0.0,5.599315288496522e-05
246,2.025501330693563,2.764150619506836,0.13066825775656324,0.04163621145012812,1205.8232,0.0,5.5664714934376505e-05
247,1.981278379758199,2.762904644012451,0.13066825775656324,0.04198701014553988,1203.2415,0.0,5.533602919080542e-05
248,1.9723059336344402,2.7710745334625244,0.13086714399363564,0.042983750530153575,1199.3864,0.0,5.5007110032031206e-05
249,1.9872266451517742,2.7978196144104004,0.13106603023070804,0.043595381080629166,1197.8372,0.0,5.467797184604339e-05
250,1.962737758954366,2.801090955734253,0.1311323256430655,0.04443631264393437,1197.19,0.0,5.434862903041251e-05
251,1.9668277502059937,2.8021445274353027,0.13133121188013788,0.04533201039961316,1193.2253,0.0,5.4019095991660224e-05
252,1.9945320288340251,2.8032758235931396,0.13133121188013788,0.04535391251856312,1192.9008,0.0,5.36893871446292e-05
253,1.9513214826583862,2.8032889366149902,0.13119862105542296,0.04471644416739189,1192.381,0.0,5.3359516911852516e-05
254,1.9842982292175293,2.8041114807128906,0.13119862105542296,0.04470384967178485,1191.0474,0.0,5.3029499722922795e-05
255,2.0194371143976846,2.8025460243225098,0.13106603023070804,0.04401183390459926,1186.6588,0.0,5.269935001386096e-05
256,1.9544155200322468,2.8025918006896973,0.13099973481835056,0.04368423060971127,1185.6936,0.0,5.2369082226484844e-05
257,1.9494303464889526,2.8048768043518066,0.13139750729249536,0.04568365507526923,1181.7759,0.0,5.203871080777737e-05
258,2.04983651638031,2.8041319847106934,0.13179527976664016,0.047317383239315405,1179.2434,0.0,5.1708250209254656e-05
259,1.97272785504659,2.8052499294281006,0.13192787059135508,0.047978503136964584,1177.9647,0.0,5.137771488633383e-05
260,1.9877285559972127,2.8092312812805176,0.13199416600371255,0.048293797441041265,1178.8115,0.0,5.10471192977007e-05
261,1.9298967917760212,2.8114235401153564,0.13199416600371255,0.04828310877876708,1177.1979,0.0,5.071647790467731e-05
262,1.9612114826838176,2.814406394958496,0.13192787059135508,0.047964758070983105,1176.3611,0.0,5.038580517058928e-05
263,1.9442327817281086,2.8145971298217773,0.13199416600371255,0.04826359835182165,1175.489,0.0,5.005511556013326e-05
264,1.9825532833735149,2.8132245540618896,0.13206046141607,0.048534998555947874,1173.2755,0.0,4.972442353874408e-05
265,1.9594817161560059,2.811476707458496,0.13199416600371255,0.04821451169363242,1172.0106,0.0,4.939374357196207e-05
266,1.9710739453633626,2.7962818145751953,0.13199416600371255,0.048228159722127746,1170.3019,0.0,4.906309012480022e-05
267,2.0534788767496743,2.8047821521759033,0.1318615751789976,0.047520876892332115,1167.0073,0.0,4.873247766111149e-05
268,1.9756830930709839,2.8035764694213867,0.13159639352956776,0.046514604923994146,1163.8005,0.0,4.840192064295604e-05
269,1.959589163462321,2.7287943363189697,0.13272341553964465,0.04877062730810149,1090.0809,0.0,4.807143352996875e-05
270,1.9676190614700317,2.723214864730835,0.13298859718907452,0.04932981460550386,1078.7429,0.0,4.7741030778726534e-05
271,1.976364294687907,2.7180442810058594,0.13318748342614692,0.05002497514962324,1064.8058,0.0,4.7410726842116105e-05
272,1.9623907407124836,2.7138352394104004,0.13345266507557677,0.05103586638111548,1059.131,0.0,4.7080536168701685e-05
273,1.9413775602976482,2.6808691024780273,0.1335852559002917,0.051706750625089344,1057.1044,0.0,4.675047320209301e-05
274,1.9418978293736775,2.6695969104766846,0.13371784672500664,0.05236797247870777,1054.9921,0.0,4.642055238031345e-05
275,1.9748659531275432,2.669245719909668,0.13371784672500664,0.052355595027637744,1053.6149,0.0,4.6090788135168606e-05
276,1.9298865795135498,2.673105001449585,0.1337841421373641,0.05261852576144773,1053.3978,0.0,4.5761194891614814e-05
277,1.9318370421727498,2.7046778202056885,0.13385043754972156,0.05279026571739436,1052.3115,0.0,4.543178706712829e-05
278,1.974628170331319,2.7045884132385254,0.133916732962079,0.05307012283132246,1051.8444,0.0,4.510257907107439e-05
279,1.9591050148010254,2.7045884132385254,0.1337841421373641,0.05257745383449643,1050.3013,0.0,4.4773585304077374e-05
280,1.9308169682820637,2.7021660804748535,0.13385043754972156,0.05272836562714697,1046.469,0.0,4.444482015739039e-05
281,1.9544939994812012,2.676421642303467,0.1341156191991514,0.05360933896589836,1043.4723,0.0,4.411629801226602e-05
282,1.984138011932373,2.6351571083068848,0.1347122779103686,0.054899159471494846,1003.32056,0.0,4.3788033239327145e-05
283,1.9524983565012615,2.6298000812530518,0.1351100503845134,0.05578897482675069,977.8027,0.0,4.346004019793835e-05
284,1.9569995403289795,2.6591320037841797,0.13530893662158577,0.05624722723424004,967.6768,0.5199496746063232,4.3132333235577844e-05
285,1.9762123823165894,2.655618906021118,0.13537523203394325,0.05645481146294123,960.9345,0.48876893520355225,4.2804926687209755e-05
286,1.971614678700765,2.651801109313965,0.13517634579687085,0.05552362060158832,956.2895,0.5252699851989746,4.247783487465717e-05
287,1.980316956837972,2.553586959838867,0.1382922301776717,0.05932904981571912,750.8785,0.7393767833709717,4.215107210597561e-05
288,1.9625341892242432,2.5431089401245117,0.13855741182710157,0.05909658294674339,721.03973,0.45751428604125977,4.1824652674827146e-05
289,1.9532458782196045,2.5156893730163574,0.1384911164147441,0.05898531180195367,722.3425,0.0,4.149859085985513e-05
290,1.9198744297027588,2.6091301441192627,0.13497745955979845,0.05493229711322126,955.4779,0.0,4.117290092405965e-05
291,1.9286553859710693,2.6518778800964355,0.13504375497215593,0.05519606776248527,958.3046,0.5475475788116455,4.084759711417359e-05
292,1.9548929532368977,2.6540982723236084,0.134911164147441,0.054605800941805414,959.19653,0.549957275390625,4.052269366003941e-05
293,1.9265355666478474,2.6581852436065674,0.13484486873508353,0.054361307842005616,960.39996,0.5471897125244141,4.019820477398678e-05
294,2.013513962427775,2.6585843563079834,0.13484486873508353,0.05426544613177289,958.9053,0.5480012893676758,3.987414465021074e-05
295,1.91468346118927,2.6556735038757324,0.13484486873508353,0.05434849544733702,957.2409,0.5440163016319275,3.955052746415092e-05
296,1.913425366083781,2.6309990882873535,0.13484486873508353,0.05444891921644485,957.2391,0.0,3.922736737187142e-05
297,1.9170557657877605,2.635754346847534,0.134911164147441,0.05476941181173941,956.4059,0.0,3.8904678509441556e-05
298,1.9751998980840046,2.654942750930786,0.134911164147441,0.05463316097608798,955.9011,0.5357011556625366,3.858247499231756e-05
299,1.931336760520935,2.658649444580078,0.134911164147441,0.054651560460252636,956.4116,0.5382958054542542,3.826077091472504e-05
300,1.931607723236084,2.6611557006835938,0.13484486873508353,0.05466959324977802,956.39777,0.5393836498260498,3.7939580349042535e-05
301,1.9909990231196086,2.6595234870910645,0.13484486873508353,0.054566786560803354,954.70386,0.5536134243011475,3.76189173451859e-05
302,1.9825828472773235,2.6566858291625977,0.13497745955979845,0.05515151425360898,955.7265,0.5559220314025879,3.729879592999374e-05
303,1.9090474843978882,2.629521369934082,0.13497745955979845,0.055257426185429726,956.2351,0.0,3.697923010661381e-05
304,1.9387684265772502,2.622421979904175,0.13497745955979845,0.05522434010825896,955.791,0.0,3.666023385389045e-05
305,2.1112442016601562,2.6341333389282227,0.1351100503845134,0.05579930786078507,954.40704,0.0,3.634182112575317e-05
306,1.9305511315663655,2.6619672775268555,0.13504375497215593,0.0554507480254393,955.4867,0.575705349445343,3.602400585060621e-05
307,1.9467006921768188,2.6667470932006836,0.1351100503845134,0.055781740344822306,955.3145,0.5730009078979492,3.570680193071929e-05
308,1.911910057067871,2.667572498321533,0.1351100503845134,0.05571643440066847,955.8603,0.5675956606864929,3.5390223241619463e-05
309,1.9311435619990032,2.665199041366577,0.1351100503845134,0.05571649652735021,955.7352,0.5673701763153076,3.507428363148417e-05
310,1.9329647620519002,2.641561985015869,0.13517634579687085,0.05608034808553132,953.8398,0.0,3.475899692053544e-05
311,1.9332340955734253,2.6419363021850586,0.13517634579687085,0.056097585734386265,955.88074,0.0,3.44443769004354e-05
312,1.918887694676717,2.6693975925445557,0.13517634579687085,0.05601763172815127,955.59686,0.5636496543884277,3.4130437333682974e-05
313,1.9366008440653484,2.6733145713806152,0.1351100503845134,0.0557236583835003,956.90955,0.561234712600708,3.381719195301185e-05
314,2.0024098555246987,2.675037384033203,0.13524264120922833,0.0563672686572544,955.9333,0.5568723678588867,3.350465446078969e-05
315,1.940442721048991,2.672480344772339,0.13524264120922833,0.05636470987043802,954.99347,0.5532953143119812,3.319283852841894e-05
316,1.9222065607706706,2.6521220207214355,0.13524264120922833,0.05640561189080124,953.9832,0.0,3.2881757795738614e-05
317,1.9289563496907551,2.6718950271606445,0.13517634579687085,0.05634144631560015,953.7231,0.5683907270431519,3.257142587042771e-05
318,1.9539895057678223,2.6745169162750244,0.13517634579687085,0.05636159648185855,954.154,0.5738612413406372,3.226185632740999e-05
319,1.9115279118220012,2.674802780151367,0.13517634579687085,0.05634184868585782,953.70807,0.5705745220184326,3.1953062708260124e-05
320,1.9312727451324463,2.674508810043335,0.13524264120922833,0.056617604993326784,952.6961,0.5657974481582642,3.164505852061137e-05
321,1.9360491434733074,2.672961711883545,0.13524264120922833,0.05661312928130657,951.76697,0.5585227012634277,3.133785723756468e-05
322,1.9331727027893066,2.6729393005371094,0.13524264120922833,0.05660922685424888,951.24664,0.5538419485092163,3.103147229709938e-05
323,1.912911852200826,2.6735854148864746,0.13524264120922833,0.05660555887840514,950.27844,0.5470017194747925,3.0725917101485325e-05
324,1.9482464790344238,2.675624370574951,0.13517634579687085,0.05657628098266384,951.07263,0.5539838075637817,3.042120501669661e-05
325,1.9595572153727214,2.6759421825408936,0.13524264120922833,0.056890000541484666,950.5943,0.5451728105545044,3.011734937182697e-05
326,1.9182559649149578,2.6769320964813232,0.13544152744630072,0.05776837576895723,949.4217,0.5305109620094299,2.981436345850666e-05
327,1.9484035968780518,2.67624568939209,0.13557411827101565,0.05837944219417866,948.18866,0.5304815769195557,2.9512260530321066e-05
328,1.8982539176940918,2.6772725582122803,0.13557411827101565,0.05837944219417866,948.18866,0.5304815769195557,2.9211053802230952e-05
329,1.9216100374857585,2.6770784854888916,0.13557411827101565,0.05835945615373068,948.43884,0.5357086658477783,2.891075644999437e-05
330,1.9330192009607952,2.6765787601470947,0.13550782285865817,0.0581053438825045,948.8204,0.5362092852592468,2.8611381609590337e-05
331,1.9366846481959026,2.666069746017456,0.13557411827101565,0.0584259566785283,948.98083,0.0,2.831294237664423e-05
332,1.9129269917805989,2.679481029510498,0.13550782285865817,0.05812516153171987,949.3524,0.5256273746490479,2.8015451805854866e-05
333,1.9219235976537068,2.6819076538085938,0.13517634579687085,0.05671238044054293,950.6357,0.5243344306945801,2.7718922910423602e-05
334,1.9329920609792073,2.6821470260620117,0.13530893662158577,0.05729256116690053,950.19354,0.5177706480026245,2.742336866148491e-05
335,1.9188496669133503,2.681987762451172,0.13550782285865817,0.05815750090886689,949.94995,0.52420973777771,2.7128801987539094e-05
336,1.9542845884958904,2.683058738708496,0.13564041368337312,0.058704104976553734,949.23737,0.5218313932418823,2.6835235773886766e-05
337,1.9707380930582683,2.683124303817749,0.13550782285865817,0.05813425126261071,949.29614,0.5220434665679932,2.6542682862065102e-05
338,1.94417405128479,2.6841771602630615,0.13550782285865817,0.05813340260651819,948.9108,0.5218824744224548,2.6251156049286235e-05
339,1.9590391715367634,2.684638500213623,0.13550782285865817,0.05813087185458289,947.81946,0.5144075155258179,2.596066808787733e-05
340,1.922406832377116,2.685452461242676,0.13564041368337312,0.05871869708846573,947.6962,0.5132308006286621,2.5671231684722936e-05
341,2.0151968399683633,2.6852574348449707,0.13550782285865817,0.05827324807552317,948.1346,0.5161416530609131,2.5382859500708912e-05
342,1.9346701701482136,2.665372848510742,0.13544152744630072,0.05805876346519581,947.9331,0.0,2.50955641501688e-05
343,1.9276907046635945,2.656236171722412,0.13544152744630072,0.058112258511133524,947.8145,0.0,2.4809358200331954e-05
344,1.9294044971466064,2.684767246246338,0.13544152744630072,0.0580470555785679,947.4294,0.5133960247039795,2.452425417077377e-05
345,1.935131311416626,2.6866586208343506,0.13557411827101565,0.058669529649498314,946.1932,0.5122749209403992,2.4240264532868153e-05
346,1.92130708694458,2.687417984008789,0.13564041368337312,0.05902879861484678,946.0746,0.5121796131134033,2.3957401709241823e-05
347,1.9163095553716023,2.6879403591156006,0.13564041368337312,0.059028736781342385,946.1997,0.5122514963150024,2.3675678073231047e-05
348,1.901378870010376,2.687727212905884,0.13564041368337312,0.059031068372721346,945.9579,0.5109997987747192,2.3395105948340337e-05
349,1.922289212544759,2.6882245540618896,0.13564041368337312,0.05908737641780965,946.01855,0.512337327003479,2.3115697607703332e-05
350,1.917393962542216,2.687561273574829,0.13570670909573057,0.059386329220859575,946.01855,0.5086153745651245,2.283746527354605e-05
351,1.956231991449992,2.68804931640625,0.13557411827101565,0.05884340879499138,946.0829,0.5074054002761841,2.25604211166521e-05
352,1.9286271731058757,2.6880204677581787,0.13564041368337312,0.05919229399581062,944.8309,0.5137630701065063,2.2284577255830422e-05
353,1.9239226579666138,2.6871538162231445,0.13570670909573057,0.059488948176459305,943.7141,0.5167989730834961,2.2009945757385085e-05
354,1.9204597473144531,2.6873111724853516,0.13564041368337312,0.059190211620249476,944.23444,0.5219372510910034,2.1736538634587528e-05
355,1.9360759258270264,2.687936305999756,0.13570670909573057,0.05949013701416682,943.9117,0.5166842937469482,2.1464367847151014e-05
356,1.9083813826243083,2.686755657196045,0.13570670909573057,0.05948678166049429,943.30524,0.5088449716567993,2.1193445300707483e-05
357,1.9561556180318196,2.6871049404144287,0.13570670909573057,0.05948571278449872,942.9824,0.5086420178413391,2.0923782846286808e-05
358,1.899606704711914,2.688005208969116,0.13570670909573057,0.05948580591648071,942.85736,0.5099307298660278,2.06553922797983e-05
359,1.8974252541859944,2.688469171524048,0.13570670909573057,0.059486874792476274,943.18005,0.5101306438446045,2.038828534151484e-05
360,1.895143985748291,2.6890721321105957,0.13570670909573057,0.0595241577912344,943.18005,0.5104947686195374,2.0122473715559192e-05
361,1.9141878684361775,2.688973903656006,0.13570670909573057,0.059486874792476274,943.18005,0.5101306438446045,1.985796902939297e-05
362,1.9157654841740925,2.6893467903137207,0.13570670909573057,0.05948796199308204,943.50275,0.5115612745285034,1.959478285330806e-05
363,1.9354343016942341,2.6892905235290527,0.13577300450808805,0.05973158415132407,942.9336,0.5078518390655518,1.9332926699920374e-05
364,1.9000353813171387,2.6905012130737305,0.13577300450808805,0.05969423141292501,942.8124,0.5073585510253906,1.9072412023666392e-05
365,1.9164069096247356,2.6910996437072754,0.1358392999204455,0.0599926682988084,942.8142,0.5065342783927917,1.881325022030198e-05
366,1.9524314006169636,2.6925880908966064,0.13570670909573057,0.05968045808609038,942.93744,0.5076107382774353,1.855545262640398e-05
367,1.9668424526850383,2.69370698928833,0.13570670909573057,0.05966420067930754,942.97284,0.5158201456069946,1.8299030518874326e-05
368,1.9333281914393108,2.693711757659912,0.13577300450808805,0.0599435011280863,942.8497,0.5148446559906006,1.804399511444665e-05
369,1.9192575613657634,2.6932923793792725,0.1358392999204455,0.06023700490367372,942.24506,0.506761908531189,1.779035756919579e-05
370,1.9161728620529175,2.6929283142089844,0.13597189074516045,0.06079102150459756,942.03406,0.5097320079803467,1.7538128978049616e-05
371,1.9087901910146077,2.6637277603149414,0.13590559533280297,0.06060141141273721,941.83453,0.0,1.7287320374303823e-05
372,1.9381221532821655,2.6676766872406006,0.13597189074516045,0.06087532925730318,940.9073,0.0,1.703794272913925e-05
373,1.9538370768229167,2.6931958198547363,0.13590559533280297,0.060508895319644034,940.6452,0.4991893768310547,1.6790006951141943e-05
374,1.894799033800761,2.6946585178375244,0.13590559533280297,0.060515774792645124,941.06726,0.5039211511611938,1.6543523885826075e-05
375,1.920789321263631,2.6961750984191895,0.1358392999204455,0.06022002566272152,941.31573,0.5048936605453491,1.629850431515937e-05
376,1.9316688378651936,2.695483684539795,0.13590559533280297,0.06051571277421822,941.1924,0.5042225122451782,1.6054958957091648e-05
377,1.93981929620107,2.695183515548706,0.1360381861575179,0.0610620811900178,939.8901,0.48935168981552124,1.5812898465085812e-05
378,1.908111810684204,2.694056987762451,0.1360381861575179,0.06105986397582138,939.6298,0.48582136631011963,1.5572333427651967e-05
379,1.914972225824992,2.6946465969085693,0.13597189074516045,0.060787515645986404,939.2732,0.4942702651023865,1.5333274367884166e-05
380,1.9106071790059407,2.6957428455352783,0.13590559533280297,0.06047500367821047,939.1717,0.4896056056022644,1.5095731743000129e-05
381,1.9246195157368977,2.695922374725342,0.1360381861575179,0.06105886096687333,938.3188,0.49490249156951904,1.4859715943883818e-05
382,1.9242078860600789,2.696568012237549,0.1360381861575179,0.06104014132050617,938.0315,0.4810102581977844,1.4625237294630842e-05
383,1.9607921441396077,2.6973249912261963,0.13610448156987537,0.06131068024427523,938.4619,0.48873841762542725,1.439230605209694e-05
384,1.9161772727966309,2.6972596645355225,0.13610448156987537,0.06129034269743556,938.3387,0.48719871044158936,1.416093240544925e-05
385,1.908862829208374,2.697377920150757,0.13610448156987537,0.06131417991705582,938.9433,0.47990328073501587,1.393112647572062e-05
386,1.8963911930720012,2.6975159645080566,0.1360381861575179,0.06102252298430596,938.88074,0.48016834259033203,1.3702898315366897e-05
387,1.996371070543925,2.6977906227111816,0.1360381861575179,0.061022491986673186,938.88074,0.4802277684211731,1.3476257907827157e-05
388,1.9024866819381714,2.6968603134155273,0.1360381861575179,0.06101905431687763,938.3368,0.48894351720809937,1.325121516708705e-05
389,1.9232639869054158,2.6911628246307373,0.1360381861575179,0.061031047779562905,938.0866,0.0,1.3027779937245082e-05
390,1.9099053541819255,2.6766154766082764,0.13610448156987537,0.06138683750909476,937.7186,0.0,1.2805961992082046e-05
391,1.8929900725682576,2.6971452236175537,0.13610448156987537,0.06133235318018769,937.7186,0.4801807403564453,1.2585771034633454e-05
392,1.894550363222758,2.698002338409424,0.1360381861575179,0.06104029646316092,937.7186,0.4806162118911743,1.236721669676509e-05
393,1.9076509475708008,2.698517322540283,0.1360381861575179,0.061036805150301125,937.23724,0.48797106742858887,1.2150308538751728e-05
394,1.886137326558431,2.699169158935547,0.1360381861575179,0.06108025855911546,938.12915,0.4876408576965332,1.1935056048858873e-05
395,1.917027473449707,2.6993231773376465,0.1360381861575179,0.06108025855911546,938.12915,0.4876408576965332,1.1721468642927765e-05
396,1.936445713043213,2.6995279788970947,0.1360381861575179,0.06108025855911546,938.12915,0.4876408576965332,1.150955566396346e-05
397,1.8992536862691243,2.699282646179199,0.13597189074516045,0.06078465556377001,937.80444,0.4917334318161011,1.1299326381726151e-05
398,1.8935537338256836,2.6993203163146973,0.13597189074516045,0.06076385643576944,937.2334,0.48906630277633667,1.1090789992325717e-05
399,1.9015933672587078,2.69907546043396,0.1360381861575179,0.06105706622044574,937.1103,0.4880228042602539,1.0883955617819365e-05
400,1.9013477563858032,2.683997392654419,0.1360381861575179,0.06107394286361331,936.98706,0.0,1.0678832305812705e-05
401,1.9020999670028687,2.6752188205718994,0.1360381861575179,0.06110322177221488,936.98706,0.0,1.0475429029063908e-05
402,1.9899892409642537,2.6718337535858154,0.13610448156987537,0.061409922726010105,937.0496,0.0,1.0273754685091236e-05
403,1.9161955118179321,2.676478624343872,0.1360381861575179,0.06112010541926308,937.1103,0.0,1.0073818095783827e-05
404,1.9420355955759685,2.6967992782592773,0.1360381861575179,0.06106123725959378,937.17285,0.0,9.875628007015793e-06
405,1.904747486114502,2.6994106769561768,0.13597189074516045,0.06076385643576944,937.2334,0.48906630277633667,9.679193088263682e-06
406,1.9125285148620605,2.699470043182373,0.13597189074516045,0.06076049366898511,936.5645,0.481631338596344,9.48452193222718e-06
407,1.9088228940963745,2.699699878692627,0.1360381861575179,0.06105370345366141,936.4413,0.4806111454963684,9.291623054453314e-06
408,1.8972744941711426,2.699716091156006,0.1360381861575179,0.06105373456739008,936.3787,0.48044008016586304,9.100504892963908e-06
409,1.9107686678568523,2.700021982192993,0.1360381861575179,0.0610315607187109,935.6101,0.48444414138793945,8.911175807886461e-06
410,1.9633334477742512,2.700096368789673,0.1360381861575179,0.0610305388150575,935.34985,0.4835449457168579,8.723644081088517e-06
411,1.9607227643330891,2.7000038623809814,0.13597189074516045,0.06074126023593023,935.89185,0.49170613288879395,8.537917915815304e-06
412,1.9430524508158367,2.7001373767852783,0.13590559533280297,0.060447558341125335,936.20276,0.4928419589996338,8.354005436330988e-06
413,1.9235125382741292,2.699862003326416,0.13597189074516045,0.06072045925249644,935.6336,0.4884258508682251,8.171914687563191e-06
414,1.9012120564778645,2.698826789855957,0.13590559533280297,0.06044569664164311,935.4341,0.48939257860183716,7.991653634751168e-06
415,1.9088439146677654,2.6849143505096436,0.13590559533280297,0.06046027926451777,934.7887,0.0,7.813230163097331e-06
416,1.91080904006958,2.675525188446045,0.13590559533280297,0.06049140015861473,934.7887,0.0,7.636652077422336e-06
417,1.889789342880249,2.676246166229248,0.13590559533280297,0.06048960946827949,934.7887,0.0,7.461927101823698e-06
418,1.9168896675109863,2.6823606491088867,0.13590559533280297,0.06044752339621651,934.02,0.0,7.289062879337873e-06
419,1.9242303371429443,2.6815032958984375,0.13590559533280297,0.060471611115914,934.46594,0.0,7.118066971605949e-06
420,1.903332511583964,2.6957571506500244,0.13597189074516045,0.06072549064680133,934.46783,0.0,6.948946858542884e-06
421,1.894719084103902,2.700688123703003,0.13597189074516045,0.06071667613821027,934.46783,0.48699623346328735,6.7817099380103e-06
422,1.905151605606079,2.70135760307312,0.13597189074516045,0.06071757128559174,934.7905,0.4870765805244446,6.616363525492873e-06
423,1.9346931378046672,2.700941324234009,0.13597189074516045,0.06065417168537535,933.5586,0.4951709508895874,6.452914853778333e-06
424,1.9297741651535034,2.6938090324401855,0.13597189074516045,0.060669019383873445,933.5586,0.0,6.291371072641077e-06
425,1.9666678110758464,2.680842638015747,0.13597189074516045,0.06072751951220395,933.25323,0.0,6.131739248529433e-06
426,1.9026140371958415,2.681002140045166,0.13597189074516045,0.06070574678773266,933.2359,0.0,5.974026364256508e-06
427,1.9040164947509766,2.6869144439697266,0.1360381861575179,0.060979676527594937,933.3728,0.0,5.818239318694789e-06
428,1.9370094935099285,2.685325860977173,0.13610448156987537,0.0612741830093817,932.9269,0.0,5.664384926474323e-06
429,1.9277581771214802,2.6883411407470703,0.1360381861575179,0.06097401134090619,932.7274,0.0,5.512469917684656e-06
430,1.948532223701477,2.676755905151367,0.1360381861575179,0.0610122104093997,932.7274,0.0,5.362500937580397e-06
431,1.9095467329025269,2.674278497695923,0.1360381861575179,0.06102242384625976,932.7274,0.0,5.214484546290568e-06
432,1.8994505008061726,2.674607038497925,0.1360381861575179,0.06102161906206452,932.7274,0.0,5.068427218531641e-06
433,1.9359219074249268,2.673767566680908,0.1360381861575179,0.06102518997751008,932.66486,0.0,4.924335343324283e-06
434,1.9086538155873616,2.675398826599121,0.1360381861575179,0.061022515209806935,933.14624,0.0,4.782215223713911e-06
435,1.907120704650879,2.680997610092163,0.1360381861575179,0.06100306199271507,933.14624,0.0,4.642073076494963e-06
436,1.921601414680481,2.681020736694336,0.1360381861575179,0.06100329483049819,933.14624,0.0,4.503915031938954e-06
437,1.9123746156692505,2.6852457523345947,0.1360381861575179,0.0609900540040281,933.0837,0.0,4.367747133526323e-06
438,1.9060729344685872,2.682483196258545,0.13597189074516045,0.060708838538452374,933.5296,0.0,4.233575337682075e-06
439,1.9037696917851765,2.682495355606079,0.13597189074516045,0.060705701281755106,932.9857,0.0,4.101405513515212e-06
440,1.9127753575642903,2.6841328144073486,0.13597189074516045,0.060704148255271845,933.46704,0.0,3.971243442562008e-06
441,1.9319798946380615,2.6843254566192627,0.13597189074516045,0.0607039724639825,933.46704,0.0,3.843094818533125e-06
442,1.9050969282786052,2.6803860664367676,0.13597189074516045,0.06071411967594641,932.92316,0.0,3.7169652470645113e-06
443,1.9530480305353801,2.682229518890381,0.13597189074516045,0.060707762733635665,932.8606,0.0,3.592860245472235e-06
444,1.9100284576416016,2.684142589569092,0.13597189074516045,0.060701484155376795,932.8606,0.0,3.4707852425111098e-06
445,1.9398976961771648,2.686084508895874,0.13597189074516045,0.06071579900354259,932.55524,0.0,3.3507455781372214e-06
446,1.8962941964467366,2.6898319721221924,0.13597189074516045,0.06070450298710929,932.55524,0.0,3.2327465032743796e-06
447,1.9421623547871907,2.6892247200012207,0.13597189074516045,0.06070615905876183,932.55524,0.0,3.1167931795843688e-06
448,1.8941917022069295,2.698025703430176,0.13597189074516045,0.06068277304980721,932.55524,0.0,3.0028906792412153e-06
449,1.9176151752471924,2.694721221923828,0.13597189074516045,0.060691139702848514,932.55524,0.0,2.891043984709274e-06
450,1.9279184341430664,2.6914749145507812,0.1360381861575179,0.06099175793834988,932.432,0.0,2.781257988525289e-06
451,1.9255475997924805,2.683211326599121,0.1360381861575179,0.06101683064089877,932.432,0.0,2.6735374930844067e-06
452,1.8972091674804688,2.682809829711914,0.1360381861575179,0.0610182844274437,932.432,0.0,2.5678872104300437e-06
453,1.9722939332326253,2.6811931133270264,0.1360381861575179,0.06102357978347453,932.432,0.0,2.4643117620478404e-06
454,1.9836468696594238,2.680216073989868,0.1360381861575179,0.061026682986457415,932.432,0.0,2.362815678663438e-06
455,1.911014238993327,2.6789586544036865,0.1360381861575179,0.0610311838416199,932.432,0.0,2.2634034000443247e-06
456,1.9033631881078084,2.679989814758301,0.1360381861575179,0.06102745648335956,932.432,0.0,2.166079274805623e-06
457,1.928548812866211,2.680401563644409,0.1360381861575179,0.061026009322669536,932.432,0.0,2.07084756021985e-06
458,1.9277978738149006,2.682196855545044,0.1360381861575179,0.06101970625104162,932.432,0.0,1.9777124220307254e-06
459,1.9986381928126018,2.6831226348876953,0.1360381861575179,0.06101655961191215,932.432,0.0,1.886677934270888e-06
460,1.8922330141067505,2.6812384128570557,0.1360381861575179,0.06101924071419621,931.9507,0.0,1.7977480790837607e-06
461,1.9313098589579265,2.681870460510254,0.1360381861575179,0.06101727857452214,931.9507,0.0,1.710926746549296e-06
462,1.91055428981781,2.6816601753234863,0.1360381861575179,0.06101802308829322,931.9507,0.0,1.626217734513839e-06
463,1.91452952226003,2.6791348457336426,0.1360381861575179,0.0610269528651045,931.9507,0.0,1.5436247484239956e-06
464,1.9061489899953206,2.6790809631347656,0.1360381861575179,0.061030935880136056,932.432,0.0,1.463151401164542e-06
465,1.9380030632019043,2.679313898086548,0.13597189074516045,0.06073862826659523,932.55524,0.0,1.3848012129003903e-06
466,1.9187041918436687,2.6789238452911377,0.13597189074516045,0.06074011534098183,932.55524,0.0,1.3085776109225863e-06
467,1.8923940261205037,2.6791560649871826,0.13597189074516045,0.06073941962462917,932.55524,0.0,1.2344839294984165e-06
468,1.920839786529541,2.6793642044067383,0.13597189074516045,0.06073509060005455,932.0739,0.0,1.1625234097255356e-06
469,1.8901255528132122,2.679842948913574,0.13597189074516045,0.06073705742275288,932.55524,0.0,1.0926991993901939e-06
470,1.8890602588653564,2.6809887886047363,0.13597189074516045,0.06073305533182913,932.55524,0.0,1.0250143528295581e-06
471,1.9103443622589111,2.6799302101135254,0.13597189074516045,0.060736959766500495,932.55524,0.0,9.594718307980774e-07
472,1.9665623903274536,2.679896831512451,0.13597189074516045,0.06073710627377441,932.55524,0.0,8.960745003379992e-07
473,1.92961581548055,2.6797056198120117,0.13597189074516045,0.060734254128476675,932.0739,0.0,8.348251346539345e-07
474,1.9244823058446248,2.6803927421569824,0.13597189074516045,0.06073177123125692,932.0739,0.0,7.757264129915584e-07
475,1.9123612244923909,2.6799864768981934,0.1360381861575179,0.06102474489026245,931.9507,0.0,7.18780920520414e-07
476,1.9149300654729207,2.6799042224884033,0.1360381861575179,0.06102503749320877,931.9507,0.0,6.639911482208125e-07
477,1.9632721344629924,2.6796979904174805,0.1360381861575179,0.061025722371322595,931.9507,0.0,6.113594927748953e-07
478,1.889864206314087,2.679532289505005,0.1360381861575179,0.06102626259977834,931.9507,0.0,5.608882564617669e-07
479,1.9172090689341228,2.679727554321289,0.1360381861575179,0.06102552638568178,931.9507,0.0,5.125796470568174e-07
480,1.9057554006576538,2.6801564693450928,0.1360381861575179,0.06102406427663968,931.9507,0.0,4.6643577773511546e-07
481,1.933804194132487,2.6803176403045654,0.1360381861575179,0.06102348325137072,931.9507,0.0,4.224586669789847e-07
482,1.8997810284296672,2.6804304122924805,0.1360381861575179,0.061023097103955516,931.9507,0.0,3.806502384897289e-07
483,1.9096139272054036,2.6805477142333984,0.1360381861575179,0.0610226638330854,931.9507,0.0,3.4101232110343623e-07
484,1.9314985275268555,2.680589437484741,0.1360381861575179,0.06102251967803223,931.9507,0.0,3.0354664871103387e-07
485,1.9306990305582683,2.680784225463867,0.1360381861575179,0.061021848722859734,931.9507,0.0,2.682548601823987e-07
486,1.9345920483271282,2.680722236633301,0.1360381861575179,0.06102208801596492,931.9507,0.0,2.351384992946922e-07
487,1.9007283846537273,2.680809497833252,0.1360381861575179,0.06102180090863444,931.9507,0.0,2.0419901466482058e-07
488,1.910657564798991,2.6807427406311035,0.1360381861575179,0.06102204012772382,931.9507,0.0,1.7543775968607012e-07
489,1.956477125485738,2.680971145629883,0.1360381861575179,0.0610212759263001,931.9507,0.0,1.4885599246891036e-07
490,1.886569857597351,2.681140899658203,0.1360381861575179,0.061020657786287194,931.9507,0.0,1.244548757859528e-07
491,1.9214030504226685,2.6811397075653076,0.1360381861575179,0.06102070524761405,931.9507,0.0,1.022354770210861e-07
492,1.922129233678182,2.681272506713867,0.1360381861575179,0.0610202312914013,931.9507,0.0,8.219876812279685e-08
493,1.9196058511734009,2.6813254356384277,0.1360381861575179,0.06102004211693384,931.9507,0.0,6.434562556163666e-08
494,1.9489185015360515,2.6813318729400635,0.1360381861575179,0.06102004211693384,931.9507,0.0,4.867683029190311e-08
495,1.9308046102523804,2.681309461593628,0.1360381861575179,0.061020089388736314,931.9507,0.0,3.519306771745945e-08
496,1.8903226455052693,2.6813008785247803,0.1360381861575179,0.06102013667507723,931.9507,0.0,2.3894927661762453e-08
497,1.9347705841064453,2.6813008785247803,0.1360381861575179,0.06102013667507723,931.9507,0.0,1.4782904342057019e-08
498,1.9342628717422485,2.6812992095947266,0.1360381861575179,0.06102013667507723,931.9507,0.0,7.857396347763871e-09
499,1.9138875404993694,2.68129825592041,0.1360381861575179,0.06102013667507723,931.9507,0.0,3.1187066230361124e-09
500,1.899105469385783,2.681298017501831,0.1360381861575179,0.06102013667507723,931.9507,0.0,5.670424535160941e-10
