rate_requests_s,run_id,time_s,measured_w_per_gpu,predicted_w_per_gpu
0.125,146,0,417.63249999999994,434.85393740655746
0.125,146,1,304.2075,282.02799267521453
0.125,146,2,121.965,120.355
0.125,146,3,121.25,120.355
0.125,146,4,120.99499999999999,120.355
0.125,146,5,120.81,120.355
0.125,146,6,154.5075,159.9165577019681
0.125,146,7,390.53999999999996,395.476825649131
0.125,146,8,430.06000000000006,434.4988843706395
0.125,146,9,433.39500000000004,434.57496106428516
0.125,146,10,436.18,434.6508602249331
0.125,146,11,438.76,434.72658183835085
0.125,146,12,299.79,338.79612681963204
0.125,146,13,122.9025,127.66282016498927
0.125,146,14,122.2375,120.355
0.125,146,15,122.305,120.355
0.125,146,16,168.37,151.7453668588841
0.125,146,17,405.015,387.30350042097723
0.125,146,18,329.96500000000003,353.0069042653457
0.125,146,19,123.3325,132.46355063594652
0.125,146,20,120.82,120.355
0.125,146,21,120.5875,120.355
0.125,146,22,120.4375,120.355
0.125,146,23,131.0025,120.355
0.125,146,24,318.46,295.2237664224714
0.125,146,25,385.0175,376.66820356911916
0.125,146,26,147.5525,141.101588230021
0.125,146,27,120.485,120.355
0.125,146,28,120.2475,120.355
0.125,146,29,120.13,120.355
0.125,146,30,193.84500000000003,211.82152768113906
0.125,146,31,292.0775,269.04468467681204
0.125,146,32,120.2375,120.355
0.125,146,33,119.9375,120.355
0.125,146,34,129.1625,137.40441526924855
0.125,146,35,350.015,367.80123058998305
0.125,146,36,434.2425,434.48895941205785
0.125,146,37,433.64250000000004,434.5650593176571
0.125,146,38,435.85749999999996,434.6409812564217
0.125,146,39,439.49,434.7167264062076
0.125,146,40,326.6825,325.63924625985135
0.125,146,41,122.035,123.27924320255033
0.125,146,42,121.32000000000001,120.355
0.125,146,43,152.91,146.92875028308174
0.125,146,44,121.8125,120.355
0.125,146,45,121.5075,120.355
0.125,146,46,121.12,120.355
0.125,146,47,136.8225,139.92437791286102
0.125,146,48,164.76,161.2225736794466
0.125,146,49,120.655,120.355
0.125,146,50,120.5,120.355
0.125,146,51,120.42249999999999,120.355
0.125,146,52,120.38,120.355
0.125,146,53,120.29749999999999,120.355
0.125,146,54,120.3175,120.355
0.125,146,55,120.585,120.355
0.125,146,56,120.73,120.355
0.125,146,57,120.655,120.355
0.125,146,58,120.6575,120.355
0.125,146,59,120.6275,120.355
0.125,146,60,120.6,120.355
0.125,146,61,120.2425,120.355
0.125,146,62,119.2225,120.355
0.125,146,63,119.04749999999999,120.355
0.125,146,64,119.02499999999999,120.355
0.125,146,65,127.09750000000001,127.351670778277
0.125,146,66,126.5525,127.35167077827701
0.125,146,67,118.8975,120.355
0.125,146,68,118.545,120.355
0.125,146,69,118.4975,120.355
0.125,146,70,118.5075,120.355
0.125,146,71,118.4925,120.355
0.125,146,72,118.47500000000001,120.355
0.125,146,73,118.4425,120.355
0.125,146,74,118.4225,120.355
0.125,146,75,118.4325,120.355
0.125,146,76,118.38250000000001,120.355
0.125,146,77,118.39750000000001,120.355
0.125,146,78,118.36500000000001,120.355
0.125,146,79,118.36500000000001,120.355
0.125,146,80,118.3325,120.355
0.125,146,81,118.315,120.355
0.125,146,82,118.2825,120.355
0.125,146,83,118.27250000000001,120.355
0.125,146,84,118.30250000000001,120.355
0.125,146,85,118.2425,120.355
0.125,146,86,118.19749999999999,120.355
0.125,146,87,118.19250000000001,120.355
0.125,146,88,118.205,120.355
0.125,146,89,118.1975,120.355
0.125,146,90,118.2075,120.355
0.125,146,91,130.4775,120.355
0.125,146,92,272.89,266.12589515143605
0.125,146,93,138.4375,163.60648541146716
0.125,146,94,118.27000000000001,120.355
0.125,146,95,139.73749999999998,126.03546373882298
0.125,146,96,373.38,333.682891772876
0.125,146,97,436.2725,434.4706169698665
0.125,146,98,388.6125,421.7138383269068
0.125,146,99,156.42000000000002,199.69477493147275
0.125,146,100,121.51249999999999,120.355
0.125,146,101,121.24,120.355
0.125,146,102,121.205,120.355
0.125,146,103,121.1,120.355
0.125,146,104,121.0575,120.355
0.125,146,105,120.9925,120.355
0.125,146,106,120.81,120.355
0.125,146,107,120.54249999999999,120.355
0.125,146,108,126.20749999999998,125.42315219441232
0.125,146,109,126.02,122.68692471594235
0.125,146,110,120.3775,120.355
0.125,146,111,120.33999999999999,120.355
0.125,146,112,120.2875,120.355
0.125,146,113,120.3225,120.355
0.125,146,114,162.2875,178.20294629238975
0.125,146,115,402.105,413.9288494685159
0.125,146,116,436.87499999999994,434.71930121865023
0.125,146,117,378.02750000000003,368.51255986941135
0.125,146,118,141.01000000000002,137.5698119937144
0.125,146,119,119.99999999999999,120.355
0.125,146,120,119.83,120.355
0.125,146,121,192.9075,194.3914455616046
0.125,146,122,149.945,151.15590494623146
0.125,146,123,119.0675,120.355
0.125,146,124,118.71249999999999,120.355
0.125,146,125,118.53,120.355
0.125,146,126,118.4725,120.355
0.125,146,127,118.435,120.355
0.125,146,128,118.505,120.355
0.125,146,129,118.43,120.355
0.125,146,130,118.45000000000002,120.355
0.125,146,131,118.34,120.355
0.125,146,132,118.34,120.355
0.125,146,133,118.3575,120.355
0.125,146,134,118.30250000000001,120.355
0.125,146,135,118.33500000000001,120.355
0.125,146,136,118.29750000000001,120.355
0.125,146,137,118.295,120.355
0.125,146,138,118.2575,120.355
0.125,146,139,118.22999999999999,120.355
0.125,146,140,118.2475,120.355
0.125,146,141,119.48499999999999,120.355
0.125,146,142,329.6875,306.2175109000939
0.125,146,143,437.3075,440.29559960280665
0.125,146,144,433.59999999999997,436.62315617028435
0.125,146,145,349.1125,390.9559504391318
0.125,146,146,134.1,155.1944154482446
0.125,146,147,119.09,120.355
0.125,146,148,118.91499999999999,120.355
0.125,146,149,118.805,120.355
0.125,146,150,118.73,120.355
0.125,146,151,118.66250000000001,120.355
0.125,146,152,118.625,120.355
0.125,146,153,118.55250000000001,120.355
0.125,146,154,118.5375,120.355
0.125,146,155,118.49,120.355
0.125,146,156,118.46249999999999,120.355
0.125,146,157,148.5725,132.87049056488408
0.125,146,158,384.6575,354.1914232715139
0.125,146,159,432.32000000000005,434.4761289722421
0.125,146,160,274.3675,332.9244252654995
0.125,146,161,121.2825,125.75767262213375
0.125,146,162,120.98,120.355
0.125,146,163,120.8525,120.355
0.125,146,164,120.80250000000001,120.355
0.125,146,165,120.7025,120.355
0.125,146,166,120.66499999999999,120.355
0.125,146,167,120.6075,120.355
0.125,146,168,120.5575,120.355
0.125,146,169,143.995,129.27255951500197
0.125,146,170,213.96875,203.22655731933764
0.125,146,171,118.9675,120.355
0.125,146,172,118.5275,120.355
0.125,146,173,118.46499999999999,120.355
0.125,146,174,118.44,120.355
0.125,146,175,118.4175,120.355
0.125,146,176,118.39750000000001,120.355
0.125,146,177,118.305,120.355
0.125,146,178,118.2925,120.355
0.125,146,179,118.315,120.355
0.125,146,180,118.26,120.355
0.125,146,181,118.28500000000001,120.355
0.125,146,182,118.2575,120.355
0.125,146,183,118.225,120.355
0.125,146,184,118.2275,120.355
0.125,146,185,118.2075,120.355
0.125,146,186,245.22000000000003,246.8425086900794
0.125,146,187,440.57,435.4465909300866
0.125,146,188,441.23,434.88354291902294
0.125,146,189,440.725,434.9587233694209
0.125,146,190,376.20500000000004,395.39908878253084
0.125,146,191,133.5675,159.39940379636073
0.125,146,192,119.9075,120.355
0.125,146,193,119.645,120.355
0.125,146,194,119.53,120.355
0.125,146,195,119.76749999999998,120.355
0.125,146,196,119.905,120.355
0.125,146,197,119.37,120.355
0.125,146,198,119.2375,120.355
0.125,146,199,119.19999999999999,120.355
0.125,146,200,119.11250000000001,120.355
0.125,146,201,119.1125,120.355
0.125,146,202,119.08,120.355
0.125,146,203,119.22,120.355
0.125,146,204,119.63,120.355
0.125,146,205,119.5775,120.355
0.125,146,206,119.58500000000001,120.355
0.125,146,207,118.985,120.355
0.125,146,208,118.875,120.355
0.125,146,209,119.14999999999999,120.355
0.125,146,210,119.03999999999999,120.355
0.125,146,211,118.83250000000001,120.355
0.125,146,212,118.84499999999998,120.355
0.125,146,213,118.8075,120.355
0.125,146,214,118.79500000000002,120.355
0.125,146,215,118.74000000000001,120.355
0.125,146,216,118.74,120.355
0.125,146,217,307.7375,308.91443658264996
0.125,146,218,432.27250000000004,434.4873951078381
0.125,146,219,407.9425,417.8555862119208
0.125,146,220,176.065,188.0760700619966
0.125,146,221,118.9275,120.355
0.125,146,222,118.67750000000001,120.355
0.125,146,223,118.585,120.355
0.125,146,224,118.55249999999998,120.355
0.125,146,225,118.4725,120.355
0.125,146,226,118.4675,120.355
0.125,146,227,118.425,120.355
0.125,146,228,118.38749999999999,120.355
0.125,146,229,136.1475,130.05335069461117
0.125,146,230,367.65,345.7601032563092
0.125,146,231,214.13,256.5645981638959
0.125,146,232,118.66499999999999,120.355
0.125,146,233,118.49,120.355
0.125,146,234,149.0375,134.8022394754069
0.125,146,235,365.76249999999993,348.93261707453735
0.125,146,236,209.96749999999997,204.36044517610316
0.125,146,237,119.3925,120.355
0.125,146,238,119.1825,120.355
0.125,146,239,119.13999999999999,120.355
0.125,146,240,119.06,120.355
0.125,146,241,119.0525,120.355
0.125,146,242,118.9975,120.355
0.125,146,243,118.9725,120.355
0.125,146,244,118.955,120.355
0.125,146,245,118.905,120.355
0.125,146,246,121.43,123.183125239406
0.125,146,247,173.98999999999998,174.65535131459163
0.125,146,248,214.5875,221.45052448826993
0.125,146,249,129.3,126.24339950761482
0.125,146,250,118.39,120.355
0.125,146,251,118.3175,120.355
0.125,146,252,118.34750000000001,120.355
0.125,146,253,118.19500000000001,120.355
0.125,146,254,118.2275,120.355
0.125,146,255,118.21249999999999,120.355
0.125,146,256,265.01,266.9542092233174
0.125,146,257,429.7725,434.9596766977031
0.125,146,258,441.64750000000004,435.34283626683015
0.125,146,259,371.4175,379.468599151974
0.125,146,260,134.83499999999998,143.64364344056753
0.125,146,261,118.91499999999999,120.355
0.125,146,262,118.7275,120.355
0.125,146,263,118.61250000000001,120.355
0.125,146,264,118.63,120.355
0.125,146,265,118.5525,120.355
0.125,146,266,118.50999999999999,120.355
0.125,146,267,118.5075,120.355
0.125,146,268,118.31,120.355
0.125,146,269,118.35249999999999,120.355
0.125,146,270,118.32,120.355
0.125,146,271,118.33000000000001,120.355
0.125,146,272,118.31250000000001,120.355
0.125,146,273,118.2625,120.355
0.125,146,274,118.2625,120.355
0.125,146,275,118.2425,120.355
0.125,146,276,118.2075,120.355
0.125,146,277,118.225,120.355
0.125,146,278,118.16499999999999,120.355
0.125,146,279,118.13,120.355
0.125,146,280,194.0475,166.23122294651955
0.125,146,281,422.7625,401.78746090792515
0.125,146,282,281.0175,318.8421849373791
0.125,146,283,118.82500000000002,121.0758365766466
0.125,146,284,118.5175,120.355
0.125,146,285,118.47500000000001,120.355
0.125,146,286,124.4525,126.10177163807782
0.125,146,287,123.4075,124.42930149005818
0.125,146,288,118.24000000000001,120.355
0.125,146,289,118.21,120.355
0.125,146,290,122.49000000000001,123.29209493302702
0.125,146,291,127.0425,129.16628479908104
0.125,146,292,118.79,120.355
0.125,146,293,245.38,240.4526589696889
0.125,146,294,326.46,334.34958465054376
0.125,146,295,119.69500000000001,126.25612357094282
0.125,146,296,119.14500000000001,120.355
0.125,146,297,119.035,120.355
0.125,146,298,119.06750000000001,120.355
0.125,146,299,118.97999999999999,120.355
0.125,146,300,119.0275,120.355
0.125,146,301,118.95,120.355
0.125,146,302,118.9775,120.355
0.125,146,303,118.97500000000001,120.355
0.125,146,304,118.93,120.355
0.125,146,305,232.89249999999998,223.62584215213434
0.125,146,306,141.87,155.41774519716023
0.125,146,307,118.85,120.355
0.125,146,308,118.8125,120.355
0.125,146,309,126.9275,120.355
0.125,146,310,148.955,157.4837347518161
0.125,146,311,118.1575,120.355
0.125,146,312,118.04999999999998,120.355
0.125,146,313,118.10750000000002,120.355
0.125,146,314,118.07,120.355
0.125,146,315,118.04,120.355
0.125,146,316,157.8075,139.42628231129703
0.125,146,317,393.015,374.59319362607454
0.125,146,318,435.18499999999995,435.38321821178863
0.125,146,319,442.2525,434.7553797518134
0.125,146,320,419.5075,434.4936580317204
0.125,146,321,189.87,237.36189848307177
0.125,146,322,121.0175,120.355
0.125,146,323,120.9875,120.355
0.125,146,324,191.29000000000002,163.61865473228826
0.125,146,325,429.6875,399.4297601281902
0.125,146,326,435.83500000000004,434.8326837265299
0.125,146,327,440.9925,434.90798253562116
0.125,146,328,356.8025,376.03095078629383
0.125,146,329,135.6925,140.06924790770705
0.125,146,330,119.4225,120.355
0.125,146,331,119.2525,120.355
0.125,146,332,252.31,255.00385199239363
0.125,146,333,283.52,288.4813740247721
0.125,146,334,119.26,120.355
0.125,146,335,119.0425,120.355
0.125,146,336,118.9675,120.355
0.125,146,337,118.845,120.355
0.125,146,338,118.8,120.355
0.125,146,339,126.965,128.93050665970077
0.125,146,340,144.1725,146.08151997910232
0.125,146,341,118.60000000000001,120.355
0.125,146,342,118.54,120.355
0.125,146,343,118.57,120.355
0.125,146,344,118.5375,120.355
0.125,146,345,118.39249999999998,120.355
0.125,146,346,118.44,120.355
0.125,146,347,118.37,120.355
0.125,146,348,118.39750000000001,120.355
0.125,146,349,118.3475,120.355
0.125,146,350,118.31,120.355
0.125,146,351,118.28999999999999,120.355
0.125,146,352,118.25,120.355
0.125,146,353,118.245,120.355
0.125,146,354,118.2,120.355
0.125,146,355,118.19999999999999,120.355
0.125,146,356,118.2,120.355
0.125,146,357,118.17,120.355
0.125,146,358,118.1425,120.355
0.125,146,359,118.15125,120.355
0.125,146,360,118.0625,120.355
0.125,146,361,118.055,120.355
0.125,146,362,123.69749999999999,126.05959075909088
0.125,146,363,340.76,333.75528753715537
0.125,146,364,377.8825,388.39896089571045
0.125,146,365,141.5275,152.82175694758436
0.125,146,366,118.4675,120.355
0.125,146,367,118.2975,120.355
0.125,146,368,118.23,120.355
0.125,146,369,118.19500000000001,120.355
0.125,146,370,118.16999999999999,120.355
0.125,146,371,118.20249999999999,120.355
0.125,146,372,293.635,286.11444125492153
0.125,146,373,363.175,373.6476317951774
0.125,146,374,146.605,139.35167105697766
0.125,146,375,125.7225,126.45055569352007
0.125,146,376,126.155,126.45055569352007
0.125,146,377,118.98,120.355
0.125,146,378,118.9525,120.355
0.125,146,379,118.91749999999999,120.355
0.125,146,380,155.20749999999998,149.4017317043752
0.125,146,381,123.2775,130.0372439014584
0.125,146,382,118.78,120.355
0.125,146,383,118.7175,120.355
0.125,146,384,118.6925,120.355
0.125,146,385,118.66,120.355
0.125,146,386,118.7525,120.355
0.125,146,387,118.7225,120.355
0.125,146,388,118.68,120.355
0.125,146,389,149.4525,132.51121904404675
0.125,146,390,377.095,353.4596121388021
0.125,146,391,403.34000000000003,427.64712052451057
0.125,146,392,169.165,215.07515942320157
0.125,146,393,118.68,120.355
0.125,146,394,118.585,120.355
0.125,146,395,118.49249999999999,120.355
0.125,146,396,118.4175,120.355
0.125,146,397,118.3875,120.355
0.125,146,398,119.94749999999999,120.355
0.125,146,399,323.1475,274.5661643171483
0.125,146,400,432.1275,434.603575242887
0.125,146,401,439.8775,434.6794072633968
0.125,146,402,390.2325,419.2292622020374
0.125,146,403,150.61749999999998,191.69414540848976
0.125,146,404,119.045,120.355
0.125,146,405,118.905,120.355
0.125,146,406,118.7275,120.355
0.125,146,407,118.67750000000001,120.355
0.125,146,408,319.7675,306.3642592669478
0.125,146,409,416.76,425.64177781603706
0.125,146,410,389.6125,398.64769798538117
0.125,146,411,262.905,277.58905453054484
0.125,146,412,119.39999999999999,120.355
0.125,146,413,119.02,120.355
0.125,146,414,319.3375,302.9851763869568
0.125,146,415,417.185,419.21051193652227
0.125,146,416,178.84750000000003,191.30138255774253
0.125,146,417,141.535,137.2623842508974
0.125,146,418,143.0375,147.68481469969763
0.125,146,419,118.9625,120.355
0.125,146,420,118.8875,120.355
0.125,146,421,118.8275,120.355
0.125,146,422,118.7475,120.355
0.125,146,423,118.66499999999999,120.355
0.125,146,424,219.845,191.47247219345655
0.125,146,425,410.3175,415.81336897116114
0.125,146,426,198.45999999999998,228.95446270183456
0.125,146,427,119.6825,120.355
0.125,146,428,126.11500000000001,120.355
0.125,146,429,146.8,150.51693774108787
0.125,146,430,119.2625,120.355
0.125,146,431,119.1375,120.355
0.125,146,432,119.0475,120.355
0.125,146,433,118.995,120.355
0.125,146,434,118.95749999999998,120.355
0.125,146,435,118.91625,120.355
0.125,146,436,118.995,120.355
0.125,146,437,118.88,120.355
0.125,146,438,118.90250000000002,120.355
0.125,146,439,118.88749999999999,120.355
0.125,146,440,118.86250000000001,120.355
0.125,146,441,118.8375,120.355
0.125,146,442,118.805,120.355
0.125,146,443,118.78250000000001,120.355
0.125,146,444,118.80000000000001,120.355
0.125,146,445,118.77499999999999,120.355
0.125,146,446,118.7575,120.355
0.125,146,447,118.7375,120.355
0.125,146,448,118.69500000000001,120.355
0.125,146,449,118.67500000000001,120.355
0.125,146,450,118.66000000000001,120.355
0.125,146,451,118.705,120.355
0.125,146,452,118.6,120.355
0.125,146,453,118.5525,120.355
0.125,146,454,118.6125,120.355
0.125,146,455,118.58500000000001,120.355
0.125,146,456,118.6175,120.355
0.125,146,457,118.60499999999999,120.355
0.125,146,458,118.555,120.355
0.125,146,459,118.5875,120.355
0.125,146,460,118.5575,120.355
0.125,146,461,118.55,120.355
0.125,146,462,118.575,120.355
0.125,146,463,118.53750000000001,120.355
0.125,146,464,164.3725,141.0442925586206
0.125,146,465,404.295,376.9867092180607
0.125,146,466,274.4175,324.8252445078323
0.125,146,467,221.145,187.82547114677334
0.125,146,468,427.405,418.7516369713658
0.125,146,469,446.42499999999995,440.94493375677166
0.125,146,470,443.8025,435.4158964069817
0.125,146,471,442.4575,434.98855072686496
0.125,146,472,443.94,435.06348783924557
0.125,146,473,446.7825,435.13825157894354
0.125,146,474,357.785,398.974858833915
0.125,146,475,136.0525,162.84078733760327
0.125,146,476,121.57,120.355
0.125,146,477,145.0725,141.2611573214056
0.125,146,478,126.5675,127.3237191071352
0.125,146,479,170.635,147.9259183748773
0.125,146,480,332.00250000000005,342.698541891687
0.125,146,481,137.45749999999998,158.07758031264595
0.125,146,482,119.17250000000001,120.355
0.125,146,483,118.96000000000001,120.355
0.125,146,484,125.41499999999999,128.6379435362818
0.125,146,485,138.43750000000003,135.1938036123215
0.125,146,486,120.57000000000001,122.2712987344478
0.125,146,487,314.085,322.39022027768016
0.125,146,488,434.9,434.623896450501
0.125,146,489,433.07750000000004,435.06255839655864
0.125,146,490,430.7625,435.6687374260925
0.125,146,491,402.4475,400.7287213490814
0.125,146,492,165.35,164.4808064514756
0.125,146,493,120.0075,120.355
0.125,146,494,119.74000000000001,120.355
0.125,146,495,119.5375,120.355
0.125,146,496,119.4275,120.355
0.125,146,497,135.8525,132.2803807161984
0.125,146,498,166.505,169.86075425380056
0.125,146,499,324.3225,303.7663113657445
0.125,146,500,437.21500000000003,436.0836951389373
0.125,146,501,449.145,440.23905387395916
0.125,146,502,326.03999999999996,342.2727370263291
0.125,146,503,122.38749999999999,128.60219157013478
0.125,146,504,206.53500000000003,186.0295960879069
0.125,146,505,366.745,373.7083570924784
0.125,146,506,141.6725,155.4675059330135
0.125,146,507,120.7975,120.355
0.125,146,508,120.51249999999999,120.355
0.125,146,509,120.215,120.355
0.125,146,510,120.08,120.355
0.125,146,511,120.0025,120.355
0.125,146,512,119.97500000000001,120.355
0.125,146,513,119.825,120.355
0.125,146,514,119.75,120.355
0.125,146,515,119.785,120.355
0.125,146,516,120.1225,120.355
0.125,146,517,119.75999999999999,120.355
0.125,146,518,204.845,188.6570646195934
0.125,146,519,201.335,215.95070817990268
0.125,146,520,118.9725,121.96109845823555
0.125,146,521,118.81,120.355
0.125,146,522,118.83749999999999,120.355
0.125,146,523,118.7625,120.355
0.125,146,524,118.7175,120.355
0.125,146,525,118.6625,120.355
0.125,146,526,118.655,120.355
0.125,146,527,118.6675,120.355
0.125,146,528,118.6025,120.355
0.125,146,529,118.55499999999999,120.355
0.125,146,530,118.55250000000001,120.355
0.125,146,531,118.545,120.355
0.125,146,532,118.5375,120.355
0.125,146,533,123.315,124.86192207712372
0.125,146,534,222.02499999999998,194.79368615905327
0.125,146,535,369.25,380.60835778634294
0.125,146,536,137.185,160.99538315996702
0.125,146,537,120.2425,120.355
0.125,146,538,120.10500000000002,120.355
0.125,146,539,120.0725,120.355
0.125,146,540,119.9625,120.355
0.125,146,541,119.94749999999999,120.355
0.125,146,542,119.64250000000001,120.355
0.125,146,543,119.34000000000002,120.355
0.125,146,544,119.205,120.355
0.125,146,545,119.175,120.355
0.125,146,546,119.1875,120.355
0.125,146,547,119.18,120.355
0.125,146,548,119.155,120.355
0.125,146,549,119.155,120.355
0.125,146,550,119.16,120.355
0.125,146,551,119.10999999999999,120.355
0.125,146,552,119.12,120.355
0.125,146,553,119.08,120.355
0.125,146,554,119.0875,120.355
0.125,146,555,119.095,120.355
0.125,146,556,119.0425,120.355
0.125,146,557,119.07999999999998,120.355
0.125,146,558,119.06375,120.355
0.125,146,559,119.07,120.355
0.125,146,560,118.9875,120.355
0.125,146,561,118.98750000000001,120.355
0.125,146,562,119.025,120.355
0.125,146,563,118.995,120.355
0.125,146,564,148.72,148.42476914716474
0.125,146,565,138.19,143.50001773317373
0.125,146,566,118.3275,120.355
0.125,146,567,118.3175,120.355
0.125,146,568,118.27250000000001,120.355
0.125,146,569,146.9425,149.5847348936233
0.125,146,570,146.7625,149.5847348936233
0.125,146,571,118.25250000000001,120.355
0.125,146,572,118.29,120.355
0.125,146,573,118.315,120.355
0.125,146,574,118.27,120.355
0.125,146,575,118.19749999999999,120.355
0.125,146,576,118.23249999999999,120.355
0.125,146,577,118.21,120.355
0.125,146,578,118.25,120.355
0.125,146,579,118.215,120.355
0.125,146,580,118.22,120.355
0.125,146,581,118.22749999999999,120.355
0.125,146,582,118.21,120.355
0.125,146,583,118.22500000000001,120.355
0.125,146,584,118.23250000000002,120.355
0.125,146,585,118.16250000000001,120.355
0.125,146,586,118.19,120.355
0.125,146,587,118.2225,120.355
0.125,146,588,118.18249999999999,120.355
0.125,146,589,118.22125,120.355
0.125,146,590,118.125,120.355
0.125,146,591,118.1025,120.355
0.125,146,592,118.14249999999998,120.355
0.125,146,593,118.1825,120.355
0.125,146,594,118.1375,120.355
0.125,146,595,118.14500000000001,120.355
0.125,146,596,118.15750000000001,120.355
0.125,146,597,118.17500000000001,120.355
0.125,146,598,118.185,120.355
0.125,146,599,145.9775,155.0676973973221
1.0,153,0,423.4375,434.85393740655746
1.0,153,1,436.03249999999997,434.82666302350776
1.0,153,2,435.8225,435.02570907001757
1.0,153,3,429.335,436.1158082212376
1.0,153,4,435.265,440.18155571783456
1.0,153,5,443.3675,438.1292103645834
1.0,153,6,449.1675,441.1649514344624
1.0,153,7,437.65500000000003,434.9419579877506
1.0,153,8,438.6875,434.71695962008755
1.0,153,9,431.4725,434.75116389409743
1.0,153,10,208.37499999999997,271.6692922542878
1.0,153,11,162.4125,144.92008804800872
1.0,153,12,402.11,380.77553233940665
1.0,153,13,438.975,435.3775965478306
1.0,153,14,435.03249999999997,439.3874154605171
1.0,153,15,439.33000000000004,437.332033749495
1.0,153,16,438.37,434.8728278682064
1.0,153,17,342.86,376.2218005675892
1.0,153,18,355.0575,353.03658948746545
1.0,153,19,435.5075,436.39367420455443
1.0,153,20,437.52,435.5008788142969
1.0,153,21,437.965,437.46994264867266
1.0,153,22,322.76750000000004,361.9282324436574
1.0,153,23,213.2675,197.80535252564158
1.0,153,24,429.91499999999996,418.11182217973726
1.0,153,25,438.9075,434.86409112129365
1.0,153,26,440.16249999999997,434.9393170101578
1.0,153,27,439.23,435.7807557186571
1.0,153,28,440.69750000000005,435.31003940323814
1.0,153,29,440.09,439.3804118863635
1.0,153,30,369.265,395.62705056107166
1.0,153,31,268.33500000000004,282.65429668021306
1.0,153,32,280.7875,274.7627527849286
1.0,153,33,427.51750000000004,435.2565710792171
1.0,153,34,435.595,434.71394974765906
1.0,153,35,439.3325,434.99935170636513
1.0,153,36,441.775,435.2656650856648
1.0,153,37,431.83250000000004,431.17345402670054
1.0,153,38,307.28499999999997,309.3147283431009
1.0,153,39,221.9875,230.23537241783072
1.0,153,40,368.9075,366.6889839514045
1.0,153,41,448.06,440.64495377252234
1.0,153,42,456.9375,438.41369906943737
1.0,153,43,455.80499999999995,437.9947540121017
1.0,153,44,394.48999999999995,411.1634733940249
1.0,153,45,212.23000000000002,221.4229339251458
1.0,153,46,421.7475,402.93739662694577
1.0,153,47,435.40250000000003,442.59336045329167
1.0,153,48,258.7675,292.9091386821369
1.0,153,49,359.635,330.8062416705874
1.0,153,50,437.1925,438.76682214952456
1.0,153,51,439.1625,441.18737799111113
1.0,153,52,451.935,447.8117933488704
1.0,153,53,454.8175,438.6588824116975
1.0,153,54,411.1725,421.6796611374774
1.0,153,55,172.1625,190.39937790141136
1.0,153,56,122.9575,120.355
1.0,153,57,122.535,120.355
1.0,153,58,249.7625,228.33254217964512
1.0,153,59,443.58500000000004,440.0097383361016
1.0,153,60,452.7575,442.798652809071
1.0,153,61,449.97249999999997,441.95516427622937
1.0,153,62,449.015,439.81932204552265
1.0,153,63,467.0,446.0453450581339
1.0,153,64,463.26,439.8260187123054
1.0,153,65,394.61,425.91425707970086
1.0,153,66,163.195,191.87282501813687
1.0,153,67,352.22,316.26072884724414
1.0,153,68,242.8775,302.03516008613315
1.0,153,69,122.0875,120.355
1.0,153,70,143.605,133.16551745046786
1.0,153,71,191.5575,195.053687076794
1.0,153,72,137.2825,142.54733482334197
1.0,153,73,123.1725,120.355
1.0,153,74,125.24000000000001,120.355
1.0,153,75,318.83500000000004,265.2481899115463
1.0,153,76,431.57,442.21488073322126
1.0,153,77,351.05000000000007,374.2980253046237
1.0,153,78,432.60249999999996,429.5760627175592
1.0,153,79,446.3,442.57360249348426
1.0,153,80,450.87499999999994,440.2890566159867
1.0,153,81,459.3475,442.4670357084284
1.0,153,82,462.2525,440.6259595660062
1.0,153,83,452.04875000000004,439.2630809946751
1.0,153,84,436.2925,435.859564778734
1.0,153,85,302.4025,302.7039137803339
1.0,153,86,273.70500000000004,290.0868785354907
1.0,153,87,436.02500000000003,437.2007029180365
1.0,153,88,441.97499999999997,437.6252048071608
1.0,153,89,453.8725,437.47013945254844
1.0,153,90,447.39250000000004,441.83461052243206
1.0,153,91,440.9025,439.23237738052853
1.0,153,92,446.135,441.46015071158627
1.0,153,93,455.1875,441.65508738537056
1.0,153,94,448.0575,440.36332774584565
1.0,153,95,457.605,441.0445960400318
1.0,153,96,448.35,435.2415333762411
1.0,153,97,434.59250000000003,431.69493540213
1.0,153,98,229.6625,261.2222274675158
1.0,153,99,153.07,160.9829284353777
1.0,153,100,169.6325,169.69569085775146
1.0,153,101,243.86,251.37866466321879
1.0,153,102,427.3325,422.94419829803076
1.0,153,103,313.6375,317.95861063527207
1.0,153,104,186.2275,188.31306369309578
1.0,153,105,411.6325,418.93945982262807
1.0,153,106,435.065,435.53508826994994
1.0,153,107,434.69,435.7444798005903
1.0,153,108,436.5025,435.8595953619146
1.0,153,109,435.0575,435.7403332674919
1.0,153,110,442.32000000000005,437.5049587703134
1.0,153,111,450.2675,437.45387825249696
1.0,153,112,337.9925,372.8342422304721
1.0,153,113,237.31,241.26610037308575
1.0,153,114,414.0625,387.6045309383618
1.0,153,115,440.10999999999996,434.58921430043307
1.0,153,116,440.665,434.70952870715786
1.0,153,117,439.8125,435.1801478424751
1.0,153,118,438.7925,440.5538179198845
1.0,153,119,439.7975,436.81593524946413
1.0,153,120,316.2925,319.4209743556834
1.0,153,121,125.25,121.24405804726138
1.0,153,122,283.525,290.20514105977213
1.0,153,123,444.19999999999993,439.56494711984396
1.0,153,124,454.505,438.685040429703
1.0,153,125,460.19500000000005,442.1769854638869
1.0,153,126,441.96999999999997,439.74548223779334
1.0,153,127,439.7075,435.79431848856996
1.0,153,128,442.37,436.8969762885696
1.0,153,129,455.83750000000003,442.0551762234171
1.0,153,130,451.1875,443.7932809196189
1.0,153,131,440.855,438.93925516483966
1.0,153,132,453.4375,436.8769735517672
1.0,153,133,454.8825,437.3592073065092
1.0,153,134,447.08000000000004,436.2016842087284
1.0,153,135,441.11,435.94071581218736
1.0,153,136,447.4175,436.37931340004116
1.0,153,137,444.2175,436.20559864671543
1.0,153,138,444.38750000000005,435.46330275813796
1.0,153,139,439.50750000000005,438.5128835122747
1.0,153,140,409.5,406.9255758404199
1.0,153,141,342.24,344.04070208629
1.0,153,142,326.0775,324.1147249732762
1.0,153,143,441.135,434.4939348524323
1.0,153,144,320.505,332.9238950404826
1.0,153,145,384.655,376.52138112589284
1.0,153,146,443.395,440.28074248189637
1.0,153,147,335.055,349.8300150859087
1.0,153,148,131.14,131.38508345789614
1.0,153,149,122.2675,120.355
1.0,153,150,121.92,120.355
1.0,153,151,121.675,120.355
1.0,153,152,166.8625,138.65580850451263
1.0,153,153,370.34000000000003,362.6228379139843
1.0,153,154,185.0025,214.49082941013606
1.0,153,155,196.89499999999998,199.4021717790996
1.0,153,156,336.235,290.12466363059747
1.0,153,157,437.805,435.5151936451132
1.0,153,158,441.31500000000005,436.76585275413595
1.0,153,159,445.1625,437.57282026730275
1.0,153,160,445.76,438.5638799358408
1.0,153,161,444.525,436.92387163242506
1.0,153,162,443.455,438.6613586975904
1.0,153,163,437.9625,436.27927699097705
1.0,153,164,435.7025,436.3001523119544
1.0,153,165,438.695,435.84939915695304
1.0,153,166,438.685,439.46176890684194
1.0,153,167,442.68125000000003,436.416502976871
1.0,153,168,442.65999999999997,434.87969975469605
1.0,153,169,441.3,434.95488913511923
1.0,153,170,366.12249999999995,355.7597599603047
1.0,153,171,136.46249999999998,137.31096084688576
1.0,153,172,328.52250000000004,333.2845602069357
1.0,153,173,437.675,437.1521922812351
1.0,153,174,440.1325,439.11507925563603
1.0,153,175,443.7425,441.44934909717927
1.0,153,176,442.26500000000004,439.96007628750493
1.0,153,177,455.0625,443.723093084976
1.0,153,178,454.565,436.50697552991323
1.0,153,179,444.04999999999995,435.7239694742709
1.0,153,180,440.84000000000003,436.2107090077998
1.0,153,181,444.46500000000003,438.8700569091267
1.0,153,182,442.5925,439.97330980300745
1.0,153,183,452.875,438.7371538959284
1.0,153,184,454.885,437.4686686694753
1.0,153,185,457.95,436.95527054009625
1.0,153,186,451.505,442.242382163455
1.0,153,187,443.4225,435.3829766199678
1.0,153,188,447.88500000000005,437.7959074767235
1.0,153,189,446.3275,437.61811258473085
1.0,153,190,441.5975,436.33252086304947
1.0,153,191,443.57250000000005,442.3001978954276
1.0,153,192,456.065,438.76561426023875
1.0,153,193,456.88,437.2295675921414
1.0,153,194,455.0575,440.1458740166846
1.0,153,195,309.825,376.4565537641128
1.0,153,196,254.36499999999998,226.60601454223018
1.0,153,197,430.3025,432.24960198633846
1.0,153,198,440.97249999999997,437.4650307649038
1.0,153,199,445.87,441.7125010393668
1.0,153,200,453.65,438.04114848116046
1.0,153,201,444.445,438.5174751785488
1.0,153,202,445.90999999999997,439.3525500338707
1.0,153,203,442.65999999999997,438.18478980147796
1.0,153,204,260.235,305.05277694152005
1.0,153,205,136.81,145.99618308429584
1.0,153,206,122.4825,120.355
1.0,153,207,122.16875,120.355
1.0,153,208,122.0225,120.355
1.0,153,209,220.86,234.91435146319728
1.0,153,210,429.57000000000005,432.08322512085675
1.0,153,211,438.4625,443.6693934366393
1.0,153,212,316.755,319.4298473438342
1.0,153,213,395.18500000000006,399.0089193184881
1.0,153,214,331.6075,329.7421788504292
1.0,153,215,133.87,137.00260582078525
1.0,153,216,357.3075,358.794246485491
1.0,153,217,437.7925,435.3249374919157
1.0,153,218,421.66499999999996,422.17864176145576
1.0,153,219,405.4925,406.7235912699889
1.0,153,220,424.97999999999996,426.8958424130574
1.0,153,221,293.0775,300.0621364674157
1.0,153,222,136.38,120.355
1.0,153,223,121.8125,120.355
1.0,153,224,307.105,301.90634960822035
1.0,153,225,438.36,436.2989126395235
1.0,153,226,450.5875,436.76011585510037
1.0,153,227,443.1725,435.86192505033137
1.0,153,228,440.08000000000004,437.05118003161846
1.0,153,229,446.9525,437.4978011713807
1.0,153,230,454.48,439.3002475465363
1.0,153,231,437.9425,441.3303478714872
1.0,153,232,443.9375,441.89163120095327
1.0,153,233,451.99,439.8979783752711
1.0,153,234,455.0075,441.41552277164544
1.0,153,235,412.7125,423.3271109697723
1.0,153,236,345.99,368.89771178106975
1.0,153,237,438.7,444.59867892603364
1.0,153,238,438.495,435.96214252030865
1.0,153,239,440.7875,436.9431385870616
1.0,153,240,438.89500000000004,440.764061185221
1.0,153,241,442.5325,436.4146979762287
1.0,153,242,441.65500000000003,436.5109712115355
1.0,153,243,441.395,435.97936763308917
1.0,153,244,443.29999999999995,436.750949588931
1.0,153,245,441.43249999999995,435.4234609687515
1.0,153,246,437.2075,437.01492536840937
1.0,153,247,439.95,439.44196677400754
1.0,153,248,330.235,348.0887809836022
1.0,153,249,287.4975,278.61336448212256
1.0,153,250,446.40250000000003,441.40062278542047
1.0,153,251,442.205,436.202367740393
1.0,153,252,436.49,435.55615340758567
1.0,153,253,405.4325,423.5698397735596
1.0,153,254,357.72249999999997,344.32479344223043
1.0,153,255,443.83500000000004,443.08316065300704
1.0,153,256,441.78,434.59119789073026
1.0,153,257,330.3325,370.24368724655847
1.0,153,258,430.63249999999994,405.1460329780118
1.0,153,259,371.8975,401.16502153998044
1.0,153,260,311.0375,283.2947612052464
1.0,153,261,441.81500000000005,437.80609340839214
1.0,153,262,441.71999999999997,437.067892688121
1.0,153,263,439.58250000000004,435.24812503197813
1.0,153,264,442.44,434.5543665337434
1.0,153,265,441.97625000000005,434.61603369000187
1.0,153,266,439.6075,435.66565887277704
1.0,153,267,440.2850000000001,435.07554924463795
1.0,153,268,442.565,435.4476367753828
1.0,153,269,440.73749999999995,435.7379538948856
1.0,153,270,438.30000000000007,435.31586577113944
1.0,153,271,424.99,428.23146239790583
1.0,153,272,408.02,414.5329963318959
1.0,153,273,443.205,434.8256697858524
1.0,153,274,434.78499999999997,434.9009847894441
1.0,153,275,234.55,264.1552886839231
1.0,153,276,125.28999999999999,120.355
1.0,153,277,128.39,125.20189954878958
1.0,153,278,134.94,134.89569864636874
1.0,153,279,208.96499999999997,190.35362194667073
1.0,153,280,423.535,419.5679304044355
1.0,153,281,433.5275,435.4857906073843
1.0,153,282,436.4525,435.2112969619983
1.0,153,283,442.10749999999996,436.67138947072976
1.0,153,284,437.4525,435.3086304734521
1.0,153,285,295.915,319.80001776862593
1.0,153,286,411.05,385.96020566272205
1.0,153,287,442.47249999999997,437.7863330114496
1.0,153,288,312.625,370.1706322164126
1.0,153,289,122.8775,137.69984604676375
1.0,153,290,270.93499999999995,218.42424948655554
1.0,153,291,439.3225,430.5228269748249
1.0,153,292,444.4375,436.9254942113814
1.0,153,293,452.47499999999997,439.5776600550082
1.0,153,294,455.19500000000005,437.2876560026958
1.0,153,295,444.5975,439.0873653358509
1.0,153,296,432.49,441.0513431157991
1.0,153,297,436.335,435.722391584414
1.0,153,298,443.0975,436.84996542360955
1.0,153,299,442.84,435.4074183159312
1.0,153,300,437.71000000000004,433.28903238163343
1.0,153,301,250.10999999999999,241.17028492979745
1.0,153,302,325.8225,337.6269800592062
1.0,153,303,360.4525,348.9864196151607
1.0,153,304,132.76250000000002,131.12842339979113
1.0,153,305,270.07,268.3787389821756
1.0,153,306,440.315,434.4500081366379
1.0,153,307,437.62,434.7498135153926
1.0,153,308,439.83500000000004,434.82507373017893
1.0,153,309,449.81,441.9218404914512
1.0,153,310,450.995,441.6572947775242
1.0,153,311,456.8725,440.6925017655084
1.0,153,312,447.96500000000003,441.03446480060177
1.0,153,313,449.155,441.54919524789807
1.0,153,314,451.80499999999995,442.0709982561205
1.0,153,315,456.43,442.84500036413954
1.0,153,316,442.5675,436.87959362862773
1.0,153,317,428.43,423.08692227897086
1.0,153,318,294.53499999999997,299.7307100985025
1.0,153,319,436.6675,428.0699414195419
1.0,153,320,455.24499999999995,445.7652127246067
1.0,153,321,455.08500000000004,443.0506927410734
1.0,153,322,467.82,438.4310577916207
1.0,153,323,467.615,439.1967277923959
1.0,153,324,473.03,444.2145926600757
1.0,153,325,463.7075,439.62853976507074
1.0,153,326,451.57,438.0833447433272
1.0,153,327,444.49250000000006,437.87004942049873
1.0,153,328,444.24750000000006,437.07328092943345
1.0,153,329,445.83,436.44424230711525
1.0,153,330,451.3325,439.1811705861305
1.0,153,331,461.475,442.92918621356966
1.0,153,332,457.2825,438.3712706479034
1.0,153,333,467.59,446.1116390848939
1.0,153,334,453.3375,440.16813133705523
1.0,153,335,446.07,437.5690287112359
1.0,153,336,288.5925,292.79247990295335
1.0,153,337,238.76,231.57192815430503
1.0,153,338,416.995,403.7328322361632
1.0,153,339,413.9975,420.2536156763788
1.0,153,340,196.515,207.13690630069289
1.0,153,341,177.6275,170.6143402729163
1.0,153,342,384.1575,363.0421466950455
1.0,153,343,441.24999999999994,436.97795535607463
1.0,153,344,448.255,437.0637451707729
1.0,153,345,359.35,360.35758406072864
1.0,153,346,439.275,427.46064023626053
1.0,153,347,442.0,434.83731525570624
1.0,153,348,441.65,434.5980098222406
1.0,153,349,453.9075,439.3473109742039
1.0,153,350,444.6424999999999,436.2085544261213
1.0,153,351,445.1825,436.3440663705221
1.0,153,352,454.495,437.4944032019327
1.0,153,353,445.0525,437.02283421586
1.0,153,354,432.5575,435.84724749177815
1.0,153,355,432.02,436.60498151602815
1.0,153,356,441.06,437.15745622429137
1.0,153,357,449.04,440.0869318437922
1.0,153,358,442.805,435.5631044062517
1.0,153,359,353.33000000000004,364.82434005154425
1.0,153,360,352.7625,335.99353109398027
1.0,153,361,230.195,260.7342914147402
1.0,153,362,254.385,212.86500402164313
1.0,153,363,440.91749999999996,427.7845256770337
1.0,153,364,439.97999999999996,434.73831288732515
1.0,153,365,440.26250000000005,435.6896328112024
1.0,153,366,451.71750000000003,436.75021519273963
1.0,153,367,459.2925,437.70593856911995
1.0,153,368,447.02750000000003,436.2695428382011
1.0,153,369,251.14000000000001,300.4992084511269
1.0,153,370,178.8675,165.497435787097
1.0,153,371,163.285,164.54232282169232
1.0,153,372,343.65500000000003,321.4916284920244
1.0,153,373,197.275,216.5405735709128
1.0,153,374,382.14,344.71305304536196
1.0,153,375,427.36,436.8714593016273
1.0,153,376,217.005,266.5445200695282
1.0,153,377,214.11,174.8212171566871
1.0,153,378,422.2775,410.91349582206476
1.0,153,379,438.21500000000003,435.6782131105111
1.0,153,380,450.0925,437.47212605810205
1.0,153,381,445.28249999999997,435.9569996624751
1.0,153,382,422.56000000000006,429.7132368698111
1.0,153,383,216.02374999999998,219.53392800625406
1.0,153,384,204.695,205.62014799160752
1.0,153,385,189.7625,181.19239201398406
1.0,153,386,357.175,358.1387868251149
1.0,153,387,386.05,383.84478978922346
1.0,153,388,172.75,172.12105632153634
1.0,153,389,382.9625,386.019155846912
1.0,153,390,274.1825,272.0611281253255
1.0,153,391,130.315,127.20193718714684
1.0,153,392,205.695,201.11384817526064
1.0,153,393,380.23,387.4358344460603
1.0,153,394,437.15999999999997,435.5970418731973
1.0,153,395,435.39250000000004,434.9174580429617
1.0,153,396,438.0825,435.10169735665545
1.0,153,397,440.12,434.64036038271126
1.0,153,398,434.6875,434.51481406071775
1.0,153,399,432.52,434.8211245842933
1.0,153,400,403.0875,397.08447882939464
1.0,153,401,221.48999999999998,214.64213242680478
1.0,153,402,238.7675,237.07462297256222
1.0,153,403,426.6525,426.3056196120456
1.0,153,404,453.62499999999994,446.9184753915745
1.0,153,405,460.135,448.87650111198
1.0,153,406,447.265,441.4264404090741
1.0,153,407,441.8425,435.15374722576985
1.0,153,408,442.02750000000003,434.7193027821062
1.0,153,409,312.995,342.6287927771628
1.0,153,410,352.945,349.8290883456425
1.0,153,411,408.7375,411.6349369995796
1.0,153,412,173.73,176.05685536851152
1.0,153,413,124.52749999999999,120.355
1.0,153,414,172.085,162.1771853020433
1.0,153,415,370.37750000000005,357.440586770261
1.0,153,416,448.63750000000005,438.0103312065305
1.0,153,417,455.8975,437.8324622206035
1.0,153,418,452.355,436.2338061967765
1.0,153,419,441.53,434.59504192234294
1.0,153,420,440.555,434.6327545559932
1.0,153,421,443.4225,435.5610702919218
1.0,153,422,442.1975,436.0120983433894
1.0,153,423,442.7075,444.2377236624375
1.0,153,424,446.645,438.2541413085047
1.0,153,425,454.57,440.150631966055
1.0,153,426,448.9,436.9856830730498
1.0,153,427,452.5375,442.66801792546556
1.0,153,428,456.725,439.8003266108636
1.0,153,429,453.89,438.8607210748463
1.0,153,430,461.145,440.72388665953844
1.0,153,431,446.66,436.0271912278108
1.0,153,432,446.285,437.8036326447723
1.0,153,433,385.22499999999997,402.695144372164
1.0,153,434,147.95749999999998,163.65521782759654
1.0,153,435,306.8775,278.39846119576976
1.0,153,436,446.94,439.72748563808335
1.0,153,437,445.39750000000004,438.2489678895999
1.0,153,438,454.195,439.3915118976243
1.0,153,439,438.0575,435.417892231364
1.0,153,440,232.1725,272.0781132953956
1.0,153,441,147.285,135.51726306404316
1.0,153,442,386.73,362.29353379949947
1.0,153,443,416.2525,427.09434663767365
1.0,153,444,183.1075,215.3432711723653
1.0,153,445,162.80249999999998,149.81774776502652
1.0,153,446,122.26500000000001,130.1759159216755
1.0,153,447,144.0125,132.03910447942815
1.0,153,448,341.085,317.6506005819317
1.0,153,449,174.2975,209.72931167801877
1.0,153,450,121.555,120.355
1.0,153,451,121.2875,120.355
1.0,153,452,150.0625,132.94806210759862
1.0,153,453,391.665,358.2014218498036
1.0,153,454,438.155,434.58602495257963
1.0,153,455,408.13250000000005,426.251325777388
1.0,153,456,324.28749999999997,331.13370428547387
1.0,153,457,438.2025,439.56666894506503
1.0,153,458,452.43499999999995,442.38258418149536
1.0,153,459,456.945,436.34700848616296
1.0,153,460,443.515,435.5030686323367
1.0,153,461,404.845,412.6373484725249
1.0,153,462,431.33,428.3442759892748
1.0,153,463,401.46250000000003,401.949710770098
1.0,153,464,385.985,391.09411298087264
1.0,153,465,391.0775,386.56742135132305
1.0,153,466,426.65250000000003,428.05804904828415
1.0,153,467,388.14,390.3670356220531
1.0,153,468,438.3075,435.98225385611346
1.0,153,469,438.35,434.7240346726328
1.0,153,470,436.13,434.6649047364267
1.0,153,471,426.565,434.62583217594727
1.0,153,472,434.5475,435.2227265737217
1.0,153,473,362.0975,380.12380132163446
1.0,153,474,363.615,346.7945368037243
1.0,153,475,374.255,389.0668037845952
1.0,153,476,168.5175,170.87838721401548
1.0,153,477,390.3125,368.87123132409675
1.0,153,478,439.5225,435.1542875501032
1.0,153,479,440.63249999999994,435.92886694443115
1.0,153,480,442.65250000000003,435.54014322614506
1.0,153,481,259.385,314.0274794392238
1.0,153,482,145.4025,134.74742955666693
1.0,153,483,382.19,359.8230292837274
1.0,153,484,439.7075,434.4773891613886
1.0,153,485,389.88874999999996,397.06433844894195
1.0,153,486,154.905,161.42495333380515
1.0,153,487,124.11,120.355
1.0,153,488,197.45,189.7704108779434
1.0,153,489,409.8025,402.69665195063044
1.0,153,490,452.9225,439.30590908307846
1.0,153,491,452.9575,442.20263917226725
1.0,153,492,444.895,438.226609028491
1.0,153,493,464.75,438.0037138771014
1.0,153,494,454.15500000000003,437.58383543831343
1.0,153,495,450.3525,435.7989107804692
1.0,153,496,431.0325,430.1679874826517
1.0,153,497,219.81250000000003,239.92662093963003
1.0,153,498,309.3325,296.2581404868542
1.0,153,499,360.80499999999995,367.26741353456816
1.0,153,500,133.5575,136.43896788865902
1.0,153,501,250.45999999999998,234.66059261849924
1.0,153,502,436.79,436.1054639900419
1.0,153,503,439.475,437.3248895224127
1.0,153,504,458.88,447.8484491332404
1.0,153,505,456.12500000000006,439.8550323900979
1.0,153,506,453.8725,440.50905896817176
1.0,153,507,458.21000000000004,438.0873272850416
1.0,153,508,457.2725,440.97524419115376
1.0,153,509,448.195,436.53503471165914
1.0,153,510,380.695,405.831419012486
1.0,153,511,364.25250000000005,368.2686384351755
1.0,153,512,440.4025,434.61714346086967
1.0,153,513,448.835,443.9611036582449
1.0,153,514,455.15749999999997,444.27490836875035
1.0,153,515,449.7025,437.42437126890144
1.0,153,516,441.16749999999996,437.64291296211945
1.0,153,517,443.735,437.7767030902809
1.0,153,518,443.0675,435.5190227623417
1.0,153,519,443.02750000000003,437.54004018340385
1.0,153,520,443.59000000000003,436.8629404200226
1.0,153,521,437.8225,436.1519888691122
1.0,153,522,430.3675,435.64124116988955
1.0,153,523,444.1825,438.03656690356246
1.0,153,524,459.77750000000003,444.12244359445526
1.0,153,525,433.4225,432.3351581438889
1.0,153,526,435.48,433.96706127695444
1.0,153,527,439.5725,435.42562589233216
1.0,153,528,336.56499999999994,329.6551333635351
1.0,153,529,255.39,253.08183443818754
1.0,153,530,438.4025,437.50822288997097
1.0,153,531,440.4375,438.126602987017
1.0,153,532,455.605,442.90233155660235
1.0,153,533,448.45,437.85037638644366
1.0,153,534,443.865,436.6952246164081
1.0,153,535,227.36249999999998,248.83997189530186
1.0,153,536,125.495,120.355
1.0,153,537,124.635,120.355
1.0,153,538,319.485,292.92879343431395
1.0,153,539,345.885,358.7616545065823
1.0,153,540,242.18749999999997,236.5755271908145
1.0,153,541,361.7675,341.6241189934134
1.0,153,542,438.47,434.4681772411707
1.0,153,543,438.5125,434.5443259866406
1.0,153,544,423.4225,429.31033788993557
1.0,153,545,205.36749999999998,228.47733801675975
1.0,153,546,128.6275,123.38087544687691
1.0,153,547,316.07,278.3798892222346
1.0,153,548,380.435,394.1184072794118
1.0,153,549,155.1825,165.0932112744333
1.0,153,550,236.09,215.67697208917875
1.0,153,551,274.3075,287.69443162286416
1.0,153,552,225.785,210.6474269442315
1.0,153,553,440.28,425.7850127415569
1.0,153,554,445.515,437.0976304214091
1.0,153,555,443.7325,436.41396958063285
1.0,153,556,438.95,434.936667003917
1.0,153,557,404.92500000000007,410.3441932546425
1.0,153,558,438.70500000000004,427.6793586892756
1.0,153,559,440.605,435.81738039165396
1.0,153,560,392.50750000000005,414.78159093699793
1.0,153,561,212.5175,221.19581241851972
1.0,153,562,165.89000000000001,173.64587482921922
1.0,153,563,195.33,169.10359721315078
1.0,153,564,429.2475,408.8803740436073
1.0,153,565,283.1325,326.1464477115753
1.0,153,566,149.1975,136.57394405558034
1.0,153,567,389.18,359.8309836422116
1.0,153,568,442.2225,437.0239934881696
1.0,153,569,436.91499999999996,434.55535173258795
1.0,153,570,447.0725,440.4295126464518
1.0,153,571,375.42,401.52222885847436
1.0,153,572,201.75249999999997,234.4933586036469
1.0,153,573,122.1575,120.355
1.0,153,574,121.805,120.355
1.0,153,575,180.915,172.47383936280858
1.0,153,576,151.6875,154.53877887236908
1.0,153,577,136.325,126.78596419614667
1.0,153,578,354.315,339.81447279862397
1.0,153,579,439.0925,435.524984236931
1.0,153,580,437.1275,435.3498021843195
1.0,153,581,318.7825,339.60700401375357
1.0,153,582,354.265,335.21839041852877
1.0,153,583,438.06,434.6443535557944
1.0,153,584,300.7525,312.80235949163114
1.0,153,585,354.2725,345.1572709055329
1.0,153,586,440.6775,434.46146641853693
1.0,153,587,447.3825,440.8721552373245
1.0,153,588,437.8025,438.3034233785586
1.0,153,589,434.9975,436.08539577271387
1.0,153,590,443.86,439.22847977950073
1.0,153,591,457.98749999999995,445.64969004916736
1.0,153,592,446.35749999999996,435.69793870128785
1.0,153,593,445.5325,436.3472442964345
1.0,153,594,455.33000000000004,439.31174299349107
1.0,153,595,448.505,438.43951098667833
1.0,153,596,377.695,395.559972761066
1.0,153,597,194.93,220.03385781592925
1.0,153,598,333.5075,291.1338114962092
1.0,153,599,441.40250000000003,438.3279410681274
2.0,157,0,437.43,435.13785155679227
2.0,157,1,437.93999999999994,435.66611300653176
2.0,157,2,440.08500000000004,441.68526969641084
2.0,157,3,439.7875,443.3541183236562
2.0,157,4,443.665,435.8343383222907
2.0,157,5,448.10749999999996,436.3676775262451
2.0,157,6,447.28,438.57612427541585
2.0,157,7,446.04,442.8407502260278
2.0,157,8,448.5475,437.51336611483003
2.0,157,9,452.8975,446.29413414876467
2.0,157,10,448.6875,438.98470145548504
2.0,157,11,441.13,440.65910289489335
2.0,157,12,445.525,439.84092554092115
2.0,157,13,440.85249999999996,435.1956664561951
2.0,157,14,443.84000000000003,438.44923517332717
2.0,157,15,465.8225,447.5492707933044
2.0,157,16,450.7125,444.27586482704027
2.0,157,17,437.875,436.3364517911847
2.0,157,18,445.25,436.40146254893455
2.0,157,19,418.47999999999996,423.0241101936625
2.0,157,20,370.41625,381.4935341013355
2.0,157,21,449.5075,442.47503458358017
2.0,157,22,448.215,437.39489276885
2.0,157,23,458.0425,440.46773538909946
2.0,157,24,458.885,446.3018152503099
2.0,157,25,439.2075,440.96295281919606
2.0,157,26,449.035,452.6328683558453
2.0,157,27,458.39250000000004,442.44966040637917
2.0,157,28,437.14,431.1206902215837
2.0,157,29,314.8,338.7857352076172
2.0,157,30,444.90000000000003,447.58198826426326
2.0,157,31,462.91999999999996,446.9417538577283
2.0,157,32,475.3975,448.5401658013666
2.0,157,33,474.86,444.8560539811603
2.0,157,34,470.7925,440.6464687145925
2.0,157,35,354.3925,407.5275492277822
2.0,157,36,187.1025,209.4458498726192
2.0,157,37,161.5325,145.32623602888071
2.0,157,38,403.89,389.14996646359214
2.0,157,39,457.7875,450.45636643729193
2.0,157,40,450.03000000000003,445.29608034729074
2.0,157,41,453.07750000000004,446.73405740601083
2.0,157,42,456.85249999999996,441.20997104479454
2.0,157,43,460.5075,442.6967398716573
2.0,157,44,452.1025,441.5657369161363
2.0,157,45,450.3975,443.88885287181074
2.0,157,46,460.2675,445.5019741899549
2.0,157,47,465.66499999999996,448.6488295968271
2.0,157,48,476.0525,443.64189716726764
2.0,157,49,466.015,446.0187940646164
2.0,157,50,442.28499999999997,445.0966407603919
2.0,157,51,439.56000000000006,438.59197148302263
2.0,157,52,441.245,435.21738017278125
2.0,157,53,444.51,436.2176263044585
2.0,157,54,441.72249999999997,437.42807085874716
2.0,157,55,441.82500000000005,438.76255125883364
2.0,157,56,441.72749999999996,437.90659964587815
2.0,157,57,451.5175,438.1323805486693
2.0,157,58,452.69500000000005,437.1805166222589
2.0,157,59,446.55999999999995,441.49509076092585
2.0,157,60,437.1825,438.1104672295592
2.0,157,61,420.96500000000003,445.00959704621994
2.0,157,62,460.0625,443.49693489069534
2.0,157,63,460.16749999999996,445.2080320785666
2.0,157,64,457.34499999999997,441.20032691342556
2.0,157,65,439.89750000000004,448.2439943649496
2.0,157,66,452.0925,442.2732494442548
2.0,157,67,461.25750000000005,439.03192932578577
2.0,157,68,462.7475,439.20112625289335
2.0,157,69,457.675,440.03685012147105
2.0,157,70,466.7175,441.34984576135577
2.0,157,71,450.28249999999997,439.93891672709066
2.0,157,72,443.42,435.8972890703701
2.0,157,73,443.45,440.8955301796903
2.0,157,74,437.5125,434.5946733204253
2.0,157,75,224.7875,295.0917659021744
2.0,157,76,217.445,173.52722457809335
2.0,157,77,400.87,401.7791406572192
2.0,157,78,367.105,343.9265020173775
2.0,157,79,439.4075,436.6272378921402
2.0,157,80,438.66125,440.5573230398502
2.0,157,81,443.90500000000003,441.06973126428824
2.0,157,82,453.34000000000003,440.9271297145423
2.0,157,83,457.21,443.0748054427468
2.0,157,84,454.97,438.31904806683855
2.0,157,85,450.72,438.15639392463834
2.0,157,86,448.71,439.2369711518481
2.0,157,87,451.21000000000004,444.1969666874335
2.0,157,88,448.9175,447.85160777460334
2.0,157,89,463.1475,442.47967199219613
2.0,157,90,471.80249999999995,440.8371620788046
2.0,157,91,459.315,443.48421500839316
2.0,157,92,462.69500000000005,441.8572157838852
2.0,157,93,468.1725,445.1353690026509
2.0,157,94,475.14250000000004,441.42914447289326
2.0,157,95,469.5075,443.6598421059511
2.0,157,96,455.92,444.2181123540097
2.0,157,97,456.855,441.2286155555519
2.0,157,98,463.7825,449.07585379467446
2.0,157,99,462.36999999999995,451.2471767228607
2.0,157,100,454.2975,442.8213069689013
2.0,157,101,457.22,442.2447083475919
2.0,157,102,448.91499999999996,439.75376328049157
2.0,157,103,447.32500000000005,436.93488050686494
2.0,157,104,339.63,374.6121475955591
2.0,157,105,399.41,391.84277756911814
2.0,157,106,441.97,442.3073207413164
2.0,157,107,442.2925,441.13614385307596
2.0,157,108,442.48999999999995,435.00945894692506
2.0,157,109,441.55,436.7724848379604
2.0,157,110,443.21375,445.48577386180335
2.0,157,111,384.2325,379.2944708256855
2.0,157,112,267.90999999999997,276.4220137227702
2.0,157,113,450.31500000000005,436.9326035086425
2.0,157,114,458.7425,439.04875701325693
2.0,157,115,457.135,444.5840579051177
2.0,157,116,449.695,447.6705457561601
2.0,157,117,457.885,446.15752491635203
2.0,157,118,455.41,444.824738093297
2.0,157,119,455.7075,443.83214873288864
2.0,157,120,455.4,444.82627104146945
2.0,157,121,447.8075,438.62616835908375
2.0,157,122,446.1725,438.1096711018691
2.0,157,123,442.52,441.2601260094028
2.0,157,124,445.085,441.42897508979297
2.0,157,125,447.585,444.6951640179858
2.0,157,126,447.105,437.0750374462797
2.0,157,127,438.555,445.012399237406
2.0,157,128,441.09749999999997,443.72882500963044
2.0,157,129,443.2075,439.87081468937674
2.0,157,130,452.0975,438.9929138737921
2.0,157,131,447.915,439.7368471561508
2.0,157,132,443.4875,435.5323115007838
2.0,157,133,440.7025,436.06207867776965
2.0,157,134,439.3225,437.15391643271084
2.0,157,135,451.35,437.52625804908973
2.0,157,136,456.115,449.4771500703826
2.0,157,137,451.94,437.95650130991345
2.0,157,138,447.46999999999997,437.3425525420099
2.0,157,139,297.82,331.0761713583915
2.0,157,140,356.8,339.79410542260075
2.0,157,141,438.36,436.71675527813505
2.0,157,142,439.82,436.8692460598784
2.0,157,143,446.5125,443.17883451494845
2.0,157,144,450.6775,438.83172043139
2.0,157,145,444.0525,438.350449834481
2.0,157,146,444.5075,439.10418776476865
2.0,157,147,448.64,441.2712633266446
2.0,157,148,461.42,445.88473676327044
2.0,157,149,464.595,440.7162564291109
2.0,157,150,456.4,437.8831700721804
2.0,157,151,445.4625,435.76731516572886
2.0,157,152,416.04249999999996,415.20923811043883
2.0,157,153,411.0725,411.78918884560153
2.0,157,154,443.4525,438.05824158762255
2.0,157,155,455.46999999999997,446.7477347677758
2.0,157,156,455.9175,446.50625490530194
2.0,157,157,459.8175,451.05393487515823
2.0,157,158,449.8325,445.6169385722376
2.0,157,159,444.75500000000005,437.8428638162162
2.0,157,160,446.3925,447.12948235604836
2.0,157,161,451.58500000000004,444.4518927111938
2.0,157,162,466.91499999999996,447.1948256886409
2.0,157,163,475.05499999999995,442.68130882151377
2.0,157,164,474.64250000000004,443.55354759385546
2.0,157,165,469.60749999999996,445.8818599437036
2.0,157,166,455.3525,449.05988774170703
2.0,157,167,462.31249999999994,449.7561227937987
2.0,157,168,461.8175,448.73899103350396
2.0,157,169,457.9325,441.64188732910173
2.0,157,170,443.00749999999994,434.86613489570027
2.0,157,171,440.46625,439.0597573479605
2.0,157,172,440.6175,438.19524439335913
2.0,157,173,448.7975,440.4904071285333
2.0,157,174,446.4075,437.0031945541857
2.0,157,175,442.5525,439.09435040525415
2.0,157,176,452.7425,438.97061395023843
2.0,157,177,460.95,439.9629710944117
2.0,157,178,458.29499999999996,443.819255311023
2.0,157,179,458.195,442.112638640253
2.0,157,180,451.7825,437.7502899908127
2.0,157,181,409.27,413.2127795951436
2.0,157,182,433.38000000000005,427.7751535646388
2.0,157,183,444.545,436.6112274418382
2.0,157,184,445.6725,437.8014104967495
2.0,157,185,451.3475,443.66735365938604
2.0,157,186,450.4175,440.5211487527566
2.0,157,187,432.715,438.16920398716417
2.0,157,188,434.1425,436.92186111261714
2.0,157,189,435.4475,437.879545545077
2.0,157,190,441.39750000000004,437.05071404402406
2.0,157,191,455.04499999999996,437.13542557384085
2.0,157,192,458.285,441.27439178411174
2.0,157,193,448.4975,447.91159160112863
2.0,157,194,448.4125,440.02172773037114
2.0,157,195,434.49,433.0559804498116
2.0,157,196,327.0475,341.22750109985105
2.0,157,197,432.44500000000005,423.0702800401429
2.0,157,198,439.775,435.82476369054353
2.0,157,199,448.67999999999995,435.7827039900711
2.0,157,200,445.21,437.2585714598049
2.0,157,201,437.59000000000003,447.04254063792393
2.0,157,202,442.90999999999997,448.9167885008073
2.0,157,203,446.96500000000003,452.1545417967776
2.0,157,204,441.6975,439.02436801765646
2.0,157,205,440.795,435.4792378975819
2.0,157,206,444.4275,435.70342195320285
2.0,157,207,440.7775,438.1080850377118
2.0,157,208,442.47999999999996,441.8933015847756
2.0,157,209,454.3125,437.8139782996098
2.0,157,210,451.6575,436.9929728704646
2.0,157,211,444.33,438.84980239834795
2.0,157,212,451.00250000000005,449.3176152991353
2.0,157,213,457.9925,444.6261460943174
2.0,157,214,459.3225,445.9805385325923
2.0,157,215,454.41,443.27530128575785
2.0,157,216,461.86999999999995,441.1851422645101
2.0,157,217,456.955,443.236923446908
2.0,157,218,461.7725,450.05484950841486
2.0,157,219,446.195,442.84054346074674
2.0,157,220,451.22249999999997,435.8100327289228
2.0,157,221,446.0275,439.81544780383547
2.0,157,222,453.14,437.6856288778324
2.0,157,223,291.055,323.38514124914866
2.0,157,224,287.27,268.5597557370587
2.0,157,225,254.2,270.86136348106277
2.0,157,226,168.0675,157.03019513010935
2.0,157,227,406.09000000000003,394.80130362793227
2.0,157,228,440.64000000000004,436.57505867602043
2.0,157,229,449.2125,447.78108855971936
2.0,157,230,453.96999999999997,437.80735719108804
2.0,157,231,450.25750000000005,443.3687186016051
2.0,157,232,443.2375,444.0533625654615
2.0,157,233,439.9,440.754554739667
2.0,157,234,439.885,437.40184478373936
2.0,157,235,436.9525,435.459631818798
2.0,157,236,438.735,436.0052054492743
2.0,157,237,442.97249999999997,437.5307998728124
2.0,157,238,440.4725,435.4661198303384
2.0,157,239,440.40500000000003,435.3922119376228
2.0,157,240,443.34499999999997,436.2933534668466
2.0,157,241,438.365,435.3717710975366
2.0,157,242,441.8225,435.59289453447605
2.0,157,243,439.96500000000003,435.08770802606864
2.0,157,244,414.53749999999997,427.53811109765076
2.0,157,245,437.725,435.5781274950967
2.0,157,246,448.1925,442.6340922034419
2.0,157,247,444.9675,440.2814309875294
2.0,157,248,455.23,439.90103923342076
2.0,157,249,459.71999999999997,447.8594814677957
2.0,157,250,453.7625,438.33288818882374
2.0,157,251,443.13,439.4239742417349
2.0,157,252,447.02250000000004,447.3689217135096
2.0,157,253,459.8275,447.2419082267784
2.0,157,254,455.865,444.25932911743786
2.0,157,255,453.2175,437.4203644836302
2.0,157,256,459.0525,439.2802585427837
2.0,157,257,465.8525,452.24658904732325
2.0,157,258,459.82750000000004,444.70383412640865
2.0,157,259,439.185,439.06111990949034
2.0,157,260,447.55999999999995,439.6700590460525
2.0,157,261,455.79749999999996,439.26590685317814
2.0,157,262,436.0575,446.2388579631214
2.0,157,263,442.1375,442.3727706449396
2.0,157,264,454.9525,437.4726458337907
2.0,157,265,458.10499999999996,440.6575110041165
2.0,157,266,450.4425,445.5799761009739
2.0,157,267,447.4725,439.24889876017346
2.0,157,268,443.13,438.0524368150616
2.0,157,269,424.81499999999994,439.1779309203073
2.0,157,270,419.08,429.8046533560305
2.0,157,271,429.39250000000004,421.21128197999354
2.0,157,272,442.16499999999996,437.31086126810123
2.0,157,273,439.365,440.4142648693431
2.0,157,274,412.1575,432.7497930867882
2.0,157,275,305.3575,321.56314218747127
2.0,157,276,326.935,320.32231847998025
2.0,157,277,423.75,423.52933254932077
2.0,157,278,438.24500000000006,438.0949426037214
2.0,157,279,449.46500000000003,442.402270402746
2.0,157,280,452.015,436.2863871149771
2.0,157,281,445.77750000000003,436.25389458113443
2.0,157,282,441.09499999999997,441.5149227039349
2.0,157,283,439.5675,436.10511635114267
2.0,157,284,442.10499999999996,439.6992120315638
2.0,157,285,440.0025,438.85508353470584
2.0,157,286,437.27250000000004,440.53110417560436
2.0,157,287,442.45000000000005,436.43447684907323
2.0,157,288,352.6625,378.333551292607
2.0,157,289,266.275,277.0749401866392
2.0,157,290,438.8075,436.4462065560248
2.0,157,291,442.65,447.202618521096
2.0,157,292,437.0625,437.73749015688816
2.0,157,293,435.4275,437.0091090706389
2.0,157,294,439.8575,442.5890795457208
2.0,157,295,444.78,443.8684088022326
2.0,157,296,452.9475,446.0068065212456
2.0,157,297,455.57750000000004,440.8866108932142
2.0,157,298,458.37,441.232862838743
2.0,157,299,453.35749999999996,439.48371039595077
2.0,157,300,445.5525,439.18538384108757
2.0,157,301,439.62750000000005,436.5621721206271
2.0,157,302,442.8925,435.43972747879207
2.0,157,303,449.0425,438.7987027837262
2.0,157,304,456.885,438.72059001607363
2.0,157,305,461.96000000000004,440.91981485631993
2.0,157,306,448.79999999999995,441.5431545827372
2.0,157,307,448.15749999999997,441.6171822522841
2.0,157,308,457.37,445.3478974526281
2.0,157,309,446.95,439.7458070524897
2.0,157,310,456.26500000000004,440.82260694342784
2.0,157,311,458.3625,445.65217224322896
2.0,157,312,464.01,441.6599921890888
2.0,157,313,456.0625,437.2600260301202
2.0,157,314,429.3575,431.5474193399589
2.0,157,315,234.56000000000003,251.11909863960335
2.0,157,316,401.48999999999995,381.53140204805084
2.0,157,317,456.39750000000004,442.7385729232254
2.0,157,318,452.3,441.9897664566768
2.0,157,319,452.13249999999994,437.23118700318514
2.0,157,320,447.0175,438.8878878552923
2.0,157,321,446.33,437.42641078133283
2.0,157,322,452.87,445.43059833127614
2.0,157,323,453.635,447.1793878793758
2.0,157,324,453.54499999999996,438.70104210373785
2.0,157,325,462.52,438.82824313054317
2.0,157,326,463.43749999999994,443.25178168528714
2.0,157,327,462.88250000000005,438.7509755462845
2.0,157,328,444.34749999999997,435.9194049479125
2.0,157,329,329.72499999999997,369.4253830981828
2.0,157,330,123.8875,137.86134287358152
2.0,157,331,276.7175,227.03479623979774
2.0,157,332,445.525,434.4844434710811
2.0,157,333,447.21500000000003,438.6885020431117
2.0,157,334,460.4425,445.15980886697645
2.0,157,335,461.065,443.7838462208656
2.0,157,336,458.495,442.4554428301649
2.0,157,337,452.45875,442.2366073808302
2.0,157,338,450.285,438.77400449961226
2.0,157,339,422.125,426.6661083150997
2.0,157,340,406.81500000000005,410.1107521605263
2.0,157,341,451.90250000000003,443.52887507709556
2.0,157,342,378.84999999999997,388.0393113326727
2.0,157,343,422.63249999999994,412.74681603280214
2.0,157,344,445.03749999999997,437.11169911382797
2.0,157,345,440.62,438.32887313422077
2.0,157,346,461.13,453.6943006651569
2.0,157,347,470.0925,449.2389630023174
2.0,157,348,457.61,439.52127783744163
2.0,157,349,467.1625,442.2441578077633
2.0,157,350,467.91999999999996,439.34186464353934
2.0,157,351,463.5375,441.43960966092277
2.0,157,352,460.7625,444.5694733513588
2.0,157,353,468.9,456.6354398376128
2.0,157,354,467.66,442.4303565765692
2.0,157,355,472.415,450.6392173554333
2.0,157,356,468.4075,444.5659592048721
2.0,157,357,469.9,444.03557334650077
2.0,157,358,466.0,446.4175190641307
2.0,157,359,471.12,447.07643436428003
2.0,157,360,465.3825,440.6902049714771
2.0,157,361,462.52500000000003,438.2880387394433
2.0,157,362,447.8225,437.5741304101549
2.0,157,363,445.80000000000007,436.38096362268925
2.0,157,364,447.745,437.04191241635175
2.0,157,365,353.395,386.32417456487303
2.0,157,366,156.255,150.4756379220608
2.0,157,367,359.6775,331.864427449364
2.0,157,368,441.0625,440.13651553871046
2.0,157,369,446.39,440.4247065500307
2.0,157,370,448.2475,445.72927694457826
2.0,157,371,448.8075,442.045914278062
2.0,157,372,456.91,448.3485531843745
2.0,157,373,465.69,445.7715056954514
2.0,157,374,446.64750000000004,436.89909579596963
2.0,157,375,439.87,434.64357246069
2.0,157,376,451.55,441.35507236774225
2.0,157,377,445.1925,439.6754120751309
2.0,157,378,443.71999999999997,437.15803345533834
2.0,157,379,448.61749999999995,439.86515796898567
2.0,157,380,444.515,439.37460498532334
2.0,157,381,450.40999999999997,439.4495255800083
2.0,157,382,444.95,438.939207761847
2.0,157,383,444.7775,437.43919723209433
2.0,157,384,458.32,438.5080944139883
2.0,157,385,265.66499999999996,300.8104476805677
2.0,157,386,123.33,120.355
2.0,157,387,150.31,147.9740559317105
2.0,157,388,149.215,144.28907016325084
2.0,157,389,167.46499999999997,160.5040800610564
2.0,157,390,305.1725,285.4528578076612
2.0,157,391,406.5225,398.2363800621166
2.0,157,392,433.11749999999995,433.506953935503
2.0,157,393,436.3525,435.8986836082619
2.0,157,394,446.86,439.71450324788236
2.0,157,395,456.37,446.31842095054566
2.0,157,396,450.72749999999996,441.9956971710725
2.0,157,397,462.885,447.23428963636843
2.0,157,398,469.68,454.0605786296387
2.0,157,399,457.6,441.14234339636243
2.0,157,400,455.7125,438.72669259136205
2.0,157,401,446.945,439.1197586762425
2.0,157,402,463.7925,452.60675511092893
2.0,157,403,453.9275,442.30949919175043
2.0,157,404,444.5825,438.44561182731024
2.0,157,405,446.3925,437.6041120447979
2.0,157,406,441.80000000000007,435.591714851234
2.0,157,407,442.46500000000003,442.3079881050768
2.0,157,408,396.14,403.7337138414672
2.0,157,409,398.39750000000004,381.65598981508094
2.0,157,410,443.09000000000003,438.4540298707118
2.0,157,411,445.1825,440.72609352080013
2.0,157,412,450.5175,441.41815796124865
2.0,157,413,453.97499999999997,452.06304148919804
2.0,157,414,441.9525,436.2246250675355
2.0,157,415,450.1275,437.38487286607267
2.0,157,416,458.51250000000005,440.8154825808286
2.0,157,417,460.13,445.80085482781294
2.0,157,418,452.1925,443.7895512082123
2.0,157,419,443.45500000000004,437.1779108152415
2.0,157,420,449.4225,443.15025914643456
2.0,157,421,390.745,382.22852045185965
2.0,157,422,411.9575,404.1581881237059
2.0,157,423,443.3525000000001,438.348720113868
2.0,157,424,455.28999999999996,441.11582281864787
2.0,157,425,461.38,443.8929022032611
2.0,157,426,466.125,440.1518493811212
2.0,157,427,467.99750000000006,441.8482366014597
2.0,157,428,444.4025,438.3140331297353
2.0,157,429,447.4175,442.5486773624609
2.0,157,430,466.6125,451.0479447200062
2.0,157,431,452.74,440.97912932405677
2.0,157,432,440.7775,439.54472749102126
2.0,157,433,443.09749999999997,439.52929644875326
2.0,157,434,439.7075,429.59262047135746
2.0,157,435,210.85000000000002,211.97398918125268
2.0,157,436,378.3975,375.307967155956
2.0,157,437,450.59999999999997,438.9339255609183
2.0,157,438,453.115,438.5628511404285
2.0,157,439,443.61250000000007,445.7301351716993
2.0,157,440,450.745,440.23108313984363
2.0,157,441,457.9525,438.49897529817054
2.0,157,442,447.565,437.3384061901287
2.0,157,443,449.27250000000004,439.784208993877
2.0,157,444,441.225,441.69722030945786
2.0,157,445,445.415,442.24589051026294
2.0,157,446,442.1425,436.02619669826925
2.0,157,447,450.4775,441.46539076193545
2.0,157,448,458.01250000000005,444.6680592457615
2.0,157,449,459.3675,441.05035962468423
2.0,157,450,461.35,442.0232723862416
2.0,157,451,364.94,380.8336717458874
2.0,157,452,325.065,331.90017582361725
2.0,157,453,410.0625,389.9655108485342
2.0,157,454,201.9725,240.78746893356768
2.0,157,455,287.5175,235.41352089649806
2.0,157,456,450.66999999999996,440.6264860419044
2.0,157,457,453.5775,441.49050153944387
2.0,157,458,451.025,436.5317719017536
2.0,157,459,441.32750000000004,437.27304631048537
2.0,157,460,447.57,440.0097520746607
2.0,157,461,450.54499999999996,443.3164800482093
2.0,157,462,465.475,440.5191448680363
2.0,157,463,464.9925,438.83668182023166
2.0,157,464,470.4375,438.51657579559156
2.0,157,465,473.485,440.5912860753617
2.0,157,466,463.84000000000003,441.90895526700484
2.0,157,467,455.6375,438.2308386748201
2.0,157,468,459.15999999999997,448.05895168875116
2.0,157,469,448.50500000000005,442.03120132574486
2.0,157,470,459.33750000000003,444.8552357203992
2.0,157,471,472.13250000000005,451.4514353753606
2.0,157,472,471.43,443.0377954507084
2.0,157,473,469.155,448.8395290414
2.0,157,474,457.83250000000004,440.6798678166082
2.0,157,475,450.7175,439.9670008705889
2.0,157,476,450.7325,437.5815906543116
2.0,157,477,456.26,446.2183848955223
2.0,157,478,446.23,439.5042525824441
2.0,157,479,353.195,338.9717458654872
2.0,157,480,379.5675,383.5782502305435
2.0,157,481,452.5575,442.29460976728217
2.0,157,482,464.645,445.60345621343225
2.0,157,483,446.51000000000005,437.4488953994701
2.0,157,484,429.39,413.2453525300487
2.0,157,485,267.665,272.60273706250325
2.0,157,486,430.7475,429.2959816278827
2.0,157,487,430.30249999999995,416.7921355819644
2.0,157,488,198.7225,184.45494987688676
2.0,157,489,129.745,122.70619450964031
2.0,157,490,330.805,327.19548113938964
2.0,157,491,449.96000000000004,443.3248446365816
2.0,157,492,445.9725,438.1935357534528
2.0,157,493,440.13750000000005,438.1691971275574
2.0,157,494,443.68499999999995,437.4385221847524
2.0,157,495,444.0,436.33823246865086
2.0,157,496,457.5025,444.19956234340646
2.0,157,497,456.2575,442.91811358991754
2.0,157,498,443.13,436.1293878770731
2.0,157,499,423.835,424.52476925330643
2.0,157,500,462.9775,445.22321843703423
2.0,157,501,459.875,439.08905678169987
2.0,157,502,471.6075,446.687977380189
2.0,157,503,462.5625,443.56733160442764
2.0,157,504,453.3875,441.14279454496784
2.0,157,505,439.7975,436.1983860801027
2.0,157,506,448.1525,438.0351636642122
2.0,157,507,455.1975,445.80927540969765
2.0,157,508,469.695,453.6748402100957
2.0,157,509,458.46250000000003,443.8774185712405
2.0,157,510,459.63,447.1562803450405
2.0,157,511,447.095,437.43541971960235
2.0,157,512,411.485,411.8103682975382
2.0,157,513,425.945,415.4161123587081
2.0,157,514,405.26000000000005,405.4213915326568
2.0,157,515,450.655,432.89958131420764
2.0,157,516,448.73,436.05395927517145
2.0,157,517,451.7425,439.6289320867682
2.0,157,518,456.70750000000004,443.35382451846476
2.0,157,519,404.14000000000004,407.6818924802556
2.0,157,520,227.13,255.41632479020333
2.0,157,521,180.7775,153.13129652065123
2.0,157,522,416.365,388.46492322280085
2.0,157,523,461.3175,450.8117393505555
2.0,157,524,449.84999999999997,442.749651563622
2.0,157,525,459.1325,439.73894283387756
2.0,157,526,467.4175,444.60744233102446
2.0,157,527,460.7325,438.8985848819991
2.0,157,528,461.76500000000004,448.65510197743185
2.0,157,529,448.67999999999995,439.2137899430401
2.0,157,530,451.0475,442.20283063096105
2.0,157,531,452.56,441.310353409323
2.0,157,532,454.9875,446.43553414450645
2.0,157,533,467.11,449.55413397927794
2.0,157,534,444.65,437.99597935566396
2.0,157,535,438.66499999999996,436.51197167185296
2.0,157,536,440.37,436.71518727109867
2.0,157,537,459.74,448.66401655188247
2.0,157,538,448.85249999999996,442.1300214589385
2.0,157,539,453.82,436.8153095971959
2.0,157,540,458.5,439.1557722367891
2.0,157,541,455.665,441.98343081456653
2.0,157,542,449.52,442.389701358463
2.0,157,543,441.85,435.5149061468869
2.0,157,544,443.2525,437.2936198280612
2.0,157,545,453.895,441.84557442905555
2.0,157,546,444.45500000000004,436.44272458501484
2.0,157,547,450.81500000000005,439.7936895469297
2.0,157,548,456.95,443.8924407945244
2.0,157,549,445.56875,437.88009677231344
2.0,157,550,443.045,439.37472862392815
2.0,157,551,443.6025,436.77009897802157
2.0,157,552,446.85,440.53505283053505
2.0,157,553,446.79749999999996,439.5493050466301
2.0,157,554,452.1925,438.0011723869267
2.0,157,555,444.6175,436.370761974435
2.0,157,556,443.52500000000003,435.80428835135666
2.0,157,557,444.40250000000003,435.4387259608993
2.0,157,558,451.0,440.53234271243787
2.0,157,559,464.7075,449.1121576324425
2.0,157,560,461.9225,451.5364260851072
2.0,157,561,445.4175,438.5387159816408
2.0,157,562,447.62500000000006,438.0226953655258
2.0,157,563,454.88,443.468265408614
2.0,157,564,441.22499999999997,435.72191065385425
2.0,157,565,256.41,272.69244763702716
2.0,157,566,391.7025,369.9471138467779
2.0,157,567,260.01250000000005,272.5089386084541
2.0,157,568,123.69,120.355
2.0,157,569,127.51,123.4614036287525
2.0,157,570,126.16,121.39046787625084
2.0,157,571,141.28,135.90005004924558
2.0,157,572,323.10749999999996,296.93597564341957
2.0,157,573,442.7,438.0701239082754
2.0,157,574,442.94750000000005,437.84540035483576
2.0,157,575,442.92,442.3840474447288
2.0,157,576,271.3175,293.4755055137819
2.0,157,577,404.78,390.3663676882992
2.0,157,578,446.06000000000006,439.0887696556417
2.0,157,579,453.9175,446.1505802300314
2.0,157,580,451.3225,443.40763262755803
2.0,157,581,456.22999999999996,448.1897650676321
2.0,157,582,471.28749999999997,446.4622806122504
2.0,157,583,455.6125,439.71643717505543
2.0,157,584,446.825,439.26314003977825
2.0,157,585,444.94,437.27097439014506
2.0,157,586,442.9,438.41269864538526
2.0,157,587,438.225,439.50685887166946
2.0,157,588,446.4375,448.68604302439246
2.0,157,589,448.81499999999994,440.1229547796318
2.0,157,590,445.655,440.2739307242248
2.0,157,591,446.725,440.24436723801455
2.0,157,592,445.8625,440.6124050628142
2.0,157,593,440.8525,435.29955077081394
2.0,157,594,441.3575,436.304963792934
2.0,157,595,450.07,440.4796679473954
2.0,157,596,452.125,439.7877727095457
2.0,157,597,446.26,438.665270093685
2.0,157,598,441.72249999999997,436.12581281245247
2.0,157,599,451.45750000000004,444.50788772966894
4.0,160,0,432.135,436.2479345548911
4.0,160,1,448.9875,444.61447993705053
4.0,160,2,446.46000000000004,441.42775461414783
4.0,160,3,443.33750000000003,441.882566148577
4.0,160,4,463.835,447.96775095415353
4.0,160,5,478.01750000000004,447.9739256718567
4.0,160,6,480.7,449.6714144026272
4.0,160,7,463.99,444.5929134493161
4.0,160,8,480.175,452.47688435975476
4.0,160,9,466.0725,442.5852098510796
4.0,160,10,473.5375,454.4200739769283
4.0,160,11,463.645,443.288256980593
4.0,160,12,467.66749999999996,451.96860723779946
4.0,160,13,485.8925,460.9530172044161
4.0,160,14,483.59250000000003,447.27323512883777
4.0,160,15,477.8675,459.6560869746137
4.0,160,16,474.67249999999996,456.83025286283396
4.0,160,17,476.5825,448.892506141921
4.0,160,18,462.5925,441.6250213885235
4.0,160,19,470.39,454.0408298159881
4.0,160,20,482.6525,460.0591942907606
4.0,160,21,464.71250000000003,449.9036700817685
4.0,160,22,458.33,449.071251246198
4.0,160,23,468.81,455.41280706621717
4.0,160,24,488.3175,455.7810433980085
4.0,160,25,483.45750000000004,460.03755782918734
4.0,160,26,477.005,445.7710421770362
4.0,160,27,457.72999999999996,441.11692062533604
4.0,160,28,451.3125,441.8978399218214
4.0,160,29,449.7275,441.76262246614056
4.0,160,30,462.98499999999996,446.904261894571
4.0,160,31,481.7375,457.5906351900832
4.0,160,32,476.985,451.9337699738236
4.0,160,33,476.76750000000004,452.6079179758327
4.0,160,34,461.7075,442.22678923555736
4.0,160,35,476.39500000000004,447.5296045310963
4.0,160,36,478.3625,446.5415098154401
4.0,160,37,470.33,444.3146300806712
4.0,160,38,457.20250000000004,439.1000492554662
4.0,160,39,448.6575,442.61808448788975
4.0,160,40,448.65,441.9556914905803
4.0,160,41,454.28499999999997,445.38325606933086
4.0,160,42,466.9825,445.8848667018828
4.0,160,43,474.8275,448.4953790027088
4.0,160,44,477.63,456.7992621547744
4.0,160,45,473.8325,449.1230075370478
4.0,160,46,476.65,451.54391796628533
4.0,160,47,479.45,450.8980387951519
4.0,160,48,479.955,454.1843949575546
4.0,160,49,480.845,460.5651011299244
4.0,160,50,474.09,457.5368431408171
4.0,160,51,465.345,447.01877131368843
4.0,160,52,463.6925,444.8927586348678
4.0,160,53,465.5475,452.08409232532074
4.0,160,54,454.27000000000004,442.8141179435194
4.0,160,55,461.18749999999994,449.6280585653721
4.0,160,56,455.18000000000006,445.27511254615547
4.0,160,57,451.48749999999995,442.43643668165987
4.0,160,58,471.635,455.4823187442611
4.0,160,59,473.2,453.8716393270545
4.0,160,60,471.065,453.94300939601146
4.0,160,61,469.35,444.25477488215586
4.0,160,62,473.66999999999996,451.17864996487504
4.0,160,63,479.1025,449.81700310577776
4.0,160,64,476.74,457.47900804876116
4.0,160,65,465.19,445.96397869311386
4.0,160,66,456.705,441.26401553377934
4.0,160,67,447.31999999999994,438.4735593756204
4.0,160,68,468.2525,449.6121814352168
4.0,160,69,461.04,444.8287201257423
4.0,160,70,456.1775,441.20655919843216
4.0,160,71,456.52,442.3967464638172
4.0,160,72,454.4175,443.9477334171163
4.0,160,73,453.74749999999995,444.9273837402758
4.0,160,74,466.12249999999995,451.99051579215177
4.0,160,75,466.7875,443.9559808048906
4.0,160,76,468.665,439.65088092094345
4.0,160,77,468.945,443.758736841231
4.0,160,78,474.095,455.0037412952829
4.0,160,79,464.74625,458.36248615662987
4.0,160,80,458.5625,454.2581031770303
4.0,160,81,466.10249999999996,455.33927362625786
4.0,160,82,465.16249999999997,451.0134573093619
4.0,160,83,483.135,460.6554421780891
4.0,160,84,481.88000000000005,462.7812766605109
4.0,160,85,480.255,448.6550322509059
4.0,160,86,472.8925,447.31446151811235
4.0,160,87,468.4125,444.81734419542863
4.0,160,88,462.79999999999995,443.1889636130875
4.0,160,89,459.855,445.70670349726305
4.0,160,90,469.2675,447.95232904427377
4.0,160,91,469.87,447.0332914187074
4.0,160,92,458.04499999999996,441.5677348966691
4.0,160,93,460.25,448.1394975836863
4.0,160,94,449.5675,442.5140571552595
4.0,160,95,457.1875,442.04463221262637
4.0,160,96,468.8125,446.2171991996743
4.0,160,97,472.9975,451.8135881603138
4.0,160,98,462.045,445.8466528179896
4.0,160,99,460.0425,442.08700289261276
4.0,160,100,454.4525,441.7477176940424
4.0,160,101,475.6825,462.29248144851
4.0,160,102,462.645,451.9924256333263
4.0,160,103,445.9225,440.0523939551157
4.0,160,104,455.115,446.1007962977345
4.0,160,105,455.6675,439.82697332780856
4.0,160,106,469.5625,453.65510461793804
4.0,160,107,482.155,458.1647050198451
4.0,160,108,474.0875,449.61181659154056
4.0,160,109,480.21000000000004,458.2629231421731
4.0,160,110,478.61499999999995,447.43239501528546
4.0,160,111,480.085,446.0404934117737
4.0,160,112,469.915,443.1197475382414
4.0,160,113,452.7775,438.91631803002315
4.0,160,114,451.96,441.8709067030496
4.0,160,115,461.6025,449.136557969213
4.0,160,116,467.43,450.8244205045596
4.0,160,117,461.325,446.5202906855031
4.0,160,118,451.37749999999994,438.81674695280736
4.0,160,119,441.7225,438.4665530071628
4.0,160,120,449.375,439.03474108886854
4.0,160,121,446.4575,437.1920616477845
4.0,160,122,444.93,440.55297200558005
4.0,160,123,461.67249999999996,449.73251377763154
4.0,160,124,463.11749999999995,445.3820214583566
4.0,160,125,463.30999999999995,449.97558619790266
4.0,160,126,473.335,455.45026587280347
4.0,160,127,470.14,456.0712053427602
4.0,160,128,479.74249999999995,449.788575191733
4.0,160,129,482.65000000000003,455.56440704101885
4.0,160,130,476.65999999999997,447.6395813514139
4.0,160,131,474.95,452.2319234892533
4.0,160,132,467.89250000000004,447.77471267278946
4.0,160,133,470.7425,450.0881505103567
4.0,160,134,463.4175,445.5547390383614
4.0,160,135,475.0575,453.0555195139519
4.0,160,136,453.02250000000004,442.800626241915
4.0,160,137,460.3575,448.7110175473624
4.0,160,138,447.03499999999997,447.5089652098373
4.0,160,139,449.16625,441.36596030399437
4.0,160,140,453.1675,443.09637393585945
4.0,160,141,465.39,445.21036246490667
4.0,160,142,457.74,444.7149761668287
4.0,160,143,454.8175,444.8102238590211
4.0,160,144,452.5475,443.0903780985781
4.0,160,145,454.985,447.14551234391604
4.0,160,146,466.9325,447.7412004232664
4.0,160,147,462.27,445.66923575177805
4.0,160,148,465.87250000000006,454.52310917531577
4.0,160,149,472.985,449.71412340910024
4.0,160,150,468.4375,444.14091527354617
4.0,160,151,468.25749999999994,439.76975426276476
4.0,160,152,462.4275,443.33057268772944
4.0,160,153,468.4475,446.58109963515324
4.0,160,154,466.64,452.6555006742593
4.0,160,155,469.88250000000005,449.9418764903051
4.0,160,156,471.2475,452.8431665947568
4.0,160,157,473.29999999999995,441.30202991386034
4.0,160,158,461.89250000000004,442.5961609781138
4.0,160,159,461.92,446.32223328838563
4.0,160,160,452.52250000000004,444.025231833317
4.0,160,161,463.9275,449.88041890918527
4.0,160,162,466.5125,449.9490625807495
4.0,160,163,471.8625,447.77301401590773
4.0,160,164,465.73,444.670331981073
4.0,160,165,451.20500000000004,438.6578447133278
4.0,160,166,416.37750000000005,422.32284695331
4.0,160,167,462.03999999999996,445.14770758097006
4.0,160,168,465.9825,452.7902535779394
4.0,160,169,473.2875,448.18211737941317
4.0,160,170,470.05375,450.0684175261008
4.0,160,171,465.33000000000004,453.7626938466876
4.0,160,172,449.2250000000001,443.66447354003856
4.0,160,173,468.15250000000003,454.64414710754494
4.0,160,174,472.4375,457.18247439702986
4.0,160,175,468.50750000000005,445.6505645890972
4.0,160,176,476.9225,452.97837094100527
4.0,160,177,489.625,463.755006145502
4.0,160,178,480.37,457.12970998698563
4.0,160,179,472.8625,453.45879908293745
4.0,160,180,477.58500000000004,454.61837524522116
4.0,160,181,475.36249999999995,446.8622635313446
4.0,160,182,473.8175,446.85419162483345
4.0,160,183,460.61,441.89732729668253
4.0,160,184,451.90000000000003,441.62076140150407
4.0,160,185,456.3125,449.1221697995967
4.0,160,186,464.9325,455.293714062591
4.0,160,187,470.2125,450.3550247551648
4.0,160,188,466.9225,447.1139455437982
4.0,160,189,449.715,443.51210913449864
4.0,160,190,450.55499999999995,443.1909107825759
4.0,160,191,455.385,443.53895290937965
4.0,160,192,452.64250000000004,440.8091400968714
4.0,160,193,449.39,439.8845856454086
4.0,160,194,466.71,447.1864544989984
4.0,160,195,463.6125,444.92659717977193
4.0,160,196,452.67499999999995,445.2994717268917
4.0,160,197,457.4425,444.7694826809867
4.0,160,198,458.47,452.89914452956907
4.0,160,199,477.125,462.5641654927791
4.0,160,200,467.36,444.7628176434157
4.0,160,201,481.055,454.78814600831606
4.0,160,202,475.425,456.8822052941651
4.0,160,203,459.46000000000004,442.6966338837733
4.0,160,204,449.53000000000003,441.488649042917
4.0,160,205,448.8525,443.71620231387294
4.0,160,206,457.8425,449.18978743725523
4.0,160,207,465.71500000000003,452.2130839554497
4.0,160,208,462.535,442.6098494270339
4.0,160,209,471.4875,454.11628153394804
4.0,160,210,472.61,449.5470013106631
4.0,160,211,491.05499999999995,468.45686665933096
4.0,160,212,462.97499999999997,447.6272347058467
4.0,160,213,464.43,447.3092319228521
4.0,160,214,470.83,446.2253267753302
4.0,160,215,487.11499999999995,457.5164495882085
4.0,160,216,471.7125,451.64835713419666
4.0,160,217,471.55,451.6638670557849
4.0,160,218,455.125,442.0922587214106
4.0,160,219,458.1,444.24517136700376
4.0,160,220,465.93999999999994,449.5047200173058
4.0,160,221,450.035,442.60284600113357
4.0,160,222,465.5,449.27388908636027
4.0,160,223,469.0475,445.7236437828236
4.0,160,224,474.07,450.9280177939995
4.0,160,225,471.28249999999997,448.92901177550414
4.0,160,226,478.51250000000005,458.43891775717475
4.0,160,227,462.76,438.9857823408446
4.0,160,228,445.6125,418.28199451334825
4.0,160,229,459.93,443.7601173612335
4.0,160,230,457.52375,444.08991742449183
4.0,160,231,469.065,449.84561164449633
4.0,160,232,473.9975,440.93006399118127
4.0,160,233,472.9225,445.01422697935834
4.0,160,234,483.08,451.4745142615243
4.0,160,235,489.505,460.2323559417239
4.0,160,236,492.0275,460.6812364842256
4.0,160,237,477.225,453.6639282791193
4.0,160,238,471.46250000000003,444.09990042960976
4.0,160,239,480.4475,454.4138849068691
4.0,160,240,470.65999999999997,443.7782598209411
4.0,160,241,469.3525,452.0142456994486
4.0,160,242,462.6875,445.4736820946599
4.0,160,243,454.23249999999996,443.56506735155176
4.0,160,244,445.57500000000005,435.00221936122443
4.0,160,245,446.8225,438.01133972652497
4.0,160,246,452.145,445.55497936944926
4.0,160,247,438.73,441.2577213709281
4.0,160,248,450.7,446.25553166329655
4.0,160,249,485.0925,454.35740586187376
4.0,160,250,483.0325,456.5816301557071
4.0,160,251,474.2975,450.15612267683383
4.0,160,252,473.63,450.9963259987678
4.0,160,253,468.445,443.89495371390524
4.0,160,254,476.5725,460.3742664493627
4.0,160,255,478.77,458.4983875752582
4.0,160,256,463.9675,446.37976600777404
4.0,160,257,470.4625,449.39981024692815
4.0,160,258,466.9675,446.4691347025629
4.0,160,259,461.22499999999997,445.67254483947505
4.0,160,260,457.26500000000004,441.71655175195417
4.0,160,261,459.9525,450.10891777751976
4.0,160,262,473.14750000000004,460.3085836881181
4.0,160,263,458.7725,446.0100843304925
4.0,160,264,468.9575,450.4736526902723
4.0,160,265,474.0425,451.3516734983691
4.0,160,266,479.5025,457.5286022013799
4.0,160,267,469.84749999999997,453.36085277337963
4.0,160,268,457.37250000000006,443.44461757286365
4.0,160,269,469.22999999999996,456.03650321703583
4.0,160,270,455.75250000000005,442.0350996067633
4.0,160,271,467.1675,447.69467937391875
4.0,160,272,465.84999999999997,443.0421886235172
4.0,160,273,456.5775,445.56365784805394
4.0,160,274,455.47999999999996,446.59500431592113
4.0,160,275,461.56500000000005,445.0248823121434
4.0,160,276,462.27000000000004,446.1503154790213
4.0,160,277,448.34000000000003,443.11129910689635
4.0,160,278,447.62000000000006,439.19242835874627
4.0,160,279,464.0275,441.6218319879747
4.0,160,280,478.32,461.42186068891345
4.0,160,281,467.605,448.87350076878727
4.0,160,282,464.4375,446.6684099859308
4.0,160,283,452.95250000000004,444.27842096643633
4.0,160,284,396.155,400.1138980786838
4.0,160,285,153.1225,163.54344563955138
4.0,160,286,242.7875,209.62680170156395
4.0,160,287,442.7,433.7393244846132
4.0,160,288,451.0525,443.7535350435842
4.0,160,289,451.9125,444.43466906673626
4.0,160,290,466.62999999999994,453.8294600652551
4.0,160,291,470.77750000000003,456.43876632482073
4.0,160,292,461.725,448.19256156481435
4.0,160,293,458.56,443.89042956686177
4.0,160,294,467.8275,453.3009572718619
4.0,160,295,465.19,450.7758464069624
4.0,160,296,452.4225,446.381710090756
4.0,160,297,442.84000000000003,439.0747485992555
4.0,160,298,449.7725,442.9152588161758
4.0,160,299,454.07375,443.5993665438957
4.0,160,300,465.8525,451.2328594557588
4.0,160,301,469.055,444.1402830577464
4.0,160,302,458.055,447.40495960207124
4.0,160,303,461.525,451.98442100445527
4.0,160,304,470.48,452.00275543863154
4.0,160,305,446.6275,437.43583241543115
4.0,160,306,465.4075,450.10894357061306
4.0,160,307,464.2725,446.67573461368
4.0,160,308,458.505,454.7075406157907
4.0,160,309,474.8025,451.27335625535295
4.0,160,310,453.00250000000005,436.6869914440848
4.0,160,311,442.5125,435.10710290336726
4.0,160,312,445.61249999999995,437.5695094866495
4.0,160,313,459.70750000000004,445.13057485865613
4.0,160,314,467.65250000000003,452.8579315348853
4.0,160,315,479.705,464.8720904854572
4.0,160,316,472.85,451.4432955249257
4.0,160,317,470.745,447.1522869650012
4.0,160,318,477.5325,453.39996828504877
4.0,160,319,472.6225,449.00059406866455
4.0,160,320,477.4125,451.16678558819945
4.0,160,321,450.79749999999996,441.6110887241547
4.0,160,322,445.73249999999996,442.60669013022715
4.0,160,323,445.18750000000006,438.660374810234
4.0,160,324,448.47249999999997,440.11917310613927
4.0,160,325,471.215,452.38364325176644
4.0,160,326,473.1825,448.76758370126976
4.0,160,327,476.8275,443.2424236334804
4.0,160,328,477.63250000000005,451.80120489222486
4.0,160,329,472.62249999999995,450.58225412018334
4.0,160,330,462.21500000000003,448.3242652578325
4.0,160,331,473.815,456.4298259026651
4.0,160,332,481.475,446.6378241479246
4.0,160,333,483.97249999999997,447.92682040444066
4.0,160,334,476.315,450.16976073049113
4.0,160,335,477.52750000000003,447.9605466307912
4.0,160,336,478.18,446.21500236213456
4.0,160,337,473.12,448.4094349227656
4.0,160,338,473.47499999999997,442.33827435447375
4.0,160,339,469.4125,446.1358020096417
4.0,160,340,467.755,442.3303234515928
4.0,160,341,476.3925,453.44343730538407
4.0,160,342,454.22749999999996,440.7363404616216
4.0,160,343,451.5825,439.26893979541836
4.0,160,344,460.375,442.2018136217956
4.0,160,345,463.97749999999996,446.64372653106585
4.0,160,346,460.6325,450.0400404396323
4.0,160,347,478.7825,450.3345685741667
4.0,160,348,477.18,453.5485714562358
4.0,160,349,473.27750000000003,457.86309515455184
4.0,160,350,469.70750000000004,450.4741978645176
4.0,160,351,464.3775,447.73860961298334
4.0,160,352,470.79499999999996,444.97994925120054
4.0,160,353,476.2825,449.94392780599895
4.0,160,354,476.985,446.7236266527601
4.0,160,355,472.73249999999996,456.4994409898271
4.0,160,356,465.37,445.03726666923797
4.0,160,357,475.2125,453.14066935948875
4.0,160,358,469.78,446.1287493988502
4.0,160,359,485.105,449.67394601581407
4.0,160,360,485.12,445.6297795798609
4.0,160,361,487.24,446.2960369936599
4.0,160,362,483.98999999999995,448.8780520172372
4.0,160,363,483.495,446.37590058651676
4.0,160,364,479.4325,450.87645159483924
4.0,160,365,481.295,463.472465739638
4.0,160,366,470.51,458.83578842875386
4.0,160,367,454.85,443.30169872485396
4.0,160,368,465.9525,446.692337800739
4.0,160,369,475.85,450.7246091576295
4.0,160,370,472.17999999999995,450.39851413642384
4.0,160,371,467.66749999999996,446.60046953157223
4.0,160,372,473.9725,451.19521852544233
4.0,160,373,452.46250000000003,439.75463070125375
4.0,160,374,451.9475,439.7175858787362
4.0,160,375,449.45250000000004,442.1488851276285
4.0,160,376,467.1425,453.5684654840794
4.0,160,377,462.35,443.7304828352492
4.0,160,378,447.7725,436.9004168347874
4.0,160,379,463.355,443.8624556638785
4.0,160,380,474.565,455.40418017020625
4.0,160,381,478.6775,452.2204773761814
4.0,160,382,469.805,451.6426976113091
4.0,160,383,473.64500000000004,452.0837134869066
4.0,160,384,465.32,441.81348376603927
4.0,160,385,462.7825,442.84356698015836
4.0,160,386,461.8925,443.9938704870527
4.0,160,387,463.59250000000003,443.04686488174707
4.0,160,388,468.59,452.7199920419061
4.0,160,389,469.41249999999997,448.48645577469415
4.0,160,390,462.73,447.65819859737724
4.0,160,391,468.285,444.88620705686105
4.0,160,392,464.42999999999995,450.81642161582545
4.0,160,393,463.46,448.6393295468003
4.0,160,394,466.13,444.5462526994623
4.0,160,395,470.2225,447.49719845880173
4.0,160,396,479.26,453.4301974622503
4.0,160,397,466.70500000000004,442.9990295739185
4.0,160,398,453.375,440.475887208479
4.0,160,399,449.33000000000004,440.06749484140494
4.0,160,400,449.5325,443.19914609824514
4.0,160,401,452.31500000000005,448.2990770688926
4.0,160,402,464.3575,452.6705314292839
4.0,160,403,468.4875,453.33931697544193
4.0,160,404,452.57250000000005,440.23957005359796
4.0,160,405,463.9975,444.7059810848062
4.0,160,406,457.6125,449.6717247792347
4.0,160,407,470.84749999999997,445.67866839996003
4.0,160,408,485.59999999999997,450.6915445201114
4.0,160,409,481.66249999999997,456.8453004258338
4.0,160,410,471.185,452.14885099101065
4.0,160,411,466.4225,449.87728961971544
4.0,160,412,462.345,444.9056453459306
4.0,160,413,461.8875,441.16594883396215
4.0,160,414,463.33500000000004,444.0583888524562
4.0,160,415,313.8425,355.434078383665
4.0,160,416,397.76250000000005,355.0635072760963
4.0,160,417,459.8325,442.7262375507197
4.0,160,418,470.05,444.28787890446966
4.0,160,419,475.2075,451.26786598815295
4.0,160,420,457.075,440.6247296024442
4.0,160,421,466.0725,448.15165359248965
4.0,160,422,466.5175,445.1331995707958
4.0,160,423,466.78749999999997,451.9579683326767
4.0,160,424,471.6325,451.7284751392312
4.0,160,425,467.9675,449.6965588897478
4.0,160,426,476.32250000000005,448.1144360892084
4.0,160,427,482.24,446.16345076835006
4.0,160,428,489.2575,457.1321160893111
4.0,160,429,490.015,462.375685776637
4.0,160,430,478.31500000000005,457.4330862301989
4.0,160,431,446.37,438.91751544136116
4.0,160,432,470.44249999999994,452.020637170325
4.0,160,433,470.3125,450.0156434363041
4.0,160,434,468.9075,450.0509129527349
4.0,160,435,466.1975,446.8666049544498
4.0,160,436,471.21500000000003,448.4921544542741
4.0,160,437,470.34499999999997,452.1416553938903
4.0,160,438,470.46500000000003,447.6167562558474
4.0,160,439,465.5225,450.2881588503906
4.0,160,440,463.70500000000004,448.7997407802111
4.0,160,441,453.09499999999997,446.0546736863985
4.0,160,442,463.12750000000005,444.9042756136586
4.0,160,443,478.8875,453.80102973188673
4.0,160,444,444.69,443.7358424618105
4.0,160,445,447.1475,442.0134903313081
4.0,160,446,469.5975,459.9308894300813
4.0,160,447,471.505,447.5407564760434
4.0,160,448,464.635,446.91528929692515
4.0,160,449,466.53749999999997,442.40881971973675
4.0,160,450,460.93249999999995,449.1153399331959
4.0,160,451,472.08500000000004,459.49812707190836
4.0,160,452,466.685,454.37396406259046
4.0,160,453,460.72,447.05015425586225
4.0,160,454,465.09749999999997,449.7446495690139
4.0,160,455,473.8525,456.8730073022757
4.0,160,456,473.09499999999997,447.8177307027347
4.0,160,457,486.4975,451.4258963532008
4.0,160,458,482.42249999999996,449.64571690890904
4.0,160,459,479.7625,444.65801822239985
4.0,160,460,481.515,454.39295175385837
4.0,160,461,473.725,453.8151129144156
4.0,160,462,463.0625,448.28899313784063
4.0,160,463,457.5825,445.54290703878706
4.0,160,464,478.8,460.6581008086707
4.0,160,465,478.81,455.5340275715379
4.0,160,466,473.24,447.5070206116617
4.0,160,467,482.4525,452.1897918771188
4.0,160,468,472.945,444.382114142697
4.0,160,469,474.51750000000004,450.27004547989145
4.0,160,470,471.4125,445.4862838411982
4.0,160,471,461.51,441.08918435776724
4.0,160,472,463.615,443.78528525236527
4.0,160,473,458.045,443.0301404818905
4.0,160,474,455.91499999999996,445.1516705985345
4.0,160,475,460.935,444.499614434611
4.0,160,476,454.4575,439.3825770298868
4.0,160,477,462.925,451.22896760946077
4.0,160,478,449.4025,441.2947971566947
4.0,160,479,448.715,439.6001742649978
4.0,160,480,450.44,443.22131732247794
4.0,160,481,470.955,451.77610888454615
4.0,160,482,471.44750000000005,455.60024002457476
4.0,160,483,466.66499999999996,448.89835790672566
4.0,160,484,467.4175,444.4896417372977
4.0,160,485,483.47999999999996,459.8086379704693
4.0,160,486,469.015,448.47566713175684
4.0,160,487,456.6625,441.0264569404689
4.0,160,488,482.295,462.7927126850349
4.0,160,489,471.5375,453.2824376760181
4.0,160,490,479.52750000000003,448.32554875533515
4.0,160,491,478.5175,444.6524685883022
4.0,160,492,480.935,445.8371261499423
4.0,160,493,473.8175,445.32581370239785
4.0,160,494,468.53,447.0182264129746
4.0,160,495,457.25,444.04439480308156
4.0,160,496,455.1925,444.1871834687257
4.0,160,497,456.125,445.6356381786935
4.0,160,498,479.49,461.1403632299074
4.0,160,499,465.5425,450.1958852079965
4.0,160,500,467.75750000000005,446.8599216145618
4.0,160,501,472.09,451.36695869200196
4.0,160,502,492.6,457.4110828083539
4.0,160,503,475.77000000000004,450.03999352494066
4.0,160,504,464.8875,446.44493342742476
4.0,160,505,462.0975,448.271800441907
4.0,160,506,469.06,451.6664551503817
4.0,160,507,464.2875,444.92848599255495
4.0,160,508,466.785,440.2342867077777
4.0,160,509,475.1975,451.5968200048816
4.0,160,510,464.96500000000003,443.66326395551516
4.0,160,511,464.4725,444.2140859456325
4.0,160,512,461.8275,450.46165398997096
4.0,160,513,475.26250000000005,457.0635038454452
4.0,160,514,465.8125,443.4836079877885
4.0,160,515,485.37250000000006,453.98433992303325
4.0,160,516,485.64750000000004,457.805319277094
4.0,160,517,481.8225,449.2049686378183
4.0,160,518,476.95000000000005,445.3981270554377
4.0,160,519,484.65000000000003,452.3688909861114
4.0,160,520,480.71124999999995,463.26980965337054
4.0,160,521,486.2875,462.4535309613008
4.0,160,522,476.84000000000003,456.18022842381004
4.0,160,523,485.1125,460.75540729078705
4.0,160,524,477.4975,449.8347653389988
4.0,160,525,472.9875,447.2172395728595
4.0,160,526,477.325,448.586287266363
4.0,160,527,466.615,445.64141012366906
4.0,160,528,464.91749999999996,445.22695790499847
4.0,160,529,473.5925,449.35257290667704
4.0,160,530,478.985,452.13583116361764
4.0,160,531,479.16999999999996,454.9415882736721
4.0,160,532,489.695,458.28230708308877
4.0,160,533,470.2525,445.80627194455343
4.0,160,534,460.13,449.2863318988337
4.0,160,535,470.7049999999999,456.84716809173153
4.0,160,536,467.42999999999995,446.6508465824764
4.0,160,537,448.82500000000005,440.422002671357
4.0,160,538,451.33500000000004,440.35719845630985
4.0,160,539,456.16499999999996,447.4585749501824
4.0,160,540,469.815,453.27280311773796
4.0,160,541,475.4825,459.2235398015312
4.0,160,542,477.4675,456.5379760608247
4.0,160,543,468.5775,446.260966725569
4.0,160,544,454.7375,443.0282018194292
4.0,160,545,479.09000000000003,457.6061998046857
4.0,160,546,474.0675,455.0537456818005
4.0,160,547,479.94,449.53344798982573
4.0,160,548,468.1925,442.37305073898654
4.0,160,549,464.5625,447.1204144464696
4.0,160,550,464.9775,446.2824477807249
4.0,160,551,460.37,447.1864061354263
4.0,160,552,467.13,452.53281522993495
4.0,160,553,464.8425,449.25011677029113
4.0,160,554,472.20000000000005,445.67329892796397
4.0,160,555,464.0025,444.0729471492459
4.0,160,556,466.85249999999996,451.03280265333944
4.0,160,557,460.28,448.4954882017379
4.0,160,558,453.5799999999999,442.1835503860398
4.0,160,559,450.3075,441.491778699825
4.0,160,560,453.3275,440.1616251696229
4.0,160,561,464.04,445.9122967153339
4.0,160,562,447.9,441.69064991844897
4.0,160,563,447.64,444.53118643752043
4.0,160,564,454.1175,446.5238230005809
4.0,160,565,447.76,441.33205984257495
4.0,160,566,457.0775,444.0780743270758
4.0,160,567,459.8025,441.4495098279434
4.0,160,568,472.4325,448.22006193409493
4.0,160,569,475.49249999999995,452.6921434595643
4.0,160,570,477.71500000000003,448.54049471219554
4.0,160,571,471.25,450.4796276250063
4.0,160,572,468.9325,443.77473517534736
4.0,160,573,472.86749999999995,450.193865210939
4.0,160,574,466.70000000000005,445.114045350864
4.0,160,575,476.42249999999996,444.4188907895277
4.0,160,576,473.54999999999995,444.98999832846107
4.0,160,577,477.5525,444.8962139046729
4.0,160,578,483.8975,454.0709030079283
4.0,160,579,457.52000000000004,444.97983654979134
4.0,160,580,465.6925,451.93094830599875
4.0,160,581,462.31999999999994,448.18149355727735
4.0,160,582,447.415,438.33640469926286
4.0,160,583,456.85249999999996,440.59429041515267
4.0,160,584,465.6275,449.13187194843556
4.0,160,585,459.54499999999996,446.17281172638087
4.0,160,586,451.7975,445.00571635757433
4.0,160,587,469.635,450.3880215563621
4.0,160,588,478.7825,454.87897332139767
4.0,160,589,475.02750000000003,446.90434857238495
4.0,160,590,466.54499999999996,444.13899800825385
4.0,160,591,459.71999999999997,448.83583581099106
4.0,160,592,454.78749999999997,440.85119176039865
4.0,160,593,475.37,455.5051147881611
4.0,160,594,473.75,443.74462967128073
4.0,160,595,480.57124999999996,450.65046337780325
4.0,160,596,480.26500000000004,452.8801168946601
4.0,160,597,470.64750000000004,444.23256922389714
4.0,160,598,484.05,451.7804602455112
4.0,160,599,474.83750000000003,452.337267372978
