stratum_0_time_s,stratum_0_measured_w_per_gpu,stratum_0_predicted_w_per_gpu,stratum_1_time_s,stratum_1_measured_w_per_gpu,stratum_1_predicted_w_per_gpu,stratum_2_time_s,stratum_2_measured_w_per_gpu,stratum_2_predicted_w_per_gpu
0,244.0775,306.45993440904806,0,240.26000000000002,301.24210878121767,0,150.94,119.5175590118921
1,294.3625,302.07721870219075,1,188.825,93.87543108185164,1,87.355,122.37865894487346
2,288.6,305.9628637107467,2,85.36,85.36,2,85.7475,107.88122829950817
3,240.185,216.26903311464963,3,85.14999999999999,85.36,3,288.6025,306.1250179971756
4,139.855,149.5348926312231,4,85.1025,85.36,4,292.8375,304.4115167906147
5,239.82,286.3548513604338,5,85.14999999999999,85.36,5,189.0025,219.88810845857816
6,324.1775,306.1018873516417,6,85.10249999999999,85.36,6,112.28,114.48082913851604
7,290.795,301.0480381992687,7,84.9975,85.36,7,88.4675,107.26590349975646
8,285.105,301.8849298240981,8,84.99749999999999,85.36,8,91.65249999999999,113.81147753587341
9,295.96000000000004,300.4459078309759,9,84.99749999999999,85.36,9,86.9625,127.44407541076791
10,296.1775,302.5932034371784,10,85.08,85.36,10,89.6225,112.73500681978166
11,245.8075,304.8982209198076,11,84.97749999999999,90.10548550109544,11,344.085,320.83195160343735
12,254.98000000000002,225.8284951726069,12,240.9875,300.5918446794611,12,285.5525,305.6318661049246
13,242.0125,303.73866909735824,13,188.755,171.31384472885975,13,298.905,306.1791256303715
14,297.5475,300.3740194757487,14,85.725,85.36,14,282.9875,306.0407360358096
15,295.125,308.2081961752864,15,85.57750000000001,85.36,15,287.84749999999997,304.6871771924093
16,287.3725,300.87705485762575,16,85.47,85.36,16,281.5875,306.03555070933805
17,211.025,129.43797820142817,17,85.3125,85.36,17,140.97,142.88942558990098
18,241.35500000000002,307.18058898212587,18,85.5275,85.36,18,338.055,320.22102148284534
19,295.045,300.8721363602972,19,85.36,85.36,19,284.87750000000005,305.3698007900841
20,98.805,106.91511076868171,20,85.36,85.36,20,286.16249999999997,303.7626060321138
21,88.17999999999999,86.63028195775046,21,85.46249999999999,85.36,21,282.4425,306.6320733002608
22,238.975,307.2338192039622,22,85.2425,85.36,22,286.0775,305.09517178547344
23,296.715,305.9382427838125,23,85.36,85.36,23,289.03999999999996,303.30847858616846
24,241.02749999999997,258.8667624642104,24,85.36,85.36,24,258.235,306.6078025828223
25,89.17499999999998,86.88418550078474,25,85.28999999999999,85.36,25,268.0275,306.40817285876744
26,244.23000000000002,307.16531513765096,26,85.29,85.36,26,327.645,305.5459249261556
27,296.65000000000003,300.3939248606257,27,85.31,85.36,27,159.9475,216.8434270416209
28,245.20749999999998,234.18978035554522,28,85.15,85.36,28,89.32000000000001,107.14039160141724
29,184.2125,153.6435418187343,29,85.22,85.36,29,91.02,114.61872767083045
30,242.55,304.59961112302375,30,85.28999999999999,85.36,30,90.05,115.41360280549091
31,212.70250000000004,166.4280665554005,31,85.22,85.36,31,88.42250000000001,108.27745719203844
32,323.545,304.3843967065716,32,85.2175,85.36,32,448.63,344.7637287960102
33,196.04749999999999,142.23898820997533,33,85.22,85.36,33,248.925,309.09563539347727
34,88.42,87.32594453600275,34,85.10249999999999,85.36,34,297.77750000000003,308.9006399097915
35,240.38,304.3253789763165,35,85.10249999999999,85.36,35,299.6725,308.6908774444505
36,294.8175,302.4877039328625,36,85.36,85.36,36,299.8225,307.0421102034761
37,292.835,265.8799455551523,37,85.31,85.36,37,303.62,309.8601329383672
38,90.27,87.08579057324494,38,85.22,85.36,38,282.135,309.73949065580496
39,140.055,178.36466937639932,39,85.28999999999999,85.36,39,302.7875,306.4526341310773
40,87.94500000000001,84.99,40,85.2625,85.36,40,283.3425,308.82681308380455
41,87.345,86.67688375936999,41,85.28999999999999,85.36,41,268.4075,272.4529367970738
42,235.5,307.1401481828409,42,85.22,85.36,42,120.40499999999999,113.86628821968341
43,282.135,302.8512791141999,43,85.0675,85.36,43,89.8425,114.22839874347724
44,289.9625,305.8773030348136,44,84.75,85.36,44,93.58,114.3581989123375
45,294.5225,300.5216946941489,45,84.8325,85.36,45,94.63,114.80201900297428
46,295.72,302.20164012622297,46,84.77250000000001,85.36,46,89.03625000000001,107.29525567738901
47,195.52249999999998,176.15689830656643,47,84.75,85.36,47,89.30250000000001,113.8381844569289
48,334.9275,308.6544189806701,48,84.75,85.36,48,89.565,114.65032704752728
49,300.1925,304.58096338451134,49,84.77250000000001,85.36,49,88.55999999999999,113.71965546289914
50,300.05,294.2007518458951,50,84.8925,85.36,50,88.25,113.60507945803101
51,90.0175,84.99,51,84.75,85.36,51,88.17999999999999,116.11010177634375
52,88.35249999999999,84.99,52,84.69250000000001,85.36,52,133.0925,113.62232042626056
53,87.95,86.54393917762138,53,84.75,85.36,53,88.11,114.00941198548853
54,306.02250000000004,307.0041140214927,54,84.77250000000001,85.36,54,91.5875,107.18475573631369
55,138.5575,113.73979987131318,55,84.855,85.36,55,97.61500000000001,113.90436267759405
56,234.59500000000003,310.599658141068,56,84.7725,85.36,56,87.715,114.1115144069519
57,285.62750000000005,307.0545153988445,57,84.77250000000001,85.36,57,87.56250000000001,107.544906764948
58,191.035,180.0158171718022,58,84.77250000000001,85.36,58,104.6175,118.17823163152957
59,285.7075,304.41750205600033,59,84.75,85.36,59,88.0275,107.68296323201047
60,213.795,157.46659113802994,60,84.75,85.36,60,87.44999999999999,113.90251747390342
61,313.85249999999996,307.4642300493987,61,84.75,85.36,61,87.33749999999999,114.3382332033579
62,319.985,302.6934991398208,62,84.8325,85.36,62,87.55499999999999,108.16193349042311
63,301.03,304.2377972457535,63,84.75,85.36,63,90.60499999999999,114.55122100737582
64,198.16500000000002,170.5872026060492,64,84.77250000000001,85.36,64,88.28249999999998,114.19721247093793
65,328.3925,307.27335103042753,65,84.8325,85.36,65,88.8375,107.10063424907877
66,290.33500000000004,301.90140605513056,66,84.75,85.36,66,87.94749999999999,113.59693685651078
67,296.25,298.6357829049043,67,84.8325,85.36,67,87.265,114.31829543414719
68,194.7625,170.31075672916097,68,84.9975,85.36,68,88.10999999999999,113.70345001743868
69,248.39,307.4389230258859,69,84.8175,85.36,69,108.01499999999999,107.59453429406987
70,245.05749999999998,253.5267409170196,70,84.75,85.36,70,137.245,114.08156584598026
71,248.02249999999998,304.32613971957556,71,84.75,85.36,71,126.71249999999999,114.2875593368934
72,296.86,279.44386071838164,72,84.75,85.36,72,87.03,113.99973215902037
73,197.695,234.67542541812676,73,84.8775,85.36,73,144.39,115.50156260070932
74,283.1975,305.97637847413137,74,84.8325,85.36,74,87.09,115.07738000080771
75,219.16500000000002,145.32854486277594,75,84.7525,85.36,75,88.47749999999999,107.54385406286828
76,330.835,304.3174122966687,76,84.795,85.36,76,95.1775,113.49985235742457
77,268.645,290.1785377816925,77,84.77250000000001,85.36,77,94.0925,113.18081070356469
78,249.6775,304.3057732694458,78,84.91499999999999,85.36,78,233.14499999999998,320.2439223699719
79,291.2575,302.07460828101574,79,84.9,85.36,79,280.485,305.3471660609491
80,298.765,306.8138707147217,80,85.02,85.36,80,284.1925,305.2212718042974
81,144.8225,104.39406383956191,81,84.77250000000001,85.36,81,286.235,305.2143554563361
82,89.845,88.17934821306159,82,84.795,85.36,82,284.05749999999995,304.93321413481544
83,89.01,86.63287276472141,83,84.835,85.36,83,271.05999999999995,304.9242166610504
84,292.7675,304.7739248867134,84,84.9375,85.36,84,280.41,305.8622377242574
85,141.82500000000002,123.55577624304505,85,85.02,85.36,85,283.9475,305.21636328125925
86,238.60749999999996,307.4065082938199,86,84.91499999999999,85.36,86,289.045,305.95307965390145
87,267.865,272.21532883649877,87,84.835,85.36,87,245.51250000000002,171.40374387610038
88,258.5825,307.20559272187063,88,84.77250000000001,85.36,88,89.7175,113.89992631663065
89,305.9375,287.22297779952476,89,84.855,85.36,89,88.69,115.8990552959086
90,283.5,287.7225537569236,90,84.8775,85.36,90,88.46000000000001,115.87136333615565
91,91.0375,86.64045442860883,91,84.81,85.36,91,245.0525,309.73333189122786
92,339.1625,318.9262795985579,92,85.045,85.36,92,398.57000000000005,329.1692320756984
93,294.13,307.2065641124599,93,84.8175,85.36,93,309.89,321.8952053305945
94,291.24750000000006,301.6295193033632,94,84.77250000000001,85.36,94,298.3075,309.387716357251
95,249.45749999999998,301.2352207276301,95,84.9975,85.36,95,260.8875,309.1770068893554
96,296.34,308.3911849729842,96,85.10249999999999,85.36,96,323.4775,308.9686259775423
97,292.89750000000004,307.36362939507836,97,85.10249999999999,85.36,97,292.92999999999995,314.64341864063556
98,288.055,306.970388128591,98,85.08,85.36,98,302.09749999999997,308.6833961155274
99,293.985,300.6621294317805,99,85.0425,85.36,99,305.21000000000004,309.69505666598906
100,250.51250000000002,245.89626096361334,100,84.99749999999999,85.36,100,299.35,305.5987670022708
101,303.92499999999995,307.14574332658685,101,84.96000000000001,85.36,101,244.985,306.39896110975917
102,207.86999999999998,196.02276831429893,102,85.02,85.36,102,281.175,284.9598584169362
103,248.37499999999997,304.3061074044598,103,85.10249999999999,85.36,103,153.275,114.42149595236187
104,278.275,302.93534130784843,104,85.1925,85.36,104,90.145,114.23575942505393
105,93.8,93.230320298399,105,85.15,85.36,105,89.445,107.97485858852734
106,89.775,86.91355091780882,106,85.1025,85.36,106,122.6575,114.71326346021603
107,198.16500000000002,142.33069162423055,107,85.10249999999999,85.36,107,88.74000000000001,107.03840341807063
108,88.86000000000001,87.04216879037298,108,85.0575,85.36,108,89.32499999999999,107.20712535743786
109,240.43249999999998,304.3926797549151,109,84.9975,85.36,109,95.83749999999999,114.31109010718723
110,336.1625,311.1051465012414,110,85.08,85.36,110,136.1975,128.39661397621165
111,299.3775,300.9062273529453,111,84.43,85.36,111,88.375,113.71430177118266
112,297.92499999999995,302.5007960225523,112,84.63,85.36,112,89.29250000000002,114.01328868747173
113,289.585,305.906423844119,113,84.59,85.36,113,89.28999999999999,113.6158625044522
114,288.6775,303.0410614333515,114,84.67,85.36,114,88.91000000000001,113.48831734633708
115,247.0025,301.8825840010844,115,84.75,85.36,115,88.53999999999999,113.79321968086629
116,292.385,305.8779977242611,116,84.61250000000001,85.36,116,87.9375,107.74102759836988
117,292.61749999999995,303.13758266438276,117,84.75,85.36,117,89.69250000000001,118.88950729843324
118,289.6575,294.6196340893576,118,84.6925,85.36,118,87.9475,108.18970796313451
119,195.4325,160.4735700215563,119,84.67,85.36,119,88.2825,113.44882924085422
120,283.05,304.3079311397154,120,84.6925,85.36,120,125.56750000000001,107.61692207610527
121,253.0925,247.21187973294658,121,84.75,85.36,121,150.83,113.92096237633764
122,311.5775,317.8653624564016,122,84.75,85.36,122,87.63250000000001,108.49065400137042
123,300.48749999999995,302.9879823161428,123,84.61,85.36,123,87.495,107.94239179603323
124,291.6375,305.3691222677986,124,84.69,85.36,124,89.31,107.73520591112361
125,299.2125,300.74800788750775,125,84.69,85.36,125,142.345,107.33400878787997
126,171.03249999999997,161.42576765999922,126,84.55250000000001,85.36,126,141.435,107.56658927061585
127,90.1575,86.87070374907194,127,84.8175,85.36,127,87.195,113.71249991288127
128,333.975,307.26226000779957,128,84.8325,85.36,128,88.785,114.03671299752213
129,290.1075,301.69819735118955,129,84.75,85.36,129,88.08749999999999,107.07996632859867
130,257.15250000000003,305.71232177200585,130,84.69,85.36,130,88.1425,113.90816262743644
131,246.79700000000003,117.65706012375512,131,84.6925,85.36,131,87.21749999999999,114.43644465211031
132,293.68800000000005,306.57620062909507,132,84.855,85.36,132,87.09,114.8221142102156
133,294.0525,281.810903647867,133,84.925,85.36,133,87.32249999999999,114.1048729257213
134,258.7525,306.4144011801013,134,84.59,85.36,134,87.1725,103.32249431912878
135,295.7325,306.00126529958675,135,84.77250000000001,85.36,135,86.9025,89.12225647068773
136,144.60999999999999,120.25595904238492,136,84.69,85.36,136,87.09,107.64714954758888
137,312.625,306.0525088584514,137,84.9375,85.36,137,86.92750000000001,107.33469660482535
138,245.055,190.63083703058342,138,84.9,85.36,138,245.58,318.81246032316005
139,248.23249999999996,306.903664593548,139,84.855,85.36,139,286.02,304.3530005605289
140,194.84000000000003,153.92271007985863,140,84.795,85.36,140,286.775,303.3776865444927
141,244.21,306.2689922260675,141,84.77250000000001,85.36,141,285.26,303.1281080502242
142,140.755,107.62430097921022,142,84.77250000000001,85.36,142,287.3825,302.3864095539713
143,244.59750000000003,303.2743315461689,143,84.75,85.36,143,283.97249999999997,304.9369782884992
144,270.605,288.3167529728495,144,84.85499999999999,85.36,144,288.36,304.7652816795957
145,248.2425,304.3051900874986,145,84.9375,85.36,145,287.3025,305.74121719899244
146,257.355,307.1869583093994,146,84.77250000000001,85.36,146,287.525,303.53304058791366
147,248.07999999999998,234.1392306957889,147,84.75,85.36,147,294.4525,319.96056263305763
148,284.85249999999996,308.4847945264422,148,84.795,85.36,148,286.2425,303.5554317226835
149,319.1425,305.42888175217416,149,84.8775,85.36,149,288.435,305.31468709361775
150,313.765,287.8150081273775,150,84.855,85.36,150,299.2025,303.47339989596134
151,323.4725,307.6129208510646,151,84.77250000000001,85.36,151,300.4375,303.3803914540377
152,300.4375,307.08109319519264,152,84.8775,85.36,152,353.3675,330.51283663149104
153,298.22749999999996,305.1735443840522,153,84.75,85.36,153,349.80499999999995,321.9842841667971
154,298.0725,305.7743731753302,154,84.91499999999999,85.36,154,294.91,305.3593416695712
155,293.6,305.83406618765855,155,84.91499999999999,85.36,155,316.1925,306.9685915697405
156,290.79,301.6692307336566,156,84.8325,85.36,156,296.78499999999997,309.6727599210831
157,295.03000000000003,305.7557973026528,157,84.9975,85.36,157,300.895,308.6540878660244
158,290.85749999999996,304.56376646668366,158,85.0675,85.36,158,296.78749999999997,305.7108755201174
159,285.47,307.20233216297333,159,84.795,85.36,159,297.91999999999996,308.3972345478936
160,295.185,302.5566556508522,160,84.9375,85.36,160,277.0,305.7511580122034
161,281.99,306.3990717509395,161,84.9375,85.36,161,284.4975,304.70632392430633
162,277.7925,307.06996761028984,162,84.91499999999999,85.36,162,289.41749999999996,305.47999663134584
163,264.46500000000003,300.7444403592525,163,84.9375,85.36,163,231.9,129.48850379763877
164,252.88500000000002,295.1179794239897,164,84.99749999999999,85.36,164,90.80499999999999,114.96633908283735
165,94.4025,86.98831045008711,165,85.08,85.36,165,90.33,103.12168718157999
166,277.43499999999995,309.6377155985614,166,85.02,85.36,166,89.5575,89.25511020625858
167,289.28499999999997,308.22332526619124,167,85.05749999999999,85.36,167,90.065,115.13508980714914
168,302.84749999999997,301.637576761549,168,85.08,85.36,168,89.325,115.28091071504446
169,292.1575,306.87384271457046,169,85.125,85.36,169,89.915,116.04437141693577
170,294.115,294.7761001972924,170,85.22,85.36,170,92.94,107.6679065724486
171,103.615,90.66141825707277,171,85.125,85.36,171,109.78750000000001,114.51010140534555
172,236.07,312.6196398683481,172,85.10249999999999,85.36,172,88.53750000000001,107.42693567165142
173,243.14749999999998,307.28918480558855,173,84.9975,85.36,173,88.54500000000002,107.4921883784363
174,244.84499999999997,168.6766348489374,174,85.04249999999999,85.36,174,88.77,107.59653212464607
175,243.20250000000001,308.2031776926946,175,85.10249999999999,85.36,175,97.345,107.20115753843925
176,291.54499999999996,307.45918004071234,176,85.14999999999999,85.36,176,146.885,107.34663894167788
177,241.6225,217.45372768177361,177,84.9175,85.36,177,146.2175,103.03112137467777
178,126.20750000000001,124.34617432545616,178,84.6325,85.36,178,87.72,89.3673835745494
179,282.37,307.4663344924988,179,84.61250000000001,85.36,179,87.70750000000001,107.12658041026975
180,265.4625,306.52687596555177,180,84.51,85.36,180,93.125,113.96966481971214
181,281.025,304.11778135363477,181,84.61250000000001,85.36,181,87.6925,114.01790379203426
182,289.96500000000003,307.2028046035388,182,84.7725,85.36,182,87.69250000000001,107.63414557663468
183,282.53999999999996,306.8288240208963,183,84.45,85.36,183,87.6225,107.46700341315487
184,295.8625,303.3772515416928,184,84.655,85.36,184,89.60000000000001,114.26819772110449
185,292.6075,306.37123489505217,185,84.53,85.36,185,87.52,107.3416708774777
186,325.9425,306.6215463844085,186,84.5325,85.36,186,87.96,115.21433436246933
187,269.10249999999996,301.44609575802207,187,84.69,85.36,187,87.255,102.95871557136698
188,292.08500000000004,305.85398208318884,188,84.7725,85.36,188,87.0225,88.48952739961967
189,293.6775,303.78801340635073,189,84.51,85.36,189,87.2325,108.59704909877394
190,301.8325,305.9680000328483,190,84.59,85.36,190,116.67250000000001,113.9714499165676
191,290.12,302.468845803734,191,84.55250000000001,85.36,191,87.405,114.3308091249852
192,295.805,265.85016904182146,192,84.795,85.36,192,306.12250000000006,307.3153692380274
193,92.16499999999999,86.92808179556519,193,84.77250000000001,85.36,193,190.34499999999997,170.58320258149936
194,246.52999999999997,306.4883801069925,194,84.75,85.36,194,149.5625,103.2294070233989
195,249.185,239.77531715151028,195,84.61,85.36,195,87.345,85.08
196,273.43499999999995,306.2548770580578,196,84.75,85.36,196,87.21,88.58297912590157
197,252.195,306.3015268111437,197,84.67,85.36,197,87.32249999999999,108.50855662101608
198,213.60999999999996,188.0380787364936,198,84.77250000000001,85.36,198,229.42499999999998,318.29164631647143
199,324.4575,307.52188653682447,199,84.7125,85.36,199,285.56500000000005,305.5575777303647
200,338.02000000000004,306.52225645004813,200,84.9375,85.36,200,282.53,303.9946114368504
201,296.74,307.5504007413108,201,84.63,85.36,201,286.16,304.7521763108905
202,295.5025,303.75717384482135,202,84.69500000000001,85.36,202,284.7125,304.8302404705427
203,294.6775,305.41654451601926,203,84.6925,85.36,203,284.73,304.5543822375239
204,277.395,264.12255216277276,204,84.8325,85.36,204,282.6675,306.013576826588
205,248.2325,290.1846595733126,205,84.75,85.36,205,285.425,304.56185060382427
206,243.7425,306.44621566214744,206,84.75,85.36,206,237.01500000000001,237.95189367187655
207,287.0825,243.25091214316978,207,84.77250000000001,85.36,207,92.3425,122.50711546266385
208,235.9975,307.5971990046173,208,84.75,85.36,208,89.52000000000001,114.1838576447881
209,291.6125,306.6251019854586,209,84.8325,85.36,209,148.905,114.02619390861845
210,299.6575,303.68486995447404,210,84.91499999999999,85.36,210,106.275,113.88396234585844
211,263.39,306.7567461282052,211,84.96,85.36,211,152.03,106.7584765073246
212,317.6875,301.6800714427948,212,84.795,85.36,212,283.2925,323.9560835038246
213,299.35249999999996,307.42109515846766,213,84.77250000000001,85.36,213,289.12,310.2789685752517
214,320.31,253.6595449250015,214,84.75,85.36,214,289.7975,305.55957738993817
215,92.2425,87.24043380033723,215,84.795,85.36,215,289.1975,305.5719389511742
216,325.1275,306.36062077244793,216,84.75,85.36,216,290.11,305.39234213038765
217,298.96000000000004,267.48456550675064,217,84.96000000000001,85.36,217,285.08750000000003,306.29160987546015
218,316.295,306.04718714338514,218,84.855,85.36,218,258.9225,305.20925975108946
219,297.01750000000004,301.4554625238442,219,84.75,85.36,219,286.78,305.2713042408195
220,298.8225,300.41705435642405,220,84.77250000000001,85.36,220,288.88,267.60751976083503
221,334.1775,308.338723978098,221,84.75,85.36,221,181.25,114.2308700606778
222,246.885,194.4749162827366,222,84.795,85.36,222,90.645,115.43536484511625
223,244.54500000000002,304.54846127244485,223,85.0425,85.36,223,90.365,115.20346902492277
224,288.0675,273.4402769825924,224,84.8325,85.36,224,88.905,108.38770843396283
225,241.4425,312.128054267275,225,84.77250000000001,85.36,225,118.64499999999998,108.1525523502149
226,262.75,307.5012913646965,226,84.75,85.36,226,88.73499999999999,117.75965460357259
227,283.58000000000004,303.8958395095817,227,84.91499999999999,85.36,227,149.1375,108.7848254850106
228,303.1275,306.663894841677,228,84.9,85.36,228,164.6925,109.40761101106978
229,344.83250000000004,317.1541298546081,229,84.96,85.36,229,87.76500000000001,88.8405765816185
230,292.455,303.0477960748692,230,84.91499999999999,85.36,230,175.91,131.47283373003071
231,334.6,309.33371243195677,231,84.795,85.36,231,87.705,89.36250883724878
232,291.34,307.1790432356963,232,84.9375,85.36,232,87.95,113.76992708104389
233,290.5775,302.429593299113,233,84.9375,85.36,233,138.67000000000002,107.55760566642863
234,291.3175,302.5781723692326,234,85.02,85.36,234,139.805,103.29685815822806
235,288.99,303.43939183381804,235,85.065,85.36,235,87.23249999999999,89.470511600826
236,288.6875,307.70981607180886,236,84.975,85.36,236,87.27749999999999,102.94689551804338
237,294.365,307.07420355850485,237,84.8725,85.36,237,87.18749999999999,89.10772820075528
238,296.4575,304.06914370801763,238,84.96000000000001,85.36,238,87.2325,108.53858945428163
239,248.2,307.517938346335,239,84.9375,85.36,239,87.1725,106.94921990084737
240,301.915,306.74571615153775,240,85.02,85.36,240,87.72749999999999,114.08322709013358
241,307.345,302.9561299785369,241,85.065,85.36,241,87.21,107.32710720320766
242,303.3425,306.5998197066652,242,84.9375,85.36,242,101.69749999999999,113.23554809724439
243,265.29749999999996,244.9155096884724,243,84.8775,85.36,243,87.405,133.4352085664181
244,322.53999999999996,307.3726145356143,244,84.855,85.36,244,147.195,107.73252293692444
245,334.54,305.6986324307667,245,84.53,85.36,245,146.745,102.90942612180031
246,294.3425,302.23087916038173,246,84.43,85.36,246,86.8575,88.71397972369168
247,196.71,172.39522115554655,247,84.59,85.36,247,87.23249999999999,115.4887126878017
248,327.9125,307.1581144597879,248,84.6325,85.36,248,87.0225,107.63225351980651
249,304.88750000000005,302.8593056089045,249,84.43,85.36,249,87.6225,108.09528716326855
250,300.125,305.0023575422665,250,84.53,85.36,250,143.925,114.4172679221942
251,301.99249999999995,300.40095361494014,251,84.53,85.36,251,138.46249999999998,107.97913682219769
252,296.6175,307.5781254791646,252,84.61,85.36,252,138.1,158.56321344678068
253,299.665,301.70517165435945,253,84.67,85.36,253,86.9175,85.08
254,199.39000000000004,165.57787760800522,254,84.75,85.36,254,86.73500000000001,88.72086028079453
255,242.8075,305.81789041153377,255,84.53,85.36,255,86.72250000000001,108.44638505513305
256,293.97749999999996,307.27832335618524,256,84.47,85.36,256,86.7925,103.16118617869581
257,196.87749999999997,199.981232561738,257,84.49000000000001,85.36,257,86.42250000000001,88.9773668456378
258,282.37,306.5105562363917,258,86.35,85.36,258,233.97750000000002,314.60842176104245
259,319.1825,302.5806609657799,259,84.57,85.36,259,280.2525,303.55049571454174
260,343.5475,306.271500010575,260,84.51,85.36,260,281.6325,301.9452260144318
261,305.0275,302.87919649687325,261,84.45,85.36,261,291.47249999999997,304.9748679635736
262,336.11,306.1495184564765,262,84.655,85.36,262,312.94,302.4481072373254
263,294.1275,302.127917848768,263,84.6725,85.36,263,281.23,302.3029688625876
264,312.0325,291.3912469294633,264,84.6925,85.36,264,301.47749999999996,303.4954137538963
265,339.63249999999994,307.20084935300235,265,84.6925,85.36,265,239.815,290.56490260931923
266,198.59,181.3657409413162,266,84.81,85.36,266,145.8225,107.37438170249368
267,286.915,307.1548846561484,267,84.5925,85.36,267,88.67249999999999,107.24107224535376
268,297.0725,307.212236322445,268,84.63,85.36,268,141.1675,103.65089196652812
269,296.6125,302.43929851470193,269,84.53,85.36,269,87.905,85.08
270,291.16249999999997,274.66954554923245,270,84.69,85.36,270,87.6825,89.64934132776185
271,93.67750000000001,87.28386611840948,271,84.63,85.36,271,87.795,107.07224007299578
272,261.38,308.5987447331595,272,84.8325,85.36,272,240.10249999999996,313.4080729522356
273,255.9175,306.9841573310165,273,84.6925,85.36,273,371.5625,317.8976831029899
274,304.36,306.4718267640229,274,85.7025,85.36,274,290.4875,305.65905223252446
275,297.7725,301.98247818389893,275,85.815,85.36,275,285.57,304.12217216469026
276,315.74749999999995,306.8553085726744,276,85.815,85.36,276,284.8075,307.0139370248662
277,305.265,302.8382134345718,277,85.725,85.36,277,285.3175,305.43582251904326
278,337.40999999999997,308.0607258308106,278,85.815,85.36,278,266.125,306.11658069405644
279,330.135,307.0618049579291,279,85.77,85.36,279,302.4575,303.8500010319898
280,304.27500000000003,304.12331082385344,280,85.9275,85.36,280,92.1375,243.03111936250968
281,186.3525,147.9068033982051,281,85.83749999999999,85.36,281,142.05,107.49184328567908
282,296.265,294.49909772722174,282,85.97250000000001,85.36,282,178.8375,107.64504520042705
283,248.9225,305.8033419041982,283,85.83749999999999,85.36,283,90.6525,103.0688046742554
284,240.08749999999998,307.6236282408176,284,85.72500000000001,85.36,284,88.125,85.08
285,293.4375,302.43175344160926,285,85.905,85.36,285,87.81,88.76096857067556
286,292.69,304.5185981439091,286,85.8375,85.36,286,88.5375,107.98551774645226
287,288.5325,307.36311561624785,287,85.77000000000001,85.36,287,92.055,114.29396111146832
288,279.4375,306.65045932096234,288,85.8825,85.36,288,90.5825,113.21408400041
289,294.145,307.3847130342228,289,85.965,85.36,289,139.075,114.41201668304456
290,315.875,306.6194569468919,290,85.905,85.36,290,137.235,114.67765056203459
291,283.4475,306.95757935673896,291,85.9725,85.36,291,136.4025,113.79550549394281
292,296.84749999999997,309.0601592130593,292,85.95,85.36,292,87.54249999999999,106.97489779841828
293,333.9675,306.1663288408662,293,85.95,85.36,293,136.70000000000002,113.79206440776684
294,301.4925,304.188606330469,294,85.95,85.36,294,112.4525,107.12713497533271
295,346.3425,306.6963887394008,295,85.95,85.36,295,130.79250000000002,113.92152028303009
296,327.5025,307.20052217436313,296,85.9725,85.36,296,134.64,114.16748136511234
297,299.35,302.5597698495687,297,85.9725,85.36,297,87.1725,107.21557322901734
298,302.91749999999996,306.67760411228323,298,85.995,85.36,298,107.99249999999999,114.39497565297835
299,198.70499999999998,147.78314198661306,299,85.95,85.36,299,106.675,110.79848914537524
300,315.375,307.3094567020723,300,85.9725,85.36,300,86.8825,88.94230883655837
301,301.92,249.8820112883338,301,86.1375,85.36,301,140.655,107.82710696879451
302,301.3275,306.29535764594414,302,85.9725,85.36,302,87.8875,107.99920384857896
303,291.71250000000003,306.92027022802404,303,85.9725,85.36,303,288.0,308.7741539730593
304,306.44000000000005,300.8968120744375,304,85.95,85.36,304,301.705,304.12771246080786
305,327.235,306.5334149062009,305,85.9725,85.36,305,297.3125,305.6851779011777
306,322.77,306.35605929044385,306,86.11500000000001,85.36,306,297.1675,302.62664104484605
307,309.7425,303.2439751310716,307,86.22000000000001,85.36,307,248.365,273.00648764107405
308,328.3125,309.0242849083488,308,86.115,85.36,308,135.365,106.91497517117037
309,276.86,244.1065208376335,309,86.22,85.36,309,294.5825,304.71936451516177
310,306.4425,320.01509450531023,310,85.995,85.36,310,295.8775,303.89428087755226
311,327.0,308.95690045145705,311,86.16000000000001,85.36,311,294.67,300.59900454348605
312,315.35,307.60268118282625,312,85.68,85.36,312,301.09749999999997,303.0658133589166
313,295.025,306.89507367028443,313,85.8375,85.36,313,297.3875,308.0241248493087
314,294.74,308.33404038285596,314,85.68,85.36,314,294.4425,304.1991878835952
315,336.9625,310.0545925510173,315,85.6425,85.36,315,302.1625,305.688822747672
316,291.335,307.34310301179397,316,85.7025,85.36,316,143.3025,161.69956531752968
317,297.515,301.8885210089771,317,85.7025,85.36,317,142.995,107.33474384731318
318,193.405,184.00478528525588,318,85.7925,85.36,318,295.4825,310.06137939663734
319,279.935,307.15363604791196,319,85.68,85.36,319,310.575,303.28301292805577
320,291.03,305.6826492058036,320,85.725,85.36,320,301.02000000000004,302.0889933670545
321,201.715,199.42010100092347,321,85.68,85.36,321,297.77,303.7748396872214
322,336.21750000000003,287.86256010135696,322,85.65750000000001,85.36,322,300.71000000000004,301.457309512003
323,323.72249999999997,306.68038862638883,323,85.7025,85.36,323,143.54999999999998,153.80157403935127
324,299.3175,301.3353978836029,324,85.74749999999999,85.36,324,141.5325,114.1458185590869
325,200.65,210.01064987240574,325,85.8375,85.36,325,139.2925,109.13045804632115
326,277.79499999999996,308.2870959544939,326,85.68,85.36,326,88.7775,88.88093370224797
327,296.2975,300.399008046606,327,85.7025,85.36,327,102.09750000000001,107.47326431039207
328,298.275,300.75454233041364,328,85.68,85.36,328,130.2275,114.43777380431705
329,319.76750000000004,306.5708402295776,329,85.7025,85.36,329,282.52750000000003,304.6689762852966
330,312.8225,306.9184063036631,330,85.725,85.36,330,261.38,304.50617358764123
331,191.365,154.33771987600124,331,85.79249999999999,85.36,331,297.465,303.0421033751181
332,297.7475,307.0775715760628,332,85.68,85.36,332,288.4425,313.7364820929905
333,300.5275,302.855629490679,333,85.7025,85.36,333,308.91,304.262525645559
334,292.6825,308.8790522450254,334,85.7025,85.36,334,287.0,305.79592047995243
335,162.88250000000002,143.46399212588577,335,85.7025,85.36,335,289.14250000000004,304.2607189821988
336,298.9475,307.0800703126316,336,85.7925,85.36,336,288.99,304.0408875637871
337,297.8975,304.0304166705286,337,85.86,85.36,337,292.6875,304.263150136353
338,298.87,307.9394084365648,338,85.725,85.36,338,301.0475,304.1689488592039
339,293.66999999999996,307.79261033633304,339,85.7025,85.36,339,252.32,305.7722361709643
340,299.5475,302.56057079414677,340,85.68,85.36,340,144.4975,122.27896585875422
341,301.58000000000004,302.5043278535296,341,85.79249999999999,85.36,341,90.6075,114.23738121966737
342,297.675,302.39896168046573,342,85.77,85.36,342,121.42249999999999,108.62824591583063
343,288.46500000000003,314.10668648184355,343,85.725,85.36,343,138.67249999999999,115.55002040378474
344,291.3275,305.51974233522924,344,85.77,85.36,344,118.255,113.63652501864658
345,319.91,307.4971901913548,345,85.7475,85.36,345,89.3025,108.27082644527924
346,145.23499999999999,139.9387103490406,346,85.725,85.36,346,89.1375,114.53498780489659
347,298.575,307.26379821729824,347,85.77,85.36,347,94.7675,109.4292791287576
348,243.1525,303.74810418596087,348,86.1025,85.36,348,90.225,107.750533310232
349,295.7025,306.5158017284763,349,85.83749999999999,85.36,349,89.44,108.44618662553547
350,294.7975,307.4787267136497,350,85.95,85.36,350,88.76,107.37168797901523
351,250.3225,257.30993475488265,351,85.79249999999999,85.36,351,88.48,107.28659930393431
352,300.3875,307.21272560790413,352,85.77,85.36,352,139.03250000000003,107.66417895726977
353,298.27250000000004,303.0315152318427,353,85.68,85.36,353,92.285,113.79851274682528
354,304.5225,307.6592780615899,354,85.81500000000001,85.36,354,88.5625,113.42950140447577
355,197.78249999999997,205.5620760248914,355,85.9725,85.36,355,88.285,113.88410416441148
356,294.5675,306.6020688069951,356,85.96499999999999,85.36,356,137.6825,107.31759816622599
357,293.75,302.43090729891696,357,85.86,85.36,357,87.625,107.72227251282806
358,294.97249999999997,304.468321497506,358,85.7925,85.36,358,87.565,107.45666662646458
359,299.4775,300.3943331237531,359,85.9725,85.36,359,87.855,114.94976077856337
360,301.12,301.15864068434996,360,85.95,85.36,360,106.3625,107.4224728753744
361,294.8725,305.12138496064574,361,85.995,85.36,361,101.19,107.59234001052258
362,248.7525,300.4687339279063,362,85.995,85.36,362,99.45499999999998,108.20228273906514
363,92.53999999999999,89.81453532067377,363,85.905,85.36,363,87.4975,114.21072195684029
364,297.135,304.1937064857443,364,85.95,85.36,364,94.42750000000001,106.97974233872145
365,246.2475,238.35553851352526,365,85.995,85.36,365,91.21249999999999,107.5188806739496
366,247.005,283.17126706654926,366,86.055,85.36,366,298.8075,312.19675007410075
367,301.34999999999997,304.3578854927674,367,85.995,85.36,367,290.8725,304.092362255175
368,249.3475,269.3263472151941,368,86.19749999999999,85.36,368,284.495,302.39148420904417
369,92.30999999999999,87.2474710274205,369,86.0575,85.36,369,288.51250000000005,302.33272696858444
370,297.4475,296.38914331591144,370,85.95,85.36,370,288.45000000000005,305.28406930703056
371,300.0825,304.3138180017512,371,85.995,85.36,371,240.28,283.55664093998644
372,315.6875,305.35736566653617,372,85.95,85.36,372,89.565,107.15692262919093
373,302.12,305.2372013554745,373,86.115,85.36,373,88.9275,107.90995882866643
374,146.2125,165.77952441008614,374,86.125,85.36,374,139.66,110.10062962274559
375,245.7275,304.60090402311346,375,85.92750000000001,85.36,375,87.72,89.14783267486212
376,297.88,305.2039102721241,376,86.0925,86.83909252918066,376,233.8775,305.3351457978266
377,248.955,274.1593806445205,377,286.3975,303.1893386608909,377,292.76,303.0183797207539
378,300.305,304.3689581607714,378,238.1425,220.21351763801158,378,283.83,307.8468855718435
379,302.125,300.39701593259196,379,85.79250000000002,85.36,379,316.8475,302.7982678576841
380,299.305,300.4221921073248,380,84.8125,85.36,380,281.92,303.9804023870521
381,293.75,305.6222997246156,381,84.4075,85.36,381,293.535,301.39111456424723
382,276.53249999999997,300.8664512950984,382,84.3575,85.36,382,310.365,302.6898476663953
383,301.2975,304.3292203809549,383,84.5325,85.36,383,327.4125,304.0590248364107
384,294.115,305.11137107620976,384,84.22749999999999,85.36,384,95.085,158.1067036016755
385,244.6625,283.94043969126477,385,84.36250000000001,85.36,385,89.70750000000001,107.05473566724294
386,92.7575,87.00080800030726,386,84.1575,85.36,386,140.4225,107.50006513404348
387,298.64,304.3935174670028,387,84.17999999999999,85.36,387,88.905,107.02615583405776
388,292.9925,305.40027490029024,388,84.17999999999999,85.36,388,157.48999999999998,114.15019444077863
389,248.4375,280.84486764788903,389,84.465,85.36,389,139.6975,106.90256278040091
390,301.89,304.0797615643819,390,84.16,85.36,390,88.52250000000001,107.76791558359821
391,194.16,195.28491906952732,391,84.17999999999999,85.36,391,89.21000000000001,113.29820074693883
392,300.525,304.30414503925994,392,84.295,85.36,392,243.0025,313.78920654330665
393,289.4525,305.59379639864824,393,84.22749999999999,85.36,393,290.715,305.4209965002967
394,196.65749999999997,240.63814604105517,394,84.17999999999999,85.36,394,288.5325,302.3142335334294
395,301.59499999999997,304.543504132238,395,84.22,85.36,395,316.5025,303.9084354290161
396,303.6225,305.3083335913775,396,84.19999999999999,85.36,396,305.6625,302.2374031482035
397,301.2125,305.7943805423827,397,84.16,85.36,397,316.4225,305.16031903203134
398,291.025,304.8581950652213,398,84.17999999999999,85.36,398,320.7425,303.78994106072
399,250.09249999999997,226.33461812483557,399,84.2,85.36,399,269.2325,241.4692030408339
400,300.91499999999996,304.2575524940728,400,84.16,85.36,400,91.375,113.62288413421426
401,299.31,301.2387150609253,401,84.2475,85.36,401,146.98499999999999,108.5396442917336
402,312.3625,304.2991924408626,402,84.22,85.36,402,89.4375,114.04968871207865
403,301.34749999999997,301.17525810124937,403,84.18,85.36,403,140.695,108.08224978739412
404,302.5575,304.6195499307941,404,84.16,85.36,404,141.1925,107.10290108923358
405,255.45,284.80275482561876,405,84.2875,85.36,405,88.80000000000001,107.2367072111388
406,299.93,304.3905734458839,406,84.19999999999999,88.61811894705119,406,88.73249999999999,108.83303747712549
407,92.75750000000001,90.05619696218689,407,134.08999999999997,150.6092951271473,407,140.53,114.28459961383142
408,297.8975,304.47683587151215,408,84.38250000000001,85.36,408,139.75750000000002,107.3706638633802
409,247.6,250.31734233756333,409,84.47,85.36,409,88.3775,114.10807383846078
410,299.0325,304.2573650308208,410,84.19999999999999,85.36,410,88.20500000000001,107.41118188267706
411,299.08750000000003,301.24053451899147,411,84.22,85.36,411,121.91,107.93954690048012
412,292.01,304.73817729621004,412,84.2475,85.36,412,133.46250000000003,108.54112538802933
413,301.5975,305.5648964521614,413,84.2475,85.36,413,110.215,115.05284230348235
414,297.6175,305.32770120526175,414,84.18,85.36,414,157.33249999999998,115.71513265792123
415,346.95250000000004,318.535135219244,415,84.17999999999999,85.36,415,160.185,114.15248829201973
416,301.2525,302.1269856718915,416,84.22749999999999,85.36,416,142.61,115.8217685869908
417,294.2925,305.4300756893146,417,84.2475,85.36,417,142.3475,107.21507174304352
418,292.3025,306.4900209034151,418,84.43,85.36,418,157.12,114.51837227065403
419,292.3875,301.63833083810107,419,84.36250000000001,85.36,419,139.5375,106.56282314047127
420,305.41,306.1536513474151,420,84.18,85.36,420,147.0675,113.71664869829925
421,295.8125,302.22415851696405,421,84.22,85.36,421,138.4375,107.58890983147708
422,300.185,306.8992574086773,422,84.19999999999999,85.36,422,138.1,107.89816770317367
423,300.1875,306.42956028429353,423,84.295,85.36,423,87.1275,107.29382649566874
424,298.43,301.7214238388464,424,84.16,85.36,424,139.08,114.65358046236285
425,149.82750000000001,189.93646576627256,425,84.22749999999999,85.36,425,138.9225,102.88550768583589
426,298.075,304.3009690498999,426,84.26750000000001,85.36,426,86.8825,85.08
427,299.275,305.24031901839135,427,84.2,85.36,427,86.8025,88.44380352224469
428,145.665,156.71943240349879,428,84.2475,85.36,428,135.86499999999998,115.03008907561812
429,275.53749999999997,296.08256131137347,429,84.4025,85.36,429,122.41499999999999,107.52020667790494
430,302.57500000000005,304.32064146746285,430,84.335,85.36,430,86.86,114.80504270196948
431,301.975,305.6692342668071,431,84.47,85.36,431,126.1175,114.61047926789578
432,290.885,305.0679847730611,432,84.2475,85.36,432,133.075,107.30613024559285
433,244.70000000000002,259.52289069561914,433,84.36250000000001,85.36,433,150.95749999999998,108.0849455702393
434,302.355,304.3076333523512,434,84.3825,85.36,434,135.1825,114.12572582725878
435,303.7925,305.05638269074825,435,84.43,85.36,435,162.48,115.4517576680739
436,305.67999999999995,300.4329352104301,436,84.47,85.36,436,117.8125,113.95953647893285
437,289.27750000000003,305.2601889937897,437,84.39500000000001,85.36,437,141.4,107.32178137103253
438,199.57999999999998,141.48844696100716,438,84.8425,85.36,438,321.7975,308.5511490884324
439,250.53749999999997,293.4674822316597,439,84.3825,85.36,439,300.66,305.7055645218263
440,251.83,304.3093227930928,440,84.39250000000001,85.36,440,302.09250000000003,304.20092667107303
441,301.36249999999995,284.9227274359099,441,84.375,85.36,441,293.22,302.7429911736988
442,251.0025,304.1931902807554,442,84.38250000000001,85.36,442,141.20499999999998,135.0856524553433
443,297.21500000000003,301.31474383885563,443,84.47,85.36,443,88.1575,107.33810674505749
444,315.16499999999996,304.2321215274983,444,84.36250000000001,85.36,444,139.45000000000002,107.43673416574428
445,196.86749999999998,138.71819196373158,445,84.3825,85.36,445,135.05249999999998,107.8157632204626
446,322.37750000000005,304.3561999549273,446,83.935,85.36,446,87.4725,107.83117185387275
447,299.2925,301.1331645131311,447,83.995,85.36,447,112.225,107.52017602508849
448,297.62,305.1276217106298,448,84.0175,85.36,448,130.1375,114.95805425918488
449,296.70000000000005,304.9749357178337,449,84.14250000000001,85.36,449,93.94,106.95073751461436
450,305.2025,300.3894205871726,450,84.0625,85.36,450,156.97,103.71519991062755
451,302.3025,300.414609678423,451,83.83,85.36,451,86.94,85.08
452,298.22,306.4084672922294,452,83.83,85.36,452,86.8575,88.407231990468
453,304.3675,304.3851121680441,453,83.9125,85.36,453,313.835,314.4157341414083
454,228.8725,177.11161936116318,454,83.9125,85.36,454,320.135,304.38630632999786
455,248.885,304.38386163352664,455,84.06,85.36,455,296.02750000000003,301.73070140762394
456,303.9925,301.09820379873054,456,83.875,85.36,456,303.5375,305.36278640942544
457,297.02,305.1504202126445,457,83.9775,85.36,457,293.74,302.2403523211765
458,294.13249999999994,304.80755682403037,458,84.1,86.0544883399223,458,157.1175,178.77883613802865
459,199.845,180.28322652175663,459,238.7475,301.0245863472645,459,88.9425,114.12165157159637
460,248.885,293.13363479096535,460,290.715,300.6022971901251,460,141.2375,107.22733010807319
461,324.27,304.36108363221297,461,290.64000000000004,300.6277589806409,461,136.2,113.4906840787915
462,300.8825,301.1187734775942,462,288.5825,300.65317625379043,462,137.10250000000002,114.18596794479592
463,297.66999999999996,304.5132682178469,463,290.3425,300.6785494588029,463,88.00750000000001,117.76764650455962
464,301.7175,300.641410109061,464,288.425,300.7038798844927,464,90.285,107.24088399732177
465,296.40250000000003,305.0967286712526,465,289.275,300.7291651047723,465,118.65,114.50312386345131
466,302.99249999999995,301.32429752331524,466,294.05499999999995,300.75440764022267,466,133.76000000000002,113.80024847364113
467,268.9325,304.0890334169603,467,191.58750000000003,246.04020527323246,467,97.1525,108.81131088754773
468,297.9225,300.38852059889547,468,87.13499999999999,85.36,468,162.6025,114.93401668556173
469,302.24,300.6544991801914,469,86.8125,85.36,469,146.2,103.10628140769758
470,265.92,305.0364108692435,470,86.465,85.36,470,87.3675,89.05235576671896
471,299.9475,279.37719365401074,471,86.16,85.36,471,169.1725,109.21995068366802
472,247.675,304.29493824677684,472,86.1375,85.36,472,87.27749999999999,89.08227654500335
473,294.43500000000006,306.3255647795828,473,85.9725,85.36,473,139.53,103.29686615770194
474,296.78000000000003,297.5609406423405,474,85.905,85.36,474,87.06,89.36864645284516
475,146.2075,87.23683800803434,475,85.77000000000001,85.36,475,144.24,114.1454924368437
476,245.7025,304.3415568401856,476,85.74749999999999,85.36,476,178.24249999999998,130.93481869571946
477,316.2425,305.3181241172705,477,85.7025,85.36,477,87.3925,109.62254840392931
478,146.61,92.68851065093727,478,85.6425,85.36,478,87.0225,88.94983046277962
479,323.60249999999996,304.3983384226934,479,85.62,85.36,479,136.025,114.55480730218677
480,144.305,106.08287012662123,480,85.61,85.36,480,136.43,113.56064626806652
481,246.47000000000003,304.380060703121,481,85.5275,85.36,481,138.82000000000002,116.33941695112276
482,301.9325,300.39353038952765,482,85.38,85.36,482,88.875,113.86487610076928
483,302.8425,300.4187125473426,483,85.44,85.36,483,134.67000000000002,113.37050605155252
484,293.22249999999997,305.56715162249395,484,85.36,85.36,484,105.7525,107.42706270384198
485,299.05,301.38852294566976,485,85.075,85.36,485,167.555,123.21719801881927
486,301.85999999999996,304.26642294448203,486,84.8775,85.36,486,136.75,114.48262008657625
487,251.685,198.6755890070095,487,84.7525,85.36,487,125.2725,114.69661405672906
488,248.12,304.308984122725,488,84.61,85.36,488,157.5675,114.09662349126849
489,282.9825,306.1798137489237,489,84.75,85.36,489,390.365,333.35735292942184
490,316.1575,304.74947303885807,490,84.77250000000001,85.36,490,313.2425,307.04323247277466
491,146.10750000000002,120.95831134877392,491,84.77250000000001,85.36,491,341.025,309.6374360616735
492,248.8175,304.37511235070554,492,84.855,85.36,492,336.2475,310.79811255179897
493,321.09749999999997,305.57599042955,493,84.85,85.36,493,320.505,309.54394753538173
494,298.3725,305.6573040071121,494,84.6275,85.36,494,267.43,307.0716375473424
495,325.34749999999997,304.388174307197,495,84.6275,85.36,495,293.59999999999997,308.5924180055212
496,298.3775,301.0819869139167,496,84.4675,85.36,496,278.33500000000004,307.27140224722876
497,292.17,304.8496430343888,497,84.65,85.36,497,307.24,313.2389677517149
498,301.305,301.01629145232886,498,84.77250000000001,85.36,498,292.15250000000003,305.0292690933554
499,302.97,305.60445438633593,499,84.4675,85.36,499,303.1875,307.1690787568994
500,294.515,304.69549647770265,500,84.73,85.36,500,298.5375,300.74734055923653
501,299.27750000000003,301.4041559498264,501,84.69000000000001,85.36,501,296.9375,308.1692492214748
502,301.38750000000005,304.3625943221303,502,84.59,85.36,502,263.90500000000003,230.87413825117548
503,195.9975,169.09870938204278,503,84.67,85.36,503,90.365,89.57226016389708
504,248.14249999999998,304.32577159655443,504,84.71000000000001,85.36,504,129.89999999999998,111.81418551575509
505,295.57000000000005,305.4783397778368,505,84.67,85.36,505,88.605,88.87245551598048
506,282.6175,300.5134535497794,506,84.73,85.36,506,88.77000000000001,114.76738772240176
507,296.545,305.7995494964754,507,84.5675,85.36,507,134.0725,140.34467396764438
508,146.02499999999998,97.2142681556615,508,84.75,85.36,508,90.985,114.37415395952101
509,243.6875,304.3845830696359,509,84.63,85.36,509,108.275,118.84442263120482
510,302.5225,305.6990257777693,510,84.73,85.36,510,88.22749999999999,113.59658206037821
511,323.6175,305.50268789036005,511,84.54750000000001,85.36,511,105.20750000000001,118.18068104372998
512,281.09749999999997,304.9084562395745,512,84.51,85.36,512,104.545,118.49417935326535
513,300.8025,301.1919966112612,513,84.0925,85.36,513,240.6225,314.75325428140593
514,296.48,304.7033701498384,514,84.0925,85.36,514,296.8575,305.3931043745534
515,143.335,136.6453191280085,515,84.13749999999999,85.36,515,294.8775,302.31724118600846
516,297.8425,304.3861270494775,516,84.25,85.36,516,297.235,305.2623216206362
517,299.7275,305.4505474501758,517,84.16,85.36,517,294.975,305.2317878421174
518,294.1325,301.12539552577175,518,84.115,85.36,518,297.755,305.2465023731197
519,300.5825,304.2465943346467,519,84.115,85.36,519,142.745,152.7603633736913
520,252.29749999999999,220.07333508016893,520,84.13749999999999,85.36,520,93.85499999999999,107.187651551778
521,267.99,304.1311883203539,521,84.1575,85.36,521,89.055,109.93291028870358
522,298.4625,300.3910485137148,522,84.295,85.36,522,88.45499999999998,89.34190137167028
523,297.7575,300.60606138529096,523,84.13749999999999,85.36,523,95.2225,114.3274717972282
524,325.995,305.4763193785751,524,84.115,85.36,524,92.69749999999999,113.70248855062766
525,296.4,301.2836705030871,525,84.13749999999999,85.36,525,88.29500000000002,113.83857383950806
526,331.64,305.0946485373485,526,84.13749999999999,85.36,526,90.065,114.14955259800189
527,335.7075,288.56196409520066,527,84.115,85.36,527,88.33250000000001,107.15963549096239
528,242.67249999999999,305.4026579916409,528,84.13749999999999,85.36,528,90.52749999999999,115.20983514348022
529,291.24249999999995,300.85593499495684,529,84.13749999999999,85.36,529,88.435,113.51278532980085
530,321.40749999999997,305.5575150911334,530,84.0925,85.36,530,88.2625,114.67687976050861
531,207.2525,183.1091102430278,531,84.13749999999999,85.36,531,240.865,309.80993520132677
532,247.0075,304.2709232717005,532,84.13749999999999,85.36,532,293.1425,306.97113449361166
533,301.6975,301.2252630927207,533,84.1825,85.36,533,293.53249999999997,300.5259357378271
534,292.8375,304.892600476045,534,84.27250000000001,85.36,534,295.88,301.71507373451936
535,290.1725,305.3224434264755,535,84.16,85.36,535,188.61,168.92348960208787
536,197.41,165.99525617472156,536,84.13749999999999,85.36,536,89.325,107.58653261503449
537,314.4475,304.31505826448563,537,84.115,85.36,537,108.91499999999999,109.8796009482393
538,287.985,305.1776422450572,538,84.16,85.36,538,88.33,85.08
539,298.6875,300.3933182667156,539,84.115,85.36,539,88.09375000000001,87.8519604587762
540,300.35249999999996,300.8492616943923,540,84.13749999999999,85.36,540,88.005,115.89084635604533
541,295.40749999999997,305.4558941164182,541,84.13749999999999,85.36,541,139.4975,114.13978626363983
542,264.41249999999997,301.51104687587326,542,84.205,85.36,542,157.7475,115.44659922347387
543,294.065,304.9244893444077,543,84.115,85.36,543,177.57750000000001,124.66545795788926
544,328.02250000000004,305.19792542641306,544,84.16,85.36,544,87.98500000000001,106.9771258993088
545,299.8275,300.45853324785344,545,84.27250000000001,85.36,545,88.435,107.89459095997611
546,294.275,306.33368898046024,546,84.115,85.36,546,87.7975,114.49737461880704
547,289.8825,304.52561057354046,547,84.1825,85.36,547,139.2325,113.7938479375079
548,290.88250000000005,300.7934397982433,548,84.115,85.36,548,241.70250000000004,304.6317967290773
549,293.84000000000003,305.5834665440862,549,84.13749999999999,85.36,549,292.0075,318.4425962149252
550,288.82,300.7644180890971,550,84.27250000000001,85.36,550,290.18,310.71514203229276
551,293.8225,305.8066893586467,551,84.27250000000001,85.36,551,293.44,306.2975345660914
552,289.8175,305.6872554875976,552,84.25,85.36,552,291.56,308.00898796587757
553,144.4425,189.55585469448664,553,84.205,85.36,553,285.71000000000004,303.7740881924195
554,246.57999999999998,304.59017378914405,554,84.16,85.36,554,263.91499999999996,308.83932785002236
555,274.78499999999997,313.06955846061123,555,84.295,85.36,555,293.8975,302.8942249536635
556,270.57,301.03902000208575,556,84.25,85.36,556,226.98250000000002,156.07565008574977
557,319.72499999999997,305.71017476447145,557,84.3175,85.36,557,151.195,118.62997356726059
558,292.605,300.7636029441192,558,85.38,85.36,558,88.92750000000001,114.70770952787056
559,301.695,300.9168448534859,559,84.27250000000001,85.36,559,90.70750000000001,123.17899532166903
560,332.8725,305.1973174666484,560,84.25,85.36,560,88.56,119.15030031911846
561,261.1775,301.3289275735182,561,84.3175,85.36,561,140.025,113.91511413410709
562,296.91,305.4452218138663,562,84.22749999999999,85.36,562,157.12,114.1347759328965
563,276.2375,283.2849930898275,563,84.34,85.36,563,88.0325,113.78962819076413
564,249.0775,304.9092323988974,564,84.5275,85.36,564,88.0075,107.20860464233668
565,301.78249999999997,300.4445247755508,565,84.36250000000001,85.36,565,87.915,108.20974653872857
566,295.48,305.62869488420415,566,84.3375,85.36,566,137.6175,113.80167496192692
567,295.2575,300.50016657914273,567,84.36250000000001,85.36,567,192.56,232.36413078911366
568,300.345,300.5236990482255,568,84.34,85.36,568,90.89,114.07282846722082
569,298.6575,305.07283234061117,569,84.36250000000001,85.36,569,144.455,128.15892655988617
570,302.3825,300.39270781035304,570,84.36250000000001,85.36,570,136.8475,114.50813688819102
571,294.1975,305.3392739166119,571,84.385,85.36,571,493.5825,358.64768297514024
572,215.51500000000001,206.48106373061398,572,84.4075,85.36,572,305.365,312.8802006468593
573,247.8,304.4325471748847,573,84.36250000000001,85.36,573,346.4125,317.90251847790876
574,328.0975,305.4300913220883,574,84.4075,85.36,574,326.2,311.2010087559844
575,198.0125,177.30208744322923,575,84.34,85.36,575,299.03999999999996,307.89873648019693
576,335.33500000000004,304.30705038366705,576,84.385,85.36,576,284.105,312.00235551145187
577,294.3675,306.27250566194124,577,84.43,85.36,577,365.20000000000005,329.5468567736698
578,301.55999999999995,304.43723310601604,578,84.36250000000001,85.36,578,304.985,310.5613145535908
579,297.84000000000003,300.3969764050417,579,84.385,85.36,579,272.49,311.65728897415147
580,144.4475,110.14795306807115,580,83.95,85.36,580,308.0025,308.8279895966646
581,301.3975,304.64633191551354,581,84.0775,85.36,581,300.8825,308.02085299899534
582,298.0,300.81251273276297,582,83.9725,85.36,582,323.3,311.07871665065363
583,291.02750000000003,305.5296196498938,583,84.00999999999999,85.36,583,300.1825,310.6521345619748
584,303.3775,305.15606599801174,584,84.055,85.36,584,262.8675,305.5533442347673
585,283.04999999999995,305.2656731853323,585,84.0925,85.36,585,294.8,308.5544584976334
586,146.1175,122.15089561027226,586,84.0325,85.36,586,195.10250000000002,232.29807097687927
587,246.6825,304.2253264725074,587,84.115,85.36,587,90.77999999999999,118.57464587226141
588,249.435,301.28200736526514,588,84.205,85.36,588,90.86,107.89512836505887
589,328.28,304.6866513392446,589,84.0325,85.36,589,89.835,113.10203586322518
590,289.0575,285.86843716874205,590,84.0925,85.36,590,139.835,125.76247864087152
591,321.78249999999997,284.85290299398986,591,84.16,85.36,591,153.04,124.83486942043726
592,249.95499999999998,304.22414043137985,592,84.16,85.36,592,90.0075,113.86375272421591
593,301.2425,301.23932854974225,593,84.16,85.36,593,138.59,114.23376319245023
594,288.905,312.96400118132334,594,84.33500000000001,85.36,594,175.30750000000003,123.2961663312702
595,281.2625,301.6538423722624,595,84.2475,85.36,595,245.97249999999997,308.82320216570065
596,292.775,305.087070253068,596,84.13749999999999,85.36,596,302.6975,306.3373946021691
597,291.3175,301.9509475096325,597,84.18,85.36,597,307.78,307.55287727212146
598,293.44250000000005,304.37496203597726,598,84.22749999999999,85.36,598,288.6925,304.897191699041
599,299.88,305.79186480918474,599,84.17999999999999,85.36,599,128.5475,128.62069859634482
600,280.12,304.9406504538206,600,84.2675,85.36,600,118.2325,114.26808884298197
601,144.54500000000002,104.9035683420401,601,84.1,85.36,601,108.1125,113.64373428549209
602,309.745,296.0563370517044,602,84.17999999999999,85.36,602,138.4775,123.04002321872903
603,294.73499999999996,304.5149917656297,603,84.19999999999999,85.36,603,92.4075,113.79265144229288
604,146.57750000000001,141.7091571013961,604,84.16,85.36,604,123.0025,123.66137537538877
605,244.34249999999997,304.6354037610695,605,84.1,85.36,605,148.33,130.84857096159027
606,299.8825,286.25969548520436,606,84.22749999999999,85.36,606,181.39249999999998,124.90179635881003
607,92.39500000000001,87.01995855285645,607,84.27125000000001,85.36,607,99.975,124.31546707421228
608,304.0575,304.5112637991063,608,84.24,85.36,608,95.28999999999999,118.77714379055568
609,298.3675,305.03708346178394,609,84.17999999999999,85.36,609,89.9025,119.16223260884254
610,143.705,113.32872980321383,610,84.18,85.36,610,138.83499999999998,114.05903517488372
611,245.8225,304.3545182995106,611,84.17999999999999,85.36,611,88.60750000000002,113.06350001325123
612,300.1025,301.1392580408486,612,84.17999999999999,85.36,612,480.24249999999995,355.6467085975988
613,298.28749999999997,305.5588531948788,613,84.19999999999999,85.36,613,310.35,311.2749606391295
614,307.7475,286.0047332423682,614,84.16,85.36,614,310.59,311.0285023404772
615,311.175,304.2411279819694,615,84.16,85.36,615,307.4725,310.93885351367413
616,300.4875,260.76288637777253,616,84.315,85.36,616,314.46,312.2255718307592
617,328.65999999999997,304.33834973600335,617,84.17999999999999,85.36,617,290.39,313.40359227367594
618,144.78,103.11186078699458,618,84.17999999999999,85.36,618,314.98,310.7597183970673
619,328.735,299.087988124977,619,84.295,85.36,619,310.0625,311.26412468707576
620,144.73000000000002,86.97310971417,620,84.17999999999999,85.36,620,260.3625,312.87482762156395
621,325.4075,304.3229952580526,621,84.19999999999999,85.36,621,306.3325,312.2095997810741
622,277.08,263.60003817144684,622,84.22749999999999,85.36,622,297.625,307.6037952641581
623,246.6875,304.3716040303731,623,84.36250000000001,85.36,623,295.03499999999997,309.0560116060784
624,302.03,305.5297693339838,624,84.36250000000001,85.36,624,346.6375,323.71249362738655
625,296.24249999999995,288.3692090990282,625,84.39500000000001,85.36,625,320.115,306.9679239352449
626,247.36499999999998,304.3063826366901,626,84.295,85.36,626,309.8175,306.9726201004159
627,294.2125,305.30152251211916,627,84.315,85.36,627,295.275,306.9520201503866
628,145.97750000000002,111.93710158949182,628,84.295,85.36,628,250.565,235.85098592899513
629,246.46749999999997,304.498544057779,629,84.34,85.36,629,144.095,123.39363333307725
630,296.5625,305.408062035052,630,84.45,85.36,630,91.345,117.9962459291588
631,197.42000000000002,177.63408241740115,631,84.36250000000001,85.36,631,135.515,119.70108527864858
632,248.51250000000002,298.95102825293117,632,84.38250000000001,85.36,632,297.685,309.9717032422108
633,323.255,304.2568575577651,633,84.295,85.36,633,295.115,304.3314114869644
634,300.09749999999997,301.2191048448758,634,84.36250000000001,85.36,634,298.67249999999996,308.544671118833
635,293.375,304.91464189478495,635,84.36250000000001,85.36,635,297.4525,307.07657539563587
636,296.85749999999996,300.6843922260947,636,84.4625,85.36,636,169.7525,177.65660495588037
637,301.77500000000003,300.6188888112556,637,84.38250000000001,85.36,637,387.815,322.60429568325276
638,338.5875,305.0861227400832,638,84.45,85.36,638,296.095,307.6028602211288
639,299.975,300.3952148120717,639,84.38250000000001,85.36,639,301.71250000000003,307.3857588458987
640,293.51750000000004,305.62275684530175,640,84.43,85.36,640,296.40749999999997,306.52940349441917
641,196.3275,162.5131651193138,641,84.43,85.36,641,298.98,310.58308398130094
642,249.39249999999998,304.2734864186657,642,84.4025,85.36,642,246.64999999999998,308.7662429230303
643,301.99249999999995,300.3938693651235,643,84.51,85.36,643,293.6725,306.05064874372556
644,298.615,305.71867809227007,644,84.36250000000001,85.36,644,294.52500000000003,307.0678425302097
645,248.37249999999997,214.01865980411824,645,84.43,85.36,645,253.47000000000003,245.3165813496422
646,274.9425,304.2812392115212,646,84.36250000000001,85.36,646,340.17999999999995,313.1989842139
647,298.1525,301.21354144110586,647,84.22749999999999,85.36,647,142.5525,144.05870613941593
648,296.7875,304.7580270621997,648,84.0975,85.36,648,300.6425,312.31714181504674
649,302.84749999999997,281.86027580657515,649,84.2475,85.36,649,292.175,307.08111791719955
650,334.71750000000003,305.778400243457,650,83.93249999999999,85.36,650,196.40749999999997,214.9204694775611
651,299.8825,304.3262290331328,651,84.0975,85.36,651,94.2025,115.25228072416526
652,339.56,305.2686406489995,652,84.0375,85.36,652,101.13499999999999,123.61032390168687
653,303.2975,300.99375381009565,653,84.2,85.36,653,93.17250000000001,120.32818314366538
654,316.99250000000006,304.1822689986916,654,84.04,85.36,654,92.39250000000001,118.08186802817508
655,250.9125,233.31118455779477,655,84.085,85.36,655,90.76999999999998,114.77388941432463
656,308.355,304.72537757561645,656,84.015,85.36,656,97.16499999999999,124.09695950024555
657,197.2675,175.27076340259777,657,84.16,85.36,657,148.4925,122.65760730581158
658,91.32499999999999,87.06686845498731,658,84.0775,85.36,658,103.5575,108.11346749381761
659,247.515,298.710848689507,659,84.22,85.36,659,141.48499999999999,124.80474844744995
660,301.185,304.30877001104955,660,84.16,85.36,660,89.22,114.61520121306555
661,299.0675,305.10198456105525,661,84.22749999999999,85.36,661,139.81,125.22110269247716
662,302.78499999999997,300.39300168517855,662,83.995,85.36,662,141.63500000000002,142.77159479252978
663,273.52,305.7073605550622,663,84.1175,85.36,663,163.565,124.54466171692916
664,249.93249999999998,238.95912351833294,664,84.19999999999999,85.36,664,89.055,114.14604430538968
665,323.3775,304.1840368320803,665,84.205,85.36,665,140.9975,123.64976411407545
666,300.1975,301.31713602640485,666,84.16,85.36,666,103.38749999999999,117.93593349561955
667,333.2075,288.3739537114061,667,84.295,85.36,667,98.45750000000001,118.7720425954534
668,337.59250000000003,304.2095499726391,668,84.16,85.36,668,114.315,122.02694784851481
669,249.2825,249.7753274585567,669,84.16,85.36,669,93.335,118.74380397409935
670,320.345,304.40716648452894,670,84.16,85.36,670,148.42000000000002,118.37439993894216
671,312.0775,305.51259878212335,671,84.1775,85.36,671,137.6875,128.70431596950846
672,298.5975,300.440669198383,672,84.35875,85.36,672,340.01250000000005,319.9114894213069
673,193.8075,174.6423502177628,673,84.32166666666666,85.36,673,402.7925,343.3083772268558
674,244.26999999999998,304.5058475494959,674,84.20333333333332,85.36,674,282.97249999999997,309.3240386660135
675,246.97999999999996,214.89662874211444,675,84.1775,85.36,675,344.3375,312.1218253672097
676,301.3275,304.4955529280786,676,84.22749999999999,85.36,676,306.41499999999996,306.2059794865605
677,300.4975,300.96521766887406,677,84.3075,85.36,677,307.33000000000004,306.5974376420246
678,304.4275,304.58803048874586,678,84.2475,85.36,678,306.415,310.19195351904517
679,301.49249999999995,300.7416647231395,679,84.295,85.36,679,308.225,311.2089883744194
680,295.0375,305.1109935966342,680,84.18,85.36,680,302.78,311.96416604168996
681,300.4275,300.3970388686893,681,84.33500000000001,85.36,681,291.8425,309.279843690001
682,301.47249999999997,300.43130327586596,682,84.2475,85.36,682,297.31,309.38684233562043
683,321.0675,305.6275258917441,683,84.2475,85.36,683,265.5825,309.2172862909306
684,204.92249999999999,232.54626099544774,684,84.315,85.36,684,282.8975,262.7560794883536
685,92.0375,86.94594209620604,685,84.295,85.36,685,147.0,89.41647072129149
686,242.91500000000002,304.53906389706407,686,84.17999999999999,85.36,686,90.815,113.959067004409
687,243.04000000000002,198.97525477433666,687,84.2875,85.36,687,120.25999999999999,128.6806559870927
688,247.37500000000003,304.29586936431036,688,84.295,85.36,688,89.7,85.08
689,294.135,305.4269311577577,689,84.2475,85.36,689,88.88250000000001,89.32433310351516
690,297.54,300.4825822483074,690,84.33500000000001,85.36,690,139.195,113.94263024409172
691,303.37,305.1106945278543,691,84.45,85.36,691,89.0775,114.49437090158494
692,197.72,183.9333762376776,692,84.17999999999999,85.36,692,88.95000000000002,115.67951865197362
693,256.305,304.2920349607059,693,84.18,85.36,693,137.85750000000002,124.02079265791275
694,302.305,290.6448911298419,694,84.17999999999999,85.36,694,97.43249999999999,109.92695895348253
695,300.6425,304.1795755648578,695,84.19999999999999,85.36,695,88.22749999999999,88.8763660321473
696,299.0525,300.3919886505468,696,84.36250000000001,85.36,696,88.27250000000001,115.35188005556387
697,297.23,300.54994568076813,697,84.53,85.36,697,239.45,322.83860336557683
698,328.515,306.1389261570772,698,84.38250000000001,85.36,698,292.0075,309.8589143878978
699,334.48249999999996,304.7424477693878,699,84.45,85.36,699,291.7025,308.1508944549636
700,249.81249999999997,244.01138876443613,700,84.45,85.36,700,279.8025,306.23592439488874
701,324.365,304.42840733090327,701,84.45,85.36,701,266.275,303.3044890262216
702,98.7225,100.92249133730463,702,84.45,85.36,702,287.90250000000003,307.3632530236115
703,245.3525,304.27782902192246,703,84.59,85.36,703,293.53249999999997,310.2658519602623
704,299.345,300.39196830303626,704,84.47,85.36,704,294.5825,305.9925087668298
705,300.02000000000004,300.4171530445966,705,84.43,85.36,705,256.0875,309.5948166970782
706,299.34749999999997,301.1498104969948,706,84.45,85.36,706,288.98249999999996,304.8866455521342
707,302.98,304.68624826824646,707,84.43,85.36,707,295.495,179.7397841362302
708,304.25249999999994,300.391405700139,708,84.5325,85.36,708,91.82,116.55075811045664
709,296.63,305.5199423114359,709,84.53,85.36,709,103.66499999999999,110.12192775302186
710,304.2725,300.3974833383608,710,84.51,85.36,710,89.32499999999999,88.94960526396797
711,323.59,305.69442442389925,711,84.45,85.36,711,94.4375,115.49435262027102
712,333.3275,304.4373714669678,712,84.47,85.36,712,89.25750000000001,118.79260720768487
713,196.93,231.27929560208628,713,84.36250000000001,85.36,713,89.0325,117.96063960344358
714,333.6225,304.32643840978284,714,84.27250000000001,85.36,714,118.3,118.26856645250933
715,293.4525,305.5297117922751,715,84.145,85.36,715,111.995,117.93084007007661
716,196.17999999999998,150.94093153318187,716,84.33,85.36,716,119.97999999999999,124.42760862199938
717,315.635,304.48341549340176,717,84.0975,85.36,717,89.0325,110.23488954100745
718,294.95750000000004,305.4509095454472,718,84.17999999999999,85.36,718,88.26249999999999,89.07269665948039
719,154.95,150.65498142067688,719,84.22749999999999,89.76147235913378,719,137.6975,114.75560153275379
720,245.6325,304.3139437553875,720,236.35250000000002,305.408001031758,720,140.12,118.89252727447698
721,267.4425,288.07608161985485,721,290.03499999999997,300.8316880558074,721,98.49749999999999,119.37674367987941
722,92.64,87.05235873231683,722,289.02750000000003,300.8567538373023,722,88.48250000000002,115.67757184933424
723,246.7525,304.41826108537066,723,291.395,300.8817768594347,723,88.27250000000001,113.77056808262559
724,300.8625,300.39700555988475,724,291.18,300.90675630184637,724,119.8275,114.23852194641488
725,298.90000000000003,300.42218187639185,725,294.37,300.93169310357433,725,126.50999999999999,113.90928342027087
726,291.7075,305.4394598303695,726,290.86749999999995,300.95658798588875,726,88.2975,123.1751170909524
727,145.375,151.8054724120488,727,292.085,300.9814397577602,727,88.0325,114.19262377500617
728,319.35999999999996,304.3139277799626,728,293.53249999999997,301.0062490605208,728,138.425,127.79763671408932
729,331.55,305.3166233003084,729,292.7775,301.031016116748,729,91.75,114.28757932873808
730,247.83,258.2952944331893,730,193.4125,201.44253231536257,730,134.3725,123.04823960997864
731,334.435,304.3253407592038,731,87.69,85.36,731,87.775,113.9434667880608
732,318.21500000000003,305.4651729248216,732,87.1725,85.36,732,87.625,106.56513470066209
733,196.31,164.236630367396,733,87.355,85.36,733,354.7725,341.57488639399406
734,308.975,304.279108294037,734,86.4425,85.36,734,290.27,312.3996995222868
735,209.6625,219.9262783640939,735,86.35000000000001,85.36,735,349.7975,321.7498484208603
736,302.025,284.95649683338036,736,86.30250000000001,85.36,736,297.9325,309.0486338230213
737,305.3325,304.3912169895183,737,86.19749999999999,85.36,737,298.6,308.96101214334755
738,259.875,305.3038783563197,738,86.13750000000002,85.36,738,300.805,312.9454976573243
739,300.2475,300.4005835425465,739,86.1375,85.36,739,317.56,310.0150044844164
740,296.615,300.7113179642781,740,85.95,85.36,740,300.11,312.7429925967094
741,302.075,305.2237668047896,741,85.95,85.36,741,300.6425,312.5078841085705
742,274.7425,305.1784821929175,742,85.95,85.36,742,285.03999999999996,309.00468546136904
743,200.06999999999996,173.91767838996012,743,85.8375,85.36,743,192.625,221.67670391098446
744,316.975,304.3527084079365,744,85.7475,85.36,744,91.6,124.76962814770081
745,300.1775,305.2058032867404,745,85.7475,85.36,745,93.025,113.30283456267725
746,264.4275,259.7835309024008,746,85.7475,85.36,746,90.1575,122.91710340814447
747,327.1975,304.3053056889337,747,85.815,85.36,747,90.10249999999999,113.81577524217795
748,301.375,301.18895148017515,748,85.7025,85.36,748,235.56,312.36578109702117
749,298.90749999999997,304.3978430461734,749,85.68,85.36,749,297.3875,306.95725177185375
750,305.39,305.21107830279743,750,85.6425,85.36,750,295.56499999999994,303.40880690831676
751,295.3125,305.46511155335736,751,85.52000000000001,85.36,751,298.745,301.6798199364954
752,302.91,300.4153556265387,752,85.52000000000001,85.36,752,142.52750000000003,142.17176522986492
753,308.85499999999996,305.72595160831963,753,85.44000000000001,85.36,753,89.385,85.08
754,298.885,304.9232541059749,754,85.44,85.36,754,89.0925,89.21179648323604
755,300.025,300.3967648747147,755,85.5425,85.36,755,89.30250000000001,115.2248174857817
756,299.8575000000001,300.4219418938085,756,85.52000000000001,85.36,756,88.8825,113.62903963135972
757,303.7125,300.4470763746449,757,85.44000000000001,85.36,757,252.02499999999998,319.3358828700171
758,281.145,305.6976878610135,758,85.38,85.36,758,286.55,304.85362415132386
759,290.72249999999997,297.24911529264716,759,85.36,85.36,759,289.2675,303.0892535296231
760,327.5625,307.42518926192594,760,85.44,85.36,760,286.5475,305.2479577398616
761,322.91999999999996,305.77346823344766,761,85.4,85.36,761,291.2525,309.36227651563723
762,290.505,301.0106021735487,762,85.11500000000001,85.36,762,292.7625,304.98916657237527
763,327.5975,305.78712361056057,763,84.77250000000001,85.36,763,291.03000000000003,306.39661169231397
764,301.8775,305.9427423473537,764,84.85499999999999,85.36,764,292.1675,307.6176419178647
765,265.26,300.47622043652564,765,84.8325,85.36,765,294.75,286.21128446180325
766,302.5575,301.17099073634427,766,84.855,85.36,766,91.625,107.02976118234946
767,310.41249999999997,304.77679259468084,767,84.8325,85.36,767,90.41250000000001,114.39270390958062
768,301.5875,301.3158444352456,768,84.85499999999999,85.36,768,247.095,304.6876181143179
769,310.70750000000004,304.3708499483693,769,84.77250000000001,85.36,769,298.89750000000004,308.4485705380153
770,302.4125,285.9439144282236,770,84.75,85.36,770,300.8725,304.85243341708644
771,247.18,304.3098457853283,771,84.75,85.36,771,298.76750000000004,300.8967811735569
772,289.8075,305.5960251132094,772,84.8325,85.36,772,300.425,303.0036961887097
773,195.89749999999998,168.02671092922378,773,84.9975,85.36,773,302.6275,305.69171120820727
774,262.11,304.38388012778006,774,84.9375,85.36,774,301.175,304.31560900429264
775,294.565,305.04907507901015,775,84.775,85.36,775,238.62,259.7585416594447
776,300.14,300.3905172941262,776,84.77250000000001,85.36,776,245.4225,305.97200691413855
777,294.42499999999995,305.45036027554136,777,84.77250000000001,85.36,777,306.4175,308.4940918885465
778,308.37,314.136191103604,778,84.75,85.36,778,262.785,305.6678742628107
779,292.935,301.741151936607,779,84.8325,85.36,779,293.8975,307.151342680509
780,297.8725,305.9937766837612,780,84.61,85.36,780,304.5875,305.82368267545434
781,298.35,304.351625834587,781,84.5325,85.36,781,310.7275,307.08875936961306
782,301.00250000000005,305.2897984187984,782,84.36250000000001,85.36,782,306.26750000000004,304.19557557960616
783,199.88999999999996,228.41037428987036,783,84.38250000000001,85.36,783,304.755,304.13844320686064
784,300.615,304.3044937480333,784,84.38250000000001,85.36,784,297.9175,310.1584893912324
785,301.7375,305.11653581722777,785,84.53,85.36,785,293.00250000000005,303.6854407335358
786,271.245,292.3988937348487,786,84.465,85.36,786,163.5875,153.87312417153626
787,301.71999999999997,304.20693091691464,787,84.295,85.36,787,92.315,113.80767574157016
788,303.2325,300.3964164758642,788,84.295,85.36,788,91.77250000000001,113.93875168927853
789,294.97,305.4812141742429,789,84.33500000000001,85.36,789,176.65249999999997,118.71934168964347
790,342.36999999999995,314.11134281625743,790,84.315,85.36,790,90.48,118.36629679591906
791,290.66249999999997,301.11789370867325,791,84.4075,85.36,791,231.015,306.0440830395894
792,289.125,305.6434472218996,792,84.43,85.36,792,300.36,304.44363831426307
793,283.3775,301.2679577323873,793,84.3825,85.36,793,353.0425,331.78738856048955
794,296.47499999999997,304.9868634733464,794,84.3175,85.36,794,302.0275,306.5556396258228
795,301.0225,300.38922391936194,795,84.36250000000001,85.36,795,302.385,310.6755021426155
796,300.8725,305.6393180042495,796,84.42250000000001,85.36,796,303.5275,306.56921541107255
797,300.645,304.6988097030146,797,84.50500000000001,85.36,797,301.7125,306.97394515967966
798,299.745,300.39595850545396,798,84.66250000000001,85.36,798,303.7625,308.3520917793611
799,299.9625,300.42113777255145,799,84.36250000000001,85.36,799,305.11,305.25234603819473
800,307.84,305.5278443004097,800,84.34,85.36,800,306.7075,307.7443166851766
801,249.20999999999998,265.58943057387864,801,84.36250000000001,85.36,801,197.92,223.94300754098066
802,304.2075,299.1992556279682,802,84.4675,85.36,802,163.2025,110.01732522763939
803,277.31,284.2800704813583,803,84.42,85.36,803,91.08250000000001,88.81277147389223
804,303.60749999999996,304.32118909940493,804,84.385,85.36,804,91.3625,113.57284209271283
805,296.7025,305.3423135040277,805,84.4075,85.36,805,90.28,89.77449713488006
806,291.4125,305.4504804104315,806,84.51,85.36,806,90.155,102.54008074306951
807,306.185,300.46744317594465,807,84.4425,85.36,807,89.7075,85.08
808,303.31,305.0728403738324,808,84.385,85.36,808,89.52000000000001,85.08
809,306.4,300.39015871111707,809,84.5475,85.36,809,89.83500000000001,89.146811451715
810,304.67249999999996,305.3053635172547,810,84.36250000000001,85.36,810,89.58000000000001,107.66107745583878
811,296.17499999999995,306.20168702139694,811,84.385,85.36,811,89.3175,107.36072146404437
812,288.89250000000004,304.78308317123674,812,84.43,85.36,812,90.4775,103.49393183642078
813,305.265,305.1291728869768,813,84.36250000000001,85.36,813,88.84500000000001,85.08
814,306.035,300.3958960640925,814,84.4225,85.36,814,88.59,88.59270902263708
815,304.2075,300.4210756637059,815,84.59,85.36,815,88.905,108.08950262105347
816,255.3275,235.35239672615435,816,84.36250000000001,85.36,816,100.57749999999999,120.80255870870717
817,246.845,304.30882526234444,817,84.385,85.36,817,281.6225,306.6640934714784
818,297.0875,305.5512957812164,818,84.4075,85.36,818,311.25,312.5210475018918
819,301.3275,282.01637427577487,819,84.49000000000001,85.36,819,287.445,303.2560948778801
820,277.5375,304.2943026651643,820,84.4425,85.36,820,288.0675,303.15565854564795
821,302.68749999999994,305.09438272767875,821,84.5275,85.36,821,289.5075,303.0043310747084
822,302.09999999999997,300.3940097625641,822,84.525,85.36,822,291.8525,302.7806573299431
823,304.2925,300.41919282104266,823,84.4675,85.36,823,289.6725,305.0682249294355
824,302.23,300.4443308297402,824,84.445,85.36,824,288.9675,303.3585515376132
825,292.63,306.52307870800564,825,84.59,85.36,825,241.38750000000005,302.695522065281
826,300.405,305.2196118904441,826,84.49000000000001,85.36,826,283.58500000000004,302.4217679046832
827,301.8825,301.0566340756824,827,84.67,85.36,827,300.4275,304.2460833867739
828,302.7675,304.56151574750174,828,84.385,85.36,828,299.0425,302.54699601756505
829,297.9075,306.189532248374,829,84.4075,85.36,829,144.9875,178.3414449556961
830,304.51,304.3794868397036,830,84.525,85.36,830,90.77250000000001,85.08
831,250.2775,236.67183306661093,831,84.4675,85.36,831,89.535,89.12152225053522
832,253.435,304.25330223215593,832,84.67,85.36,832,270.1775,304.4913730167429
833,307.3125,301.2593198848049,833,84.5275,85.36,833,273.7125,303.1094308788782
834,302.40250000000003,304.4550199300463,834,84.64750000000001,85.36,834,297.0,300.48600519371837
835,300.565,289.3807645158246,835,84.65,85.36,835,298.3175,301.68599958562675
836,257.35249999999996,304.29572092943414,836,84.69,85.36,836,333.29749999999996,303.3450562651125
837,277.2825,304.6995795865928,837,84.63000000000001,85.36,837,300.795,302.0765188033867
838,310.515,304.2404530717914,838,84.71000000000001,85.36,838,197.04749999999999,146.24499139187387
839,301.4925,300.39387621269105,839,84.77250000000001,85.36,839,91.245,107.04006255411348
840,301.6375,300.4738598568898,840,84.77250000000001,85.36,840,245.4,305.88541203108383
841,329.45000000000005,306.12990834795954,841,84.69,85.36,841,300.2075,301.77636370905645
842,291.39750000000004,305.01677463420367,842,84.71000000000001,85.36,842,295.28,300.549872541097
843,193.3325,151.35669013262597,843,84.69000000000001,85.36,843,144.975,121.9041557548658
844,248.28750000000002,304.2985410609522,844,84.71000000000001,85.36,844,91.07,109.39382704042848
845,294.73249999999996,306.1114678174313,845,84.75,85.36,845,90.005,89.0060042688848
846,292.9275,301.6673364882361,846,281.7675,292.0135605639948,846,89.72749999999999,108.10362553411126
847,296.5525,314.33974799949004,847,289.37249999999995,300.598924990755,847,89.70750000000001,102.95244560798304
848,287.3,306.17100380530724,848,291.39750000000004,300.62439231273936,848,88.88250000000001,85.08
849,293.82000000000005,301.40391767257904,849,293.085,300.6498162732698,849,88.65750000000001,89.09398329940987
850,293.5875,306.12749731805053,850,294.435,300.6751954921732,850,144.55,110.84511201793983
851,293.05999999999995,300.79838135648583,851,292.38750000000005,300.7005304087398,851,88.45499999999998,88.85470569697672
852,293.59250000000003,306.4864118615574,852,294.06,300.7258227622775,852,88.4775,106.98615954882042
853,293.145,305.03222189340875,853,292.39,300.7510702270913,853,295.27250000000004,330.881808857683
854,248.5875,199.7158463733448,854,294.125,300.77627494647606,854,301.3375,304.80834807836874
855,316.0175,304.12675058251943,855,296.105,300.8014356142055,855,295.04,303.86520573571636
856,304.755,300.39041597444094,,,,856,295.2775,306.4048291292363
857,301.7075,300.61524612467446,,,,857,302.3125,306.390808606586
858,293.075,306.2517865980539,,,,858,297.4575,306.96896286769663
859,306.98249999999996,304.41598879863153,,,,859,301.77250000000004,308.33910122261034
860,299.96500000000003,300.6889863874392,,,,860,242.6775,268.72669997267985
861,315.96,305.0789798041292,,,,861,90.8625,107.36985958942216
862,306.3275,305.81716829912455,,,,862,90.33,108.72354048214324
863,199.8925,205.23125311321456,,,,863,90.09,113.74543823153085
864,308.3775,304.3278155470097,,,,864,239.58249999999998,312.0771656039036
865,301.93,300.39670795115126,,,,865,297.3175,304.07124773162013
866,300.955,300.421884548608,,,,866,236.37,308.05553003116006
867,303.61249999999995,305.56806285056626,,,,867,313.685,302.42315956729783
868,302.63,305.6994806201884,,,,868,197.59499999999997,158.3137669791073
869,302.46500000000003,302.51323228188744,,,,869,90.84,88.85040765544201
870,300.27500000000003,305.32012473875466,,,,870,158.05,125.01692738381955
871,303.97749999999996,300.39659276583757,,,,871,176.2525,118.76197975263618
872,300.735,301.3515750658492,,,,872,89.88,114.59119267331523
873,293.22499999999997,304.87397155731435,,,,873,89.34,88.78157715855791
874,145.885,133.82553584774226,,,,874,180.07999999999998,119.42302800187352
875,297.78,282.780171590362,,,,875,149.45000000000002,109.78415842276934
876,302.09749999999997,304.2357583843884,,,,876,88.63500000000002,88.94367428453295
877,301.40250000000003,301.27132184909374,,,,877,235.6375,307.57130874680234
878,302.78,304.49299656724736,,,,878,289.745,312.50131988513436
879,301.09000000000003,300.3927345321649,,,,879,288.51,305.41260106393446
880,308.90250000000003,305.16199147302774,,,,880,291.86,306.8345343122989
881,303.375,300.3926816329934,,,,881,287.0975,306.79776024490553
882,299.96500000000003,312.13908956972,,,,882,291.9275,308.336054818138
883,292.90999999999997,305.74284396329784,,,,883,290.26,306.127694863289
884,298.8175,306.25896248944616,,,,884,306.71750000000003,306.01166015783735
885,301.7175,304.5512464619916,,,,885,327.15250000000003,306.29603814283587
886,298.8325,314.51008463232955,,,,886,248.2325,269.30785617225183
887,291.93,301.11192945890406,,,,887,90.435,89.08282320009701
888,301.1025,300.49838516010925,,,,888,166.775,128.7350078481423
889,291.555,305.5678696818399,,,,889,142.5925,107.44730190520525
890,300.725,300.5636763639941,,,,890,170.12249999999997,114.27154972491364
891,198.81,224.44427466875965,,,,891,155.395,114.22567007978009
892,299.35,304.20890952235254,,,,892,161.44,129.00105171187843
893,302.6825,300.39229928369946,,,,893,178.72,122.0290659245469
894,297.9325,305.46473623200177,,,,894,145.95000000000002,130.6506042628778
895,197.9225,211.13963631936204,,,,895,139.5225,107.03557690790194
896,92.78999999999999,87.27462637198234,,,,896,137.51999999999998,112.972444595792
897,302.17999999999995,304.30537358354366,,,,897,88.55999999999999,123.03615714727917
898,284.7975,306.44548588292764,,,,898,137.73,116.69750260758624
899,300.6424999999999,304.71352787883063,,,,,,
