epoch,train_total_loss,train_nll,train_mu_loss,val_total_loss,val_nll,val_mu_loss,mean_sigma,mean_alpha,lr
0.0,1.2016198010671706,1.0968605790819441,1.0475923135167076,1.1612347662448883,1.0670148432254791,0.9421993941068649,1.0743882826396398,0.4475535140151069,0.001
1.0,1.1134884868349348,1.0158465788477944,0.9764191522484734,1.0737581551074982,0.9852054864168167,0.8855266645550728,0.9901607689403352,0.4124129670006888,0.001
2.0,1.0299888111296154,0.9358015457789103,0.9418726109323048,0.9887322336435318,0.9021598696708679,0.8657234609127045,0.911916122550056,0.3779069412322271,0.001
3.0,0.9458303678603399,0.8535783035414559,0.9225206119673592,0.9031433463096619,0.8173795193433762,0.8576381355524063,0.8368248911130995,0.34388590284756254,0.001
4.0,0.860198248000372,0.7693428851309276,0.9085536400477091,0.8151824772357941,0.7300814241170883,0.8510105460882187,0.7653834195364089,0.3107327421506246,0.001
5.0,0.772599824837276,0.682926527091435,0.8967329632668268,0.7246982604265213,0.6403092741966248,0.8438898473978043,0.6971635449500311,0.2789047842934018,0.001
6.0,0.683165431022644,0.5945453416733515,0.8862008963312421,0.6322010457515717,0.5485455468297005,0.8365549892187119,0.6319623107001895,0.2486217064516885,0.001
7.0,0.5924868016015916,0.5048107433886755,0.8767605367160979,0.538309633731842,0.45535949617624283,0.8295013755559921,0.5697303613026937,0.21989610081627256,0.001
8.0,0.5027256863457816,0.41590866162663415,0.8681702670596895,0.4470394551753998,0.36476019769907,0.8227925300598145,0.5112309030124119,0.19276422404107593,0.001
9.0,0.4189344658738091,0.3329079562709445,0.8602650988669622,0.3631864860653877,0.28155312314629555,0.8163335770368576,0.4585295220216115,0.16766842064403353,0.001
10.0,0.3456511227857499,0.26036206419978825,0.8528905596051898,0.29011333733797073,0.20909858122467995,0.8101475238800049,0.41300249099731445,0.14495689705723808,0.001
11.0,0.28541966598658336,0.20082898615510203,0.8459067827179318,0.22858762368559837,0.14816202782094479,0.804255947470665,0.3754815260569255,0.124871117018518,0.001
12.0,0.23810726758979617,0.15416659751818293,0.8394066804931277,0.1789319571107626,0.09906215500086546,0.7986980378627777,0.346517033520199,0.10670300466673714,0.001
13.0,0.20255673055847487,0.11918665832352071,0.8337007250104632,0.1402689078822732,0.06090293452143669,0.7936597168445587,0.32487252354621887,0.09222155383655004,0.001
14.0,0.17648821856294358,0.09360140109700817,0.828868153549376,0.11075062118470669,0.03183778701350093,0.7891283333301544,0.3089116598878588,0.08133786331330027,0.001
15.0,0.15760489340339387,0.07514228414566744,0.8246260654358637,0.08890023082494736,0.010416441829875112,0.7848378866910934,0.296874307450794,0.07316009718037787,0.001
16.0,0.14412805899268105,0.06204658752262947,0.8208147145452953,0.07308881171047688,-0.004975208488758653,0.780640184879303,0.2875549140430632,0.06692688025179364,0.001
17.0,0.13424421740429743,0.05250743405139517,0.8173677949678331,0.061245838180184364,-0.016402937413658947,0.7764877378940582,0.28040177055767607,0.06208206801897004,0.001
18.0,0.12651467465219043,0.04507540872630974,0.8143926291238694,0.051766667515039444,-0.025488993152976036,0.7725565582513809,0.2749939752476556,0.05825087818361464,0.001
19.0,0.12025115709929239,0.03907933467555614,0.8117182084492275,0.043732794001698494,-0.033149263996165246,0.7688205689191818,0.2708419525907153,0.055184814014605114,0.001
20.0,0.11509836305465017,0.034160379896916095,0.8093797990253994,0.036890214309096336,-0.039646611451644276,0.7653682231903076,0.2675936846506028,0.052704657649710066,0.001
21.0,0.11085257324434462,0.030127400975851787,0.8072517145247686,0.03101210668683052,-0.04520347435027361,0.7621558308601379,0.264968305116608,0.05066514600600515,0.001
22.0,0.10725848163877215,0.026728881035177482,0.8052959754353478,0.02589303068816662,-0.050021791248582304,0.7591481655836105,0.2628272736356372,0.048984053766443617,0.001
23.0,0.10424008184955233,0.023891385777720382,0.8034869432449341,0.02142253238707781,-0.054208911140449345,0.7563144266605377,0.2609810460181463,0.04758728561656816,0.001
24.0,0.10170343323122888,0.02152150332750309,0.8018193159784589,0.01752897072583437,-0.057836107327602804,0.7536507248878479,0.25939308887436274,0.04641939380339214,0.001
25.0,0.09960432811861947,0.019576327520466986,0.8002799891290211,0.01421484537422657,-0.060900708311237395,0.7511555254459381,0.2580770757936296,0.04543916881084442,0.001
26.0,0.09790279148589998,0.01801670333814053,0.7988608593032474,0.011487494222819805,-0.06339485640637577,0.748823493719101,0.25700548858869643,0.04461473581336793,0.001
27.0,0.09648116908612706,0.016727629428108532,0.7975353910809472,0.00912133976817131,-0.06554171373136342,0.7466305047273636,0.2561133418764387,0.0439304109840166,0.001
28.0,0.0952910032300722,0.01566009507292793,0.7963090538978577,0.007067291997373104,-0.06738996505737305,0.7445725053548813,0.2553649111872628,0.04339989505353428,0.001
29.0,0.09429879167250224,0.014781559773144267,0.7951723024958656,0.005284449085593224,-0.06897974899038672,0.74264195561409,0.25473385197775705,0.04296033173089936,0.001
30.0,0.09346319185126395,0.014051486516282671,0.7941170249666486,0.0037139244377613068,-0.07036871952004731,0.7408263981342316,0.25418457034088315,0.042594650494200845,0.001
31.0,0.09276768281346276,0.013453953234212739,0.7931372608457293,0.0023401807993650436,-0.07157159969210625,0.7391177415847778,0.2537302254211335,0.04229095454017321,0.001
32.0,0.09219004994346983,0.012966481791365714,0.792235655444009,0.001149885356426239,-0.07260178099386394,0.7375166118144989,0.2533491679600307,0.04203794559552556,0.001
33.0,0.0917121179047085,0.012571854162074271,0.7914026152519953,0.0001173652708530426,-0.07348428387194872,0.7360165119171143,0.25302703252860476,0.04182616142289979,0.001
34.0,0.09131637073698498,0.01225312382337593,0.790632426738739,-0.0007785847410559654,-0.074239730136469,0.7346113920211792,0.2527540929260708,0.04164806114775794,0.001
35.0,0.09099008568695613,0.011997155224283537,0.7899292735826402,-0.0015442520380020142,-0.07487490633502603,0.7333065420389175,0.2525318548792884,0.04149022308133897,0.001
36.0,0.09072183214482807,0.011792396683068503,0.7892943308466956,-0.002201046794652939,-0.07540820073336363,0.7320715337991714,0.2523583294380279,0.04134783609991982,0.001
37.0,0.09047794058209374,0.0116272589103097,0.7885068002201262,-0.002761801704764366,-0.07585873291827738,0.7309693098068237,0.25221987281526836,0.04122992604970932,0.001
38.0,0.09029368399864152,0.011496765095563162,0.787969172000885,-0.003251715563237667,-0.07624445226974785,0.7299273759126663,0.2521047343810399,0.0411342978477478,0.001
39.0,0.09014077200776055,0.011391522274130867,0.7874924881117684,-0.0036797169595956802,-0.07657591719180346,0.7289620041847229,0.2520062632503964,0.04105769878342038,0.001
40.0,0.09000964870765096,0.011305940914012137,0.7870370518593561,-0.0040560439229011536,-0.0768619088921696,0.7280586212873459,0.25192088456380934,0.040995466035036815,0.001
41.0,0.08989742859488442,0.011235712894371577,0.7866171371369135,-0.004386608488857746,-0.07710889633744955,0.7272228747606277,0.25184675412518637,0.0409477065716471,0.001
42.0,0.08980523635234151,0.011177664800059228,0.7862756848335266,-0.004678115248680115,-0.07732278574258089,0.7264466732740402,0.2517835164353961,0.04091074104819979,0.001
43.0,0.0897196779648463,0.011130115017294884,0.785895654133388,-0.004936156794428825,-0.07750844117254019,0.7257228493690491,0.2517284062646684,0.04088275081345013,0.001
44.0,0.08964590692803973,0.011090111164819626,0.7855579398927235,-0.005166569724678993,-0.07766992668621242,0.7250335663557053,0.251680212361472,0.040862576415141426,0.001
45.0,0.08958138685141291,0.011056480042281606,0.7852490686234974,-0.005372865125536919,-0.07781118154525757,0.724383145570755,0.2516385196220307,0.04084891258251099,0.001
46.0,0.08952449244402703,0.011027937400199118,0.7849655293283009,-0.0055587198585271835,-0.07793610752560198,0.723773866891861,0.2516014178593953,0.0408407918044499,0.001
47.0,0.0894739239343575,0.011003565752790087,0.7847035839444115,-0.00572625920176506,-0.07804665598087013,0.7232039421796799,0.2515673552240644,0.04083690473011562,0.001
48.0,0.08942960876794089,0.01098215775120826,0.7844745062646412,-0.005876884795725346,-0.07814476895146072,0.7226788699626923,0.25153636151836034,0.0408357030579022,0.001
49.0,0.08938810353477795,0.010963768210439455,0.7842433367456708,-0.006013453006744385,-0.07823197729885578,0.7221852689981461,0.2515080812431517,0.04083706722373054,0.001
50.0,0.08935063154924483,0.010947460486065774,0.7840316863287062,-0.006137805059552193,-0.07830954436212778,0.7217173427343369,0.25148236680598485,0.04083968113575663,0.001
51.0,0.08931670692704972,0.010933035097661473,0.7838366883141654,-0.006251112557947636,-0.07837887015193701,0.7212776094675064,0.2514591947907493,0.04084254198131107,0.001
52.0,0.08928801562814485,0.010919839321147828,0.7836817361059643,-0.006354430690407753,-0.07844205107539892,0.7208761870861053,0.2514377137025197,0.040845264813729694,0.001
53.0,0.08925868038620267,0.010908299081382297,0.7835037963730949,-0.00645003467798233,-0.07849999098107219,0.7204995602369308,0.25141632769789013,0.040848511670316966,0.001
54.0,0.0892317784684045,0.010897493433384668,0.783342821257455,-0.006539859808981419,-0.07855330314487219,0.720134362578392,0.2513948175169173,0.04085111351949828,0.001
55.0,0.08920734322496823,0.010887750734885534,0.7831958958080837,-0.006621640175580978,-0.07860017172060907,0.719785287976265,0.2513740332353683,0.04084986075758934,0.001
56.0,0.08918341142790658,0.010877441614866257,0.7830596963564554,-0.00669754296541214,-0.07864302722737193,0.7194548100233078,0.2513540819996879,0.040845729233253567,0.001
57.0,0.08916090925534566,0.010867577223550706,0.7829333174796331,-0.0067687863484025,-0.07868311321362853,0.7191432416439056,0.2513351724261329,0.04084389993832225,0.001
58.0,0.08913998908939816,0.010858378594829923,0.7828160893349421,-0.006835714913904667,-0.07872070674784482,0.7188498973846436,0.2513173995983033,0.040844197961546126,0.001
59.0,0.08912041570459094,0.010849728293362119,0.7827068709191822,-0.006898458115756512,-0.07875582901760936,0.7185737192630768,0.25130073513303486,0.04084553001891999,0.001
60.0,0.08910334713402249,0.010841420718601771,0.7826192208698818,-0.006956734694540501,-0.07878884393721819,0.7183210849761963,0.25128533229941413,0.04084708151363191,0.001
61.0,0.08908557129048165,0.010833891197329476,0.7825167917069935,-0.007011265493929386,-0.07881962577812374,0.7180836200714111,0.2512706979399636,0.040848354498545326,0.001
62.0,0.0890689788474923,0.010826515743420237,0.7824246117046901,-0.007062986493110657,-0.07884838152676821,0.717853918671608,0.25125678806077867,0.040848965446154274,0.001
63.0,0.08905347809195518,0.010819479911809876,0.782339958917527,-0.007112119346857071,-0.07887549791485071,0.7176337838172913,0.25124386023907436,0.040849065142018456,0.001
64.0,0.08903892959157626,0.010812738289435705,0.7822618626412892,-0.007158350199460983,-0.07890089694410563,0.7174254506826401,0.25123171721185955,0.04084865057042667,0.001
65.0,0.08902516446652867,0.010806262227041381,0.7821890002205258,-0.007201955653727055,-0.07892482471652329,0.7172286957502365,0.25122034053007763,0.04084774958235877,0.001
66.0,0.08901347273162433,0.010799934644074667,0.7821353730701265,-0.007242289371788502,-0.07894729520194232,0.7170500010251999,0.25120978908879416,0.04084629583216849,0.001
67.0,0.08900038933470136,0.010794094098465783,0.7820629307201931,-0.00727995578199625,-0.07896819361485541,0.7168823480606079,0.251199708098457,0.0408445859239215,0.001
68.0,0.08898816931815375,0.01078826259999048,0.7819990458942595,-0.007316105999052525,-0.0789879197254777,0.7167181074619293,0.2511899932509377,0.0408427965428148,0.001
69.0,0.08897668957000687,0.010782626235768908,0.7819405794143677,-0.007350767031311989,-0.07900665304623544,0.7165588438510895,0.25118082690806615,0.0408410227724484,0.001
70.0,0.08896580232041222,0.010777113781798454,0.7818868841443744,-0.007383895106613636,-0.07902463688515127,0.7164074033498764,0.2511721643663588,0.04083938435429618,0.001
71.0,0.0889553903114228,0.010771713796116057,0.7818367424465361,-0.0074154771864414215,-0.07904188637621701,0.7162641286849976,0.25116388996442157,0.04083782895689919,0.001
72.0,0.08894538382689159,0.010766434527578809,0.7817894816398621,-0.007445689290761948,-0.07905853888951242,0.7161284387111664,0.2511560299566814,0.04083633050322533,0.001
73.0,0.08893573692157156,0.010761253624444916,0.781744829245976,-0.0074746133759617805,-0.07907458837144077,0.7159997224807739,0.25114851480438594,0.04083492766533579,0.001
74.0,0.08892642245406196,0.010756154855092367,0.7817026887621198,-0.00750237051397562,-0.0790901342406869,0.7158776074647903,0.2511412778070995,0.04083363800531342,0.001
75.0,0.08891858249193146,0.01075088738330773,0.7816769395555768,-0.007528593763709068,-0.07910547382198274,0.7157688140869141,0.2511344374645324,0.040832543124755226,0.001
76.0,0.08890917223124277,0.010746038208405176,0.7816313334873745,-0.007553384639322758,-0.07912013749592006,0.7156674712896347,0.2511275644813265,0.04083168400185449,0.001
77.0,0.08890026825524512,0.010741033813073522,0.7815923208282107,-0.007578066550195217,-0.07913456438109279,0.7155649363994598,0.2511207014322281,0.040831235193070914,0.001
78.0,0.08889191402565866,0.010736195193160148,0.7815571257046291,-0.007601720280945301,-0.07914810930378735,0.7154638320207596,0.25111420168763116,0.04083035354103361,0.001
79.0,0.08888368787510055,0.010731209335582597,0.7815247688974652,-0.007624826394021511,-0.07916152430698276,0.7153669446706772,0.25110788075696855,0.04082960369331496,0.001
80.0,0.08887578795353572,0.01072632148861885,0.781494657198588,-0.00764746218919754,-0.07917496049776673,0.7152749449014664,0.25110174289771486,0.04083024302408809,0.001
81.0,0.08886803438266118,0.010721412442979358,0.7814661661783854,-0.0076697105541825294,-0.0791884760838002,0.7151876837015152,0.2510957845619747,0.040831719835599266,0.001
82.0,0.08886052189128739,0.010716631565065611,0.7814389041491917,-0.00769098661839962,-0.07920145569369197,0.7151046246290207,0.2510899326631001,0.04083267936394328,0.001
83.0,0.0888530963233539,0.01071180651585261,0.781412871111007,-0.007711687125265598,-0.07921421993523836,0.7150252908468246,0.2510841595275061,0.04083387163423356,0.001
84.0,0.08884574330988385,0.010706928602996327,0.7813881351834252,-0.0077321482822299,-0.07922711479477584,0.7149496376514435,0.25107850489162264,0.04083595655503727,0.001
85.0,0.08883859288124811,0.010702138855343773,0.7813645402590433,-0.007751788012683392,-0.07923952885903418,0.7148773819208145,0.2510729205040705,0.040837659544887994,0.001
86.0,0.08883280608625639,0.010697054543665476,0.781357487042745,-0.0077709024772048,-0.07925246423110366,0.7148156017065048,0.25106764478342875,0.04084024897643498,0.001
87.0,0.08882498971763111,0.01069233397997561,0.781326569262005,-0.0077893491834402084,-0.07926523336209357,0.7147588282823563,0.25106213703041985,0.04084251625906853,0.001
88.0,0.08881831807749611,0.01068800732138611,0.7813031134151277,-0.007806889712810516,-0.07927675335668027,0.7146986722946167,0.25105655902907964,0.04084607462088267,0.001
89.0,0.08881185682756561,0.01068364784476303,0.7812820701372056,-0.007823467254638672,-0.07928714994341135,0.714636817574501,0.2510512336379006,0.04084767472176325,0.001
90.0,0.08880550432063285,0.010679204105621292,0.7812629966508775,-0.007839754223823547,-0.07929740473628044,0.7145764976739883,0.251046121830032,0.04084972948545501,0.001
91.0,0.08879930188968069,0.010674763559585526,0.781245367867606,-0.007855469360947609,-0.07930738432332873,0.714519128203392,0.25104114909966785,0.0408517796368826,0.001
92.0,0.08879316899748076,0.010670304209703491,0.7812286132857913,-0.007870670408010483,-0.07931713224388659,0.7144646346569061,0.2510362856444858,0.04085404000111988,0.001
93.0,0.08878707921221143,0.010665853995652426,0.7812122730981736,-0.007885434664785862,-0.07932668109424412,0.7144124209880829,0.2510314974046889,0.0408565668123109,0.001
94.0,0.08878003876833689,0.010661114273326737,0.781189257190341,-0.007900291122496128,-0.07933614123612642,0.7143584489822388,0.2510268014101755,0.04085892935593923,0.001
95.0,0.08877451185669218,0.010656796395778656,0.7811771347409203,-0.007912827655673027,-0.07934508565813303,0.7143226265907288,0.2510220216853278,0.04086261774812426,0.001
96.0,0.08876826791536241,0.01065237678232647,0.7811588815280369,-0.007926319725811481,-0.07935414952225983,0.7142782658338547,0.2510175009568532,0.0408664152380966,0.001
97.0,0.0887623019516468,0.010647960894164584,0.7811433871587118,-0.007940092124044895,-0.07936322945170105,0.7142313420772552,0.2510131952308473,0.04087023437023163,0.001
98.0,0.08875654495897747,0.010643518130694116,0.781130279813494,-0.007953695952892303,-0.07937230542302132,0.7141861170530319,0.2510089022772653,0.04087409927021889,0.001
99.0,0.08875086868093127,0.01063906294958932,0.781118046669733,-0.007966947741806507,-0.0793813040945679,0.7141435295343399,0.2510046164194743,0.04087803796643302,0.001
100.0,0.0887452122711,0.01063459153686251,0.7811061995370048,-0.007980027236044407,-0.07939033699221909,0.7141030579805374,0.2510003348191579,0.040882084163881484,0.001
101.0,0.08873955852219037,0.010630083314719655,0.7810947299003601,-0.007992859929800034,-0.07939931750297546,0.7140645235776901,0.25099606741042363,0.04088625187675158,0.001
102.0,0.08873549653660684,0.01062529454273837,0.7811020130202884,-0.008005119860172272,-0.07940869173035026,0.7140357047319412,0.25099200152215506,0.04089052407514481,0.001
103.0,0.0887287746937502,0.010620802374822753,0.7810796953382946,-0.0080166757106781,-0.07941772625781596,0.7140104621648788,0.2509877610774267,0.040894927900461925,0.001
104.0,0.08872270619585401,0.010616156139544078,0.7810654725347247,-0.008028770796954632,-0.07942680362612009,0.7139803320169449,0.25098325595969245,0.04089945519254321,0.001
105.0,0.08871684897513617,0.01061145251705533,0.781053968838283,-0.00804116576910019,-0.07943590544164181,0.7139473706483841,0.2509788970152537,0.04090403109079316,0.001
106.0,0.08871124862205415,0.010606809474882625,0.7810443810054234,-0.008053233847022057,-0.07944473531097174,0.7139150053262711,0.2509746260586239,0.04090819064350355,0.001
107.0,0.08870562520765123,0.01060205272265843,0.7810357213020325,-0.008065450936555862,-0.07945388741791248,0.7138843834400177,0.25097042605990455,0.040913152020602,0.001
108.0,0.08870044120010875,0.010597696793930871,0.7810274305797759,-0.008077096194028854,-0.07946265838108957,0.71385557949543,0.25096625302519115,0.040917680909236274,0.001
109.0,0.0886955779223215,0.010593562874765624,0.7810201304299491,-0.00809005368500948,-0.07947297091595829,0.7138291597366333,0.2509621303705942,0.04092379251406306,0.001
110.0,0.08869106145132155,0.010589744363512312,0.7810131652014596,-0.008101950399577618,-0.07948245364241302,0.7138049900531769,0.25095795946461813,0.040928682401066736,0.001
111.0,0.08868650258297012,0.010585925497469447,0.7810057657105582,-0.008112858980894089,-0.07949104905128479,0.7137818932533264,0.2509536984420958,0.04093199276498386,0.001
112.0,0.08868195116519928,0.010582134482406434,0.7809981675375075,-0.008122669532895088,-0.0794986174441874,0.7137594670057297,0.2509494097459884,0.040933807158753985,0.001
113.0,0.08867715476524263,0.010578090945879618,0.780990617615836,-0.00813237577676773,-0.07950613182038069,0.7137375771999359,0.2509451735587347,0.04093601111145247,0.001
114.0,0.08867253345392999,0.010574180721527054,0.7809835104715257,-0.008141870610415936,-0.07951353094540536,0.713716596364975,0.25094095723969595,0.04093870751204945,0.001
115.0,0.08866791977059274,0.010570252402907326,0.7809766701289585,-0.008151080459356308,-0.07952073030173779,0.7136965095996857,0.2509368083306721,0.04094135459689867,0.001
116.0,0.08866331832749504,0.010566317520680883,0.7809700199535915,-0.008159988559782505,-0.07952771382406354,0.713677242398262,0.2509326608408065,0.040944001149563564,0.001
117.0,0.08865876105569657,0.01056240490149884,0.7809635514304751,-0.008168650791049004,-0.07953452900983393,0.7136587351560593,0.2509285857280095,0.04094670322679338,0.001
118.0,0.08865421691111156,0.010558479243800753,0.7809573326792035,-0.008177223615348339,-0.07954132300801575,0.7136409431695938,0.25092451913016184,0.040949481583776925,0.001
119.0,0.08864968411979221,0.010554547465982892,0.780951338154929,-0.008185651153326035,-0.07954803528264165,0.7136238366365433,0.2509204078288305,0.040952355024360475,0.001
120.0,0.08864518538826988,0.010550611253295625,0.7809457126117888,-0.008193916641175747,-0.07955465326085687,0.7136073410511017,0.25091636677583057,0.04095530580906641,0.001
121.0,0.08864073881081172,0.010546717260565077,0.780940172218141,-0.00820220448076725,-0.07956132339313626,0.7135912030935287,0.2509123477197829,0.04095828054206712,0.001
122.0,0.08863627165555954,0.01054305476801736,0.7809321596508935,-0.008210571482777596,-0.07956784777343273,0.7135727107524872,0.25090829886141275,0.04096125296893574,0.001
123.0,0.08863174596003123,0.01053912831204278,0.7809261339051383,-0.00821877084672451,-0.07957438565790653,0.7135561257600784,0.25090435218243373,0.04096410991180511,0.001
124.0,0.08862741610833577,0.01053513613130365,0.7809227846917652,-0.008226724341511726,-0.07958101760596037,0.7135429233312607,0.2509003288689114,0.040966968273832685,0.001
125.0,0.0886230424401306,0.010531491644325711,0.7809155072484698,-0.008234577253460884,-0.07958721579052508,0.7135263383388519,0.250896338905607,0.04096987967689832,0.001
126.0,0.08862032173644929,0.010527274083523523,0.7809304424694606,-0.008242000825703144,-0.07959410501644015,0.7135210633277893,0.25089262425899506,0.04097268961015202,0.001
127.0,0.08861478471330234,0.010523709246800059,0.7809107559067863,-0.008249035105109215,-0.079600635683164,0.7135159820318222,0.2508885470174608,0.040975497237273624,0.001
128.0,0.08861039170906657,0.010520211553999357,0.780901795341855,-0.008257023990154266,-0.07960760733112693,0.7135058492422104,0.250884337084634,0.04097865238076165,0.001
129.0,0.08860631712845393,0.010516510921574775,0.7808980516024998,-0.008267483673989773,-0.07961701275780797,0.7134953290224075,0.25088026906762806,0.04098341738184293,0.001
130.0,0.08860352954694203,0.010514298276532264,0.7808922841435387,-0.008275803178548813,-0.07962393620982766,0.7134813219308853,0.2508774946133296,0.04098661456789289,0.001
131.0,0.08859964761705626,0.010510662304503577,0.7808898460297358,-0.008283733390271664,-0.07963093789294362,0.713471993803978,0.2508743887855893,0.040987703594423476,0.001
132.0,0.08859747665978614,0.010509066461097626,0.7808840785707746,-0.00828942097723484,-0.07963540661148727,0.713459849357605,0.2508725914217177,0.0409880457889466,0.001
133.0,0.08859304941835858,0.010505105945326033,0.7808794237318493,-0.008296551182866096,-0.0796415489166975,0.7134499847888947,0.2508697055634998,0.04098804756289437,0.001
134.0,0.08858896224271684,0.01050148939802533,0.7808747178032285,-0.008304812014102936,-0.0796488185878843,0.7134400457143784,0.25086443835780736,0.04098844953945705,0.001
135.0,0.08858714625239372,0.010500034583466393,0.7808710989497957,-0.008310066536068916,-0.07965327799320221,0.7134321182966232,0.25086248985358645,0.04098959870281674,0.001
136.0,0.08858278996887661,0.01049617828712577,0.780866109189533,-0.00831642746925354,-0.0796586056239903,0.7134217768907547,0.2508596997885477,0.04099086193101747,0.001
137.0,0.08857860966097741,0.010492359864569846,0.7808624733062017,-0.008324764668941498,-0.07966623082756996,0.7134146690368652,0.25085406431130003,0.04099227080032939,0.001
138.0,0.08857650504935355,0.010490983813291504,0.7808551873479571,-0.008330152370035648,-0.07967019500210881,0.7134004384279251,0.25085156517369406,0.04099416094166892,0.001
139.0,0.08857224367204167,0.010487276972049759,0.7808496611458915,-0.008336980827152729,-0.07967586000449955,0.7133888006210327,0.2508482443434851,0.040995827033406214,0.001
140.0,0.08856825424092156,0.010483511147044954,0.7808474046843392,-0.008344839327037334,-0.07968297693878412,0.7133813202381134,0.250842653569721,0.04099746083929425,0.001
141.0,0.08856962550254095,0.010485470649741944,0.7808415293693542,-0.008345641195774078,-0.07968272222205997,0.7133708149194717,0.2508436945222673,0.04099942938912483,0.001
142.0,0.08856481260487012,0.0104804877191782,0.7808432096526736,-0.008348705247044563,-0.07968596555292606,0.7133726179599762,0.25084651226089116,0.041000582987353915,0.001
143.0,0.08856008290534928,0.010476101455943925,0.7808397979963393,-0.008357885293662548,-0.07969486387446523,0.7133697718381882,0.25083903400670915,0.04100144140067555,0.001
144.0,0.08855565335778963,0.010472859566410383,0.7808279338337126,-0.008367952890694141,-0.07970346766524017,0.7133551388978958,0.25083197014672415,0.04100310642804418,0.001
145.0,0.08855192398741132,0.010469462012960798,0.7808246158418202,-0.008377018384635448,-0.07971148774959147,0.7133446633815765,0.25082574997629437,0.04100540191644714,0.001
146.0,0.08854862355760165,0.010466550255105608,0.7808207358632769,-0.008384354412555695,-0.07971748011186719,0.7133312374353409,0.25082009392125265,0.04100792748587472,0.001
147.0,0.08854511628548305,0.010463652511437735,0.780814630644662,-0.008390935137867928,-0.07972255302593112,0.7133161723613739,0.250814886320205,0.04101022350646201,0.001
148.0,0.08854318942342486,0.010462233441926184,0.780809569926489,-0.008394499309360981,-0.07972478354349732,0.7133028656244278,0.25081284769943785,0.04101211826006571,0.001
149.0,0.08853939849705923,0.010458487662531081,0.7808090760594323,-0.008399112150073051,-0.07972881523892283,0.7132969796657562,0.2508100647301901,0.04101327256787391,0.001
150.0,0.08853766925278164,0.01045495280552478,0.7808271561350141,-0.008404376916587353,-0.07973449630662799,0.7133011817932129,0.2508051076105663,0.041014378624303,0.001
151.0,0.08853495440312795,0.010453807101363228,0.7808114403770083,-0.008406128734350204,-0.07973711588419974,0.7133098691701889,0.25080357562927974,0.04101566491382463,0.001
152.0,0.08853053780538696,0.01045004322770096,0.7808049150875637,-0.00840998999774456,-0.07974085747264326,0.713308647274971,0.25080091328847975,0.04101681531894775,0.001
153.0,0.08852642632666088,0.010446734726428986,0.7807969110352653,-0.008416619151830673,-0.07974646426737309,0.7132984101772308,0.25079535870325,0.04101795738651639,0.001
154.0,0.0885249844619206,0.010445974412418547,0.7807901019141787,-0.008420351892709732,-0.07974876835942268,0.7132841348648071,0.25079363655476344,0.0410192890891007,0.001
155.0,0.08852114563896543,0.010442370371449562,0.7807877347582862,-0.008425470441579819,-0.07975283125415444,0.7132736295461655,0.25079115018958137,0.04102022147604397,0.001
156.0,0.08851755108861696,0.010439145157024973,0.7807840648151579,-0.008432237431406975,-0.07975861406885087,0.7132637053728104,0.2507855232272829,0.04102113168864023,0.001
157.0,0.08851597919350579,0.010438082739710808,0.7807789359773908,-0.008436057716608047,-0.0797613023314625,0.7132524251937866,0.2507833973282859,0.04102235198730514,0.001
158.0,0.08851228317334539,0.010434615292719432,0.7807766795158386,-0.008441081270575523,-0.07976552494801581,0.7132444083690643,0.25078031207833973,0.04102328721256483,0.001
159.0,0.08850875674259095,0.01043144693332059,0.7807731316203163,-0.008447474800050259,-0.07977111171931028,0.7132363766431808,0.25077482277438756,0.041024234323274525,0.001
160.0,0.0885107513694536,0.010433879281793321,0.780768701008388,-0.008446503430604935,-0.0797693282365799,0.7132282555103302,0.2507764768032801,0.04102540566098122,0.001
161.0,0.08850560798531487,0.010429152775378455,0.7807645201683044,-0.008448128588497639,-0.07977112848311663,0.7132300138473511,0.25077995870794567,0.041025665189538686,0.001
162.0,0.0885018567953791,0.01042506480146022,0.7807678977648417,-0.008454695343971252,-0.07977912784554064,0.7132443338632584,0.25077217675390695,0.04102583335978644,0.001
163.0,0.08849749323867616,0.010422176991899809,0.7807531555493673,-0.00846309494227171,-0.07978650787845254,0.7132341265678406,0.250765024906113,0.04102699547296479,0.001
164.0,0.0884937204065777,0.01041932191167559,0.7807439735957554,-0.008471846580505371,-0.07979313470423222,0.7132128775119781,0.250759129013334,0.04102883984645208,0.001
165.0,0.08849116130953744,0.010416894086769648,0.7807426566169375,-0.008478980511426926,-0.07979828328825533,0.7131930142641068,0.2507538029125759,0.04103055756006922,0.001
166.0,0.08848809220251583,0.010413677032504762,0.780744126864842,-0.008485106751322746,-0.07980393269099295,0.7131882607936859,0.2507490913073222,0.04103179346947443,0.001
167.0,0.08848758414387703,0.010412752184839476,0.780748290675027,-0.008485841564834118,-0.07980469823814929,0.7131885290145874,0.25074629201775506,0.041032573651699794,0.001
168.0,0.08848332950756663,0.010409693011925333,0.7807363583928063,-0.008489669300615788,-0.07980691362172365,0.713172435760498,0.2507434927281879,0.041033044102646056,0.001
169.0,0.0884810769486995,0.010408044482270876,0.7807303014255705,-0.008494243957102299,-0.07980926032178104,0.7131502032279968,0.25074125826358795,0.0410334991202468,0.001
170.0,0.08847775984378088,0.010404326731250399,0.7807343318348839,-0.008499424904584885,-0.07981430878862739,0.7131487876176834,0.25073871158418204,0.04103356794941993,0.001
171.0,0.08847701673706372,0.010402959993197805,0.7807405420712062,-0.008501429110765457,-0.079816950019449,0.7131551802158356,0.25073553905600593,0.04102997605999311,0.001
172.0,0.08847479344833464,0.010399801213116873,0.7807498943238032,-0.008504600264132023,-0.07981995143927634,0.7131534516811371,0.25073241832710447,0.041033231608924414,0.001
173.0,0.08847114408300036,0.010398441748250099,0.7807269919486273,-0.008507327176630497,-0.07982146088033915,0.7131412923336029,0.25072972760314033,0.041042350409995945,0.001
174.0,0.08846737213787578,0.010394727811217308,0.7807264072554452,-0.008512232452630997,-0.0798266134224832,0.7131437659263611,0.2507266054550807,0.04104463330336979,0.001
175.0,0.08846750039429892,0.010394362466675895,0.7807313629559108,-0.008511682040989399,-0.07982667465694249,0.713149905204773,0.2507230525925046,0.041052703523919695,0.001
176.0,0.08846251400453704,0.010390898035395713,0.7807161325500125,-0.00851859524846077,-0.07983189425431192,0.7131329923868179,0.2507196572564897,0.04104239671003251,0.001
177.0,0.08846052594128109,0.010389613785914012,0.7807091077168783,-0.008524410426616669,-0.0798353967256844,0.7131098955869675,0.250717050972439,0.04103894496247882,0.001
178.0,0.08845771228273709,0.010385950583787192,0.7807175886063349,-0.008529148995876312,-0.0798403867520392,0.713112398982048,0.2507140615156719,0.04104258510328475,0.001
179.0,0.08845856342287291,0.010386030854923385,0.7807253003120422,-0.008527271449565887,-0.07983947452157736,0.7131220549345016,0.2507104107311794,0.041049914878039134,0.001
180.0,0.0884536596990767,0.01038277716863723,0.7807088011787051,-0.008532268926501274,-0.0798428941052407,0.713106244802475,0.25070699907484506,0.041039620481786276,0.001
181.0,0.08845194003411702,0.010382107769449552,0.7806982767014277,-0.008535382337868214,-0.07984336907975376,0.7130798697471619,0.2507044162069048,0.04104808753445035,0.001
182.0,0.08844838805851482,0.010378593756329445,0.7806979219118754,-0.008542526513338089,-0.0798486708663404,0.7130614668130875,0.2507016346568153,0.041041857784702665,0.001
183.0,0.08844834796729542,0.01037818104738281,0.7807016741661799,-0.008545192889869213,-0.07985042710788548,0.7130523175001144,0.2506988084032422,0.0410487229625384,0.001
184.0,0.08844493826230367,0.010374168821033977,0.7807076942353022,-0.008550704456865788,-0.07985711144283414,0.7130640596151352,0.25069576572804225,0.04104265588380042,0.001
185.0,0.08844518626020068,0.010373691362994058,0.7807149660019648,-0.008550148457288742,-0.07985809701494873,0.7130794823169708,0.25069210146154675,0.041046046784945896,0.001
186.0,0.08844083920121193,0.010371147255812372,0.780696900117965,-0.008554897271096706,-0.07986144092865288,0.7130654454231262,0.2506886451017289,0.041043116400639214,0.001
187.0,0.0884385123139336,0.010369993125398954,0.7806851466496786,-0.008559094741940498,-0.0798629391938448,0.7130384892225266,0.25068611474264235,0.04104681224340484,0.001
188.0,0.088436130966459,0.010367436955372492,0.7806869347890218,-0.008564097806811333,-0.07986652129329741,0.7130242437124252,0.25068332254886627,0.04105495643757638,0.001
189.0,0.08843441431721051,0.010365560916917664,0.780688498701368,-0.008569850586354733,-0.07987151015549898,0.7130166292190552,0.25067969659964245,0.041041684647401176,0.001
190.0,0.0884350190560023,0.010366460397129967,0.7806855468522935,-0.008570280857384205,-0.07987119699828327,0.7130091637372971,0.2506796043543589,0.041046246354069026,0.001
191.0,0.08843174292927697,0.010363145775738217,0.7806859669231233,-0.008573070168495178,-0.07987389690242708,0.713008239865303,0.25068122219471706,0.04103888464825494,0.001
192.0,0.08842865803412028,0.01035890621798379,0.7806975160326276,-0.00857950933277607,-0.0798826590180397,0.7130314856767654,0.2506748395306723,0.041041557100557145,0.001
193.0,0.08842760377696582,0.010357391532687913,0.7807020885603768,-0.008582305163145065,-0.07988735823892057,0.7130504995584488,0.2506677856047948,0.041039214247748965,0.001
194.0,0.08842494870935168,0.010355338720338685,0.7806960911977858,-0.008587394841015339,-0.07989136083051562,0.7130396515130997,0.2506621600616546,0.041042523902086986,0.001
195.0,0.08842087678966068,0.010353746424828256,0.7806712956655593,-0.008593086153268814,-0.07989425607956946,0.7130116969347,0.2506583205291203,0.04104110226035118,0.001
196.0,0.08841913619211741,0.010352704762702896,0.7806642963772729,-0.008597085252404213,-0.07989581325091422,0.7129873037338257,0.2506572873819442,0.041043715994982494,0.001
197.0,0.08841698581264132,0.010349396438825698,0.7806758795465741,-0.008602534420788288,-0.07990140002220869,0.7129886299371719,0.25065442564941587,0.04103828948878106,0.001
198.0,0.08841711637519654,0.0103489700704813,0.7806814454850697,-0.008601459674537182,-0.07990100746974349,0.7129954248666763,0.25065143761180697,0.04103985836818105,0.001
199.0,0.08841330043616749,0.010346802128922371,0.7806649662199474,-0.008605175651609898,-0.07990290643647313,0.7129772901535034,0.25064808272180106,0.04104451764197577,0.001
200.0,0.0884118622967175,0.010345881095244772,0.7806597919691176,-0.008611111901700497,-0.07990632904693484,0.712952196598053,0.25064683244341895,0.04103497557696842,0.001
201.0,0.08840916199343545,0.01034196253333773,0.7806719995680309,-0.008615663275122643,-0.07991226087324321,0.7129659801721573,0.2506447122210548,0.04103617937791915,0.001
202.0,0.08840911569339889,0.010340590739534014,0.7806852459907532,-0.008615595288574696,-0.07991469069384038,0.7129909545183182,0.25063846579619814,0.04103535200868334,0.001
203.0,0.08840708913547653,0.010340975420106025,0.7806611231395176,-0.008616451174020767,-0.0799140827730298,0.7129762917757034,0.2506372942810967,0.04103520636757215,0.001
204.0,0.08840335887812432,0.010338479120816504,0.7806487878163656,-0.00862111896276474,-0.07991580525413156,0.7129468470811844,0.25063587157499223,0.04104068573741686,0.001
205.0,0.08840048490535646,0.010335871506304968,0.7806461339905149,-0.008630682714283466,-0.07992207305505872,0.712913915514946,0.2506310847543535,0.04103026698742594,0.001
206.0,0.08839965842309452,0.01033502169662998,0.7806463582175118,-0.008634466677904129,-0.07992524118162692,0.7129077613353729,0.2506290205887386,0.041032125375100544,0.001
207.0,0.08839947907697587,0.010333467274904251,0.7806600502559117,-0.008633547462522984,-0.07992653432302177,0.7129298448562622,0.2506247595662162,0.04103146298300652,0.001
208.0,0.08839756161684081,0.010333378134029252,0.7806418055579776,-0.008634203113615513,-0.07992638973519206,0.7129218131303787,0.2506226918527058,0.04103689747197287,0.001
209.0,0.08839309144587744,0.010329976411802428,0.7806311476798284,-0.008641159161925316,-0.07993110548704863,0.7128994315862656,0.2506203679811387,0.041026209436711814,0.001
210.0,0.08839260112671625,0.010327344848996117,0.7806525599388849,-0.0086467070505023,-0.07993583241477609,0.7128912061452866,0.2506157507499059,0.04102903569028491,0.001
211.0,0.08839145568864686,0.010327620343083427,0.7806383456502642,-0.00864781066775322,-0.07993702846579254,0.7128921747207642,0.2506147076686223,0.04103674171935944,0.001
212.0,0.08838817388528869,0.010324433534627869,0.7806373777843657,-0.008652206510305405,-0.07994211744517088,0.7128991335630417,0.2506118494839895,0.04102440817015512,0.001
213.0,0.088385707033532,0.010321498538057009,0.7806420780363537,-0.008656465448439121,-0.07994715217500925,0.7129068076610565,0.25060654608976274,0.04102651668446405,0.001
214.0,0.08838698675944692,0.010323975590013322,0.7806300946644374,-0.00865364633500576,-0.07994327880442142,0.712896317243576,0.2506048267795926,0.04102654932510285,0.001
215.0,0.08838219372999101,0.010321132483936492,0.7806105925923302,-0.008658498525619507,-0.07994565088301897,0.7128715068101883,0.2506032174541837,0.04103162600880578,0.001
216.0,0.08837874482075374,0.010318021866537276,0.7806072178341094,-0.008667876943945885,-0.07995301857590675,0.7128513753414154,0.25059834619363147,0.04101981772553353,0.001
217.0,0.08837867936208135,0.010316911730028334,0.780617682706742,-0.008670453913509846,-0.07995548052713275,0.7128502875566483,0.2505960819267091,0.041022869802656625,0.001
218.0,0.0883776421348254,0.010315373273832458,0.7806226696286883,-0.008671239949762821,-0.07995670335367322,0.7128546386957169,0.25059276322523755,0.04102949567493938,0.001
219.0,0.08837522832410676,0.01031378780802091,0.7806143902596974,-0.008677361533045769,-0.0799611562397331,0.7128379046916962,0.25058956302347635,0.04101956422839846,0.001
220.0,0.08836493694356509,0.0103034120762632,0.7806152417546227,-0.008697481825947762,-0.07998198457062244,0.7128450274467468,0.25058006885505857,0.04102077477035068,0.001
221.0,0.08836420962498301,0.010301254867088227,0.7806295270011538,-0.008702395483851433,-0.07998981513082981,0.7128741890192032,0.250569408138593,0.041023705154657364,0.001
222.0,0.0883610573198114,0.010300429892681894,0.780606264159793,-0.008701037615537643,-0.07998735457658768,0.7128631770610809,0.25057110048475717,0.0410165935754776,0.001
223.0,0.08835877655517488,0.010299008073551314,0.7805976810909453,-0.00870017521083355,-0.07998408726416528,0.7128391414880753,0.2505708166531154,0.04101853941877683,0.001
224.0,0.08835845582541965,0.01029919602331661,0.7805925692830767,-0.008698159828782082,-0.07997881225310266,0.7128065228462219,0.2505726977473214,0.04102170041629246,0.001
225.0,0.08835656869979132,0.010298208466597967,0.7805836115564618,-0.008700608275830746,-0.07997775753028691,0.7127714902162552,0.2505730724050885,0.041018937315259664,0.001
226.0,0.08835666520254952,0.010296177296411423,0.780604879061381,-0.008700916543602943,-0.0799811384640634,0.7128022462129593,0.2505742609500885,0.04101719937863804,0.001
227.0,0.08835866089378085,0.010295495656984193,0.7806316500618344,-0.008694966323673725,-0.07998077827505767,0.712858110666275,0.25057146166052136,0.041011314129545576,0.001
228.0,0.08835316946109135,0.010292726613226392,0.7806043993859064,-0.008700660429894924,-0.07998668472282588,0.7128602415323257,0.250562704035214,0.041015148340236576,0.001
229.0,0.0883501408000787,0.01029179050099282,0.7805834639640081,-0.008703881874680519,-0.07998612546361983,0.7128224223852158,0.25056238330545877,0.041019002064352945,0.001
230.0,0.08834898720184962,0.010292228754787218,0.7805675580388024,-0.008706442080438137,-0.07998375850729644,0.7127731591463089,0.25056142679282595,0.041014934047347025,0.001
231.0,0.08834819194106829,0.010291552348505883,0.7805663631075904,-0.008708794601261616,-0.0799839966930449,0.7127520442008972,0.25056270687353044,0.041015678395827614,0.001
232.0,0.08834748342633247,0.010287908305014883,0.7805957198143005,-0.00871154386550188,-0.07998971058987081,0.7127816826105118,0.25056135441575733,0.04100912401363963,0.001
233.0,0.08834958697358768,0.010288756961623827,0.7806082736878168,-0.008705656975507736,-0.07998694502748549,0.7128128856420517,0.2505589595862797,0.041010767044056026,0.001
234.0,0.08834470134405863,0.010285163209551857,0.7805953621864319,-0.008714638650417328,-0.07999467989429832,0.7128003835678101,0.2505493412415187,0.04101423262840226,0.001
235.0,0.08834210641327359,0.010285928135826475,0.7805617536817279,-0.008717130869626999,-0.07999449339695275,0.7127736359834671,0.2505493866545813,0.041013824265627635,0.001
236.0,0.08834029166471391,0.010283712120283218,0.7805657670611427,-0.00872051902115345,-0.07999691553413868,0.7127639353275299,0.2505485734769276,0.04100801423192024,0.001
237.0,0.0883406771435624,0.01028213029106458,0.7805854678153992,-0.008719885721802711,-0.07999824755825102,0.7127836048603058,0.25054810231640223,0.041010345021883644,0.001
238.0,0.08834103920630046,0.010282631253912336,0.7805840685254052,-0.008713692426681519,-0.07999332784675062,0.7127963006496429,0.2505450922818411,0.04100926752601351,0.001
239.0,0.08833834120915049,0.010282441086712339,0.7805589636166891,-0.008714037016034126,-0.07999206543900073,0.712780237197876,0.2505447800670351,0.041011128574609756,0.001
240.0,0.08833523112393561,0.010279583256869089,0.7805564545449757,-0.00872184056788683,-0.07999823451973498,0.7127639204263687,0.2505438412938799,0.04100341988461358,0.001
241.0,0.08833193211328416,0.010274937110287803,0.7805699535778591,-0.008734376169741154,-0.08001107233576477,0.7127669900655746,0.25053233475912184,0.04100458093342327,0.001
242.0,0.08833463117480278,0.010278587806082908,0.7805604111580622,-0.008729338645935059,-0.0800048690289259,0.7127552628517151,0.2505324042978741,0.04100822267078218,0.001
243.0,0.08833093479985282,0.01027615022446428,0.7805478345780146,-0.008730912581086159,-0.08000505343079567,0.7127414494752884,0.25053246815999347,0.04100826010107994,0.001
244.0,0.08832898700521105,0.010273052290791557,0.7805593354361398,-0.00873557012528181,-0.08001036522909999,0.7127479165792465,0.2505294552871159,0.0410032311365718,0.001
245.0,0.0883312892346155,0.010274714302448999,0.7805657443546113,-0.008730304427444935,-0.08000557660125196,0.7127527147531509,0.2505294808319637,0.041003141374815075,0.001
246.0,0.08832761680796034,0.010273163517316183,0.780544516586122,-0.00873158872127533,-0.08000487997196615,0.7127328515052795,0.25052852573848905,0.04100527685312998,0.001
247.0,0.08832571052369617,0.010269875061653909,0.7805583477020264,-0.008738724514842033,-0.08001408167183399,0.7127535939216614,0.25052505802540553,0.041004342160054615,0.001
248.0,0.08832644316412154,0.010268587441671462,0.7805785111018589,-0.008742558769881725,-0.0800217988435179,0.7127924114465714,0.25051601373014,0.040995789070924125,0.001
249.0,0.08832322096540815,0.010267836706978934,0.7805538291022891,-0.008741997182369232,-0.08001991151832044,0.71277916431427,0.2505151828130086,0.040999310002440496,0.001
250.0,0.0883205227908634,0.010267543207321848,0.780529777208964,-0.008743847720324993,-0.08001737063750625,0.7127352058887482,0.2505126964478266,0.04100132112701734,0.001
251.0,0.08831973161016192,0.010266893232862154,0.7805283750806536,-0.008746524341404438,-0.08001790312118828,0.7127137631177902,0.25051333506902057,0.04100326235805239,0.001
252.0,0.08831938178766341,0.010263521312957718,0.7805585804439726,-0.00874845590442419,-0.08002240350469947,0.7127394676208496,0.25051231327511014,0.041000246292068845,0.001
253.0,0.08832193662722905,0.010265812366491272,0.7805612115632921,-0.008739698678255081,-0.08001595572568476,0.7127625942230225,0.25051012138525647,0.04099782733690171,0.001
254.0,0.08831663553913434,0.010263193753503617,0.780534395149776,-0.008744774386286736,-0.08002001629211009,0.7127523422241211,0.2505080848932266,0.04099928090969721,0.001
255.0,0.08831326840888887,0.010260190992128281,0.7805307706197103,-0.008758248761296272,-0.0800317416433245,0.7127348929643631,0.25049939822582973,0.04099100899128687,0.001
256.0,0.08831248556574185,0.010259611354697318,0.7805286958104088,-0.008760688826441765,-0.08003213652409613,0.7127145081758499,0.2504990164722715,0.04099576813834054,0.001
257.0,0.08831590538223584,0.010262779448003996,0.7805312474568685,-0.008755619637668133,-0.08002670924179256,0.7127108722925186,0.2505007776476088,0.040997096115634554,0.001
258.0,0.08831769015107836,0.01026062782676447,0.7805705950373695,-0.008747078478336334,-0.08002295577898622,0.7127587646245956,0.2505046682698386,0.04099665333827337,0.001
259.0,0.08831197697491873,0.010258018083515622,0.7805395694006056,-0.008748126216232777,-0.08002560306340456,0.7127747982740402,0.25049959619839984,0.04099395569591295,0.001
260.0,0.08830809096495311,0.010255714434952963,0.7805237514632088,-0.008754263631999493,-0.08003046666271985,0.7127619981765747,0.25049508966150735,0.040992503897065206,0.001
261.0,0.08830642238968894,0.010254512141857828,0.7805190937859672,-0.008759748190641403,-0.08003346109762788,0.7127370685338974,0.250491310443197,0.040993700602224896,0.001
262.0,0.08830413985110465,0.01025210019378435,0.7805203795433044,-0.008769120089709759,-0.08004175941459835,0.7127264142036438,0.2504841536283493,0.040996075208698,0.001
263.0,0.08830699218170983,0.01025399716482276,0.7805299389929998,-0.008765612728893757,-0.08003929583355784,0.7127368301153183,0.2504847851537523,0.040988068672872725,0.001
264.0,0.08830399438738823,0.01025154601250376,0.7805244525273641,-0.008764437399804592,-0.08003796427510679,0.7127352654933929,0.25048457653749556,0.04099101253918239,0.001
265.0,0.08830197563483602,0.010249844796600797,0.7805212792896089,-0.008768564090132713,-0.08004056313075125,0.7127199321985245,0.25048137988362995,0.040992134383746555,0.001
266.0,0.08830116369894572,0.010249510496145203,0.7805165165946597,-0.008772555738687515,-0.08004379435442388,0.7127123475074768,0.25047696772075834,0.04099189951306298,0.001
267.0,0.08830179149905841,0.010248917731500808,0.7805287156786237,-0.008768817409873009,-0.08004276780411601,0.712739497423172,0.2504754697992688,0.04099006347713016,0.001
268.0,0.08830017915793828,0.0102499346470549,0.780502438545227,-0.008768399246037006,-0.08004042180255055,0.712720200419426,0.25047647882075535,0.04098442977383023,0.001
269.0,0.08829348144077119,0.010245754960037413,0.7804772882234483,-0.008767696097493172,-0.08003899827599525,0.7127130031585693,0.25048075474443887,0.04098508702147575,0.001
270.0,0.08829175538959957,0.010242883027309463,0.7804886925788153,-0.008771662600338459,-0.08004692709073424,0.712752640247345,0.2504708816607793,0.040990209118241354,0.001
271.0,0.08828910280551229,0.010241277959375154,0.7804782390594482,-0.008776083588600159,-0.08005381608381867,0.7127773463726044,0.2504665716772988,0.04099547224385398,0.001
272.0,0.08828999989089512,0.010241355214800154,0.7804864332789466,-0.008773434907197952,-0.08005436905659735,0.7128093093633652,0.25046231704098837,0.04098852812534287,0.001
273.0,0.08828633189910934,0.010239644951763608,0.7804668290274483,-0.008775735273957253,-0.0800560973584652,0.7128035724163055,0.250459155866078,0.040991730988025665,0.001
274.0,0.08828492480374518,0.010239136449637868,0.7804578854924157,-0.008780904114246368,-0.08005792857147753,0.7127702534198761,0.25045550082411083,0.04099270027308237,0.001
275.0,0.08828358990805489,0.010240531748249418,0.7804305525053115,-0.008781502954661846,-0.08005312364548445,0.7127162367105484,0.2504554468960989,0.04099058998482568,0.001
276.0,0.08828303625895864,0.010238380747891608,0.7804465123585292,-0.00878467969596386,-0.08005640446208417,0.7127172499895096,0.25045591237999143,0.04099033932600703,0.001
277.0,0.08828419801734742,0.010237170738123712,0.7804702690669468,-0.00878214742988348,-0.08005689200945199,0.7127474099397659,0.25045420939014074,0.04098327901391756,0.001
278.0,0.08828158712103254,0.010235841519066266,0.7804574483916873,-0.008784707635641098,-0.08005918213166296,0.7127447128295898,0.25044946727298556,0.04098635911941528,0.001
279.0,0.08827931806445122,0.01023549320442336,0.780438224474589,-0.008787515573203564,-0.080059650586918,0.7127213329076767,0.25044892799286617,0.04098711056368692,0.001
280.0,0.08827974647283554,0.010233328367273012,0.7804641666866484,-0.008788625709712505,-0.08006418030709028,0.7127555757761002,0.2504487598226184,0.0409853696113541,0.001
281.0,0.08828175280775342,0.010233132257348015,0.7804861948603675,-0.008781014010310173,-0.08006088831461966,0.7127987593412399,0.2504460463921229,0.04098133955683027,0.001
282.0,0.08828069890538852,0.010233910754323006,0.7804678621746245,-0.008780614472925663,-0.0800597018096596,0.712790846824646,0.250445340360914,0.0409821303827422,0.001
283.0,0.08827305975414458,0.01022920518049172,0.7804385508809771,-0.008793945424258709,-0.08007111237384379,0.7127716988325119,0.2504358972821917,0.04098286958677428,0.001
284.0,0.08827370476155054,0.01023024914874917,0.7804345233099801,-0.008796718902885914,-0.08007148955948651,0.712747648358345,0.25043571562994094,0.04098515212535858,0.001
285.0,0.08827271614046324,0.010228971551571573,0.7804374269076756,-0.008799118921160698,-0.08007295103743672,0.7127382904291153,0.250435804327329,0.04097708066304525,0.001
286.0,0.08827430098539307,0.010229648312642461,0.7804465293884277,-0.00879394356161356,-0.0800689805764705,0.7127503156661987,0.2504357780729021,0.040977670678070614,0.001
287.0,0.08827160334303266,0.01022787108307793,0.7804373133750189,-0.008793963119387627,-0.08006819430738688,0.7127422988414764,0.2504347250575111,0.040981829521201905,0.001
288.0,0.08827125032742818,0.010228785198359262,0.780424626100631,-0.008794127032160759,-0.08006628369912505,0.7127215266227722,0.25043382602078573,0.04098132234953698,0.001
289.0,0.08827065339400655,0.0102275786477895,0.7804307114510309,-0.008792676962912083,-0.08006581896916032,0.7127314060926437,0.2504322159857977,0.04097887217288926,0.001
290.0,0.08826934244661104,0.01022660510525817,0.7804273593993414,-0.008794055320322514,-0.08006738009862602,0.7127332985401154,0.25043141487098874,0.040980073845102674,0.001
291.0,0.0882661331977163,0.010223430182252611,0.7804270159630549,-0.008803133852779865,-0.08007643860764802,0.7127329856157303,0.2504255700679052,0.0409789067648706,0.001
292.0,0.08826713867130734,0.010222868461694037,0.7804426891463143,-0.008804064244031906,-0.08008003234863281,0.7127596288919449,0.25042441203480675,0.04097320352281843,0.001
293.0,0.08826852004442896,0.010222613279308592,0.7804590662320455,-0.00879645999521017,-0.08007695386186242,0.7128049731254578,0.25042148644015905,0.04097484460189229,0.001
294.0,0.08826668099278495,0.010223548948055222,0.7804313018208459,-0.008793577551841736,-0.08007304556667805,0.7127946466207504,0.2504221300284068,0.04097620734856242,0.001
295.0,0.08826313221028873,0.010222286429433595,0.7804084590503148,-0.008797511458396912,-0.08007297851145267,0.7127546966075897,0.2504221853755769,0.04097566239181019,0.001
296.0,0.08826008421324548,0.01021924526208923,0.780408385254088,-0.008808224461972713,-0.08008135389536619,0.7127312272787094,0.2504150704258964,0.04097455225530125,0.001
297.0,0.08826137014797755,0.01022009462827728,0.7804127647763207,-0.008810614235699177,-0.08008200628682971,0.7127139270305634,0.2504154152813412,0.04097264880935351,0.001
298.0,0.08826078776092756,0.010219917144803773,0.7804086832773118,-0.008810197003185749,-0.08008018811233342,0.7126999199390411,0.25041467802865164,0.04097260410586993,0.001
299.0,0.08826087486176264,0.010219463989848182,0.7804140987850371,-0.008807527832686901,-0.08007901278324425,0.712714821100235,0.2504124137617293,0.04097209640202068,0.001
300.0,0.08825980517126265,0.010218865992057891,0.7804094070479983,-0.008808428421616554,-0.08008034410886467,0.7127191871404648,0.25041279054823373,0.04097431561066991,0.001
301.0,0.08825499706325077,0.010214118020875114,0.7804087882950193,-0.008822388015687466,-0.08009410765953362,0.7127172350883484,0.25040292952741894,0.040973187379893805,0.001
302.0,0.08825541003828957,0.010214304462784813,0.7804110192117237,-0.008824668824672699,-0.08009712188504636,0.7127244919538498,0.2504006709371294,0.04096828720399311,0.001
303.0,0.08825958520174026,0.010216965561821348,0.7804262127195086,-0.00881326012313366,-0.08008974441327155,0.7127648293972015,0.2504017424015772,0.0409672333016282,0.001
304.0,0.08825512212656793,0.010214259049722127,0.7804086350259327,-0.008810947649180889,-0.08008801168762147,0.7127705663442612,0.25040212983176824,0.04097039766964458,0.001
305.0,0.08825266095144409,0.01021266489156655,0.7803999355861119,-0.008813794702291489,-0.0800888950470835,0.7127509713172913,0.2503998414391563,0.04097069249976249,0.001
306.0,0.08825268277100154,0.010214118375664666,0.7803856219564166,-0.008815009146928787,-0.08008662960492074,0.7127162516117096,0.25040033601579215,0.04096955433487892,0.001
307.0,0.08825103299958366,0.010212465765930358,0.7803856645311628,-0.00881818775087595,-0.08008770504966378,0.7126951813697815,0.2504003991683324,0.04096534245070957,0.001
308.0,0.08825032661358516,0.01021058289777665,0.7803974094845,-0.008821003139019012,-0.08009147830307484,0.7127047032117844,0.2503976445822489,0.040968112115349085,0.001
309.0,0.08825589077813285,0.01021216454960051,0.7804372168722606,-0.008815445937216282,-0.08009036676958203,0.7127492278814316,0.250398168251628,0.040967737280187155,0.001
310.0,0.08824954962446577,0.010209072913442339,0.780404732340858,-0.008818715810775757,-0.08009378612041473,0.7127506583929062,0.2503934133620489,0.04096656576508567,0.001
311.0,0.08824678049201057,0.01021034341482889,0.7803643459365481,-0.008821604773402214,-0.08009191090241075,0.7127030789852142,0.25039021316028776,0.040965987458115534,0.001
312.0,0.0882446879432315,0.010207292047284898,0.7803739280927748,-0.008828682824969292,-0.08009889000095427,0.7127020359039307,0.2503885080416997,0.04096669348932448,0.001
313.0,0.08824926898592994,0.010209261661484129,0.7804000633103507,-0.008823179639875889,-0.08009638893418014,0.7127320766448975,0.25038957099119824,0.04096098102274395,0.001
314.0,0.08824646295536132,0.010207379591606912,0.7803908245904105,-0.00882183387875557,-0.08009501313790679,0.7127317190170288,0.25038949790455045,0.040961880946443194,0.001
315.0,0.08824253064535913,0.010205067250700224,0.7803746064503988,-0.008830342441797256,-0.08010212006047368,0.7127177715301514,0.25038165350755054,0.04096568340346927,0.001
316.0,0.08824672053257625,0.010208494783866973,0.7803822528748285,-0.008825726807117462,-0.08009887486696243,0.7127314656972885,0.25038284560044605,0.04096500930332002,0.001
317.0,0.08824413411674045,0.0102059803016129,0.7803814922060285,-0.008822821080684662,-0.08009678707458079,0.7127396315336227,0.2503880489440191,0.04096329691154616,0.001
318.0,0.08824209868907928,0.01020402399202188,0.780380734375545,-0.008826244622468948,-0.08009941061027348,0.7127316743135452,0.2503840235017595,0.04096177699310439,0.001
319.0,0.08824058905953452,0.010203822028069269,0.7803676355452764,-0.00883004441857338,-0.08010174171067774,0.7127169817686081,0.25038025705587297,0.040960753425246195,0.001
320.0,0.08824055499973751,0.010202779656364805,0.7803777427900405,-0.008833462372422218,-0.08010683953762054,0.7127337008714676,0.2503764835141954,0.040959629451944715,0.001
321.0,0.08823586397227787,0.010198421864992096,0.7803744162831988,-0.008846443146467209,-0.08012020168825984,0.7127376049757004,0.2503641609634672,0.040961397190888725,0.001
322.0,0.08823959511660394,0.010202832963495027,0.7803676440602257,-0.00884262565523386,-0.08011412573978305,0.7127149999141693,0.2503670241151537,0.04096283142765363,0.001
323.0,0.08823781442784127,0.010202956962443534,0.7803485507056827,-0.008839081972837448,-0.08010712498798966,0.7126803994178772,0.25037409649008796,0.04096107876726559,0.001
324.0,0.0882359728926704,0.010198039667946952,0.7803793208939689,-0.008842705748975277,-0.0801150903571397,0.7127238363027573,0.2503718996331805,0.040958450841052194,0.001
325.0,0.08823889174631663,0.010198085524496577,0.7804080560093835,-0.00883509125560522,-0.08011386054567993,0.7127876430749893,0.25036690419628505,0.04095807352236339,0.001
326.0,0.08823473361276445,0.010197172739676066,0.7803756225676763,-0.008835887536406517,-0.0801137681119144,0.7127788215875626,0.2503636564527239,0.04095616581894103,0.001
327.0,0.08823215234137717,0.010198478631320455,0.7803367177645365,-0.008838498964905739,-0.08011025539599359,0.7127175778150558,0.25036188392412095,0.040958483304296224,0.001
328.0,0.0882302854387533,0.010196568089581672,0.780337169056847,-0.008844283409416676,-0.08011317416094244,0.7126889377832413,0.2503609898544493,0.040959469441856654,0.001
329.0,0.08823329653768312,0.01019782590724173,0.7803546814691453,-0.008841322734951973,-0.08010957902297378,0.7126826047897339,0.25036318103472394,0.04095846574221339,0.001
330.0,0.08823152205773763,0.010196280177860033,0.7803523937861124,-0.008843082003295422,-0.08011119207367301,0.7126810550689697,0.25036336197739556,0.040958101728132794,0.001
331.0,0.08822905378682273,0.010191099540818305,0.7803795224144345,-0.008851530961692333,-0.08012417308054864,0.7127263695001602,0.2503558908190046,0.04095656176408132,0.001
332.0,0.08823306166699954,0.01019465018595968,0.7803840637207031,-0.008841011673212051,-0.08011731063015759,0.7127629816532135,0.25035341509750914,0.0409538151607627,0.001
333.0,0.08822812689911752,0.010192846701968284,0.7803527854737782,-0.008841128088533878,-0.08011697721667588,0.7127585411071777,0.25035258134206134,0.04095418041660672,0.001
334.0,0.0882284524185317,0.010193505900956336,0.7803494249071393,-0.008841084316372871,-0.08011448150500655,0.7127339690923691,0.25035489740825834,0.04095455596134776,0.001
335.0,0.08822694030546006,0.010194041189693269,0.7803289691607157,-0.008841516450047493,-0.08011038997210562,0.7126887440681458,0.2503554565565927,0.04095481602208955,0.001
336.0,0.08822448924183846,0.01019153699633621,0.7803294828959874,-0.008850264362990856,-0.08011769852600992,0.7126743346452713,0.25035313481376287,0.04095480910369328,0.001
337.0,0.08822527669724964,0.010190675478605997,0.7803460047358558,-0.008861066773533821,-0.08012967254035175,0.7126860320568085,0.25034506973766146,0.040954229554959705,0.001
338.0,0.08822581668694814,0.010188872083311989,0.7803694407145182,-0.008857370354235172,-0.08013066183775663,0.7127328813076019,0.2503506484485808,0.04095267841503734,0.001
339.0,0.08822735186134066,0.010188537339369455,0.780388111159915,-0.008848235011100769,-0.08012790838256478,0.7127967476844788,0.2503458226010913,0.04094959369727543,0.001
340.0,0.0882250281671683,0.010187126075228056,0.7803790115174793,-0.008848200552165508,-0.08012805576436222,0.7127985507249832,0.25034259046827045,0.04095206161340078,0.001
341.0,0.08822070736260641,0.010188530687065352,0.7803217626753307,-0.008850584737956524,-0.08012494328431785,0.7127435654401779,0.2503405894551958,0.04095302327048211,0.001
342.0,0.08821833843276614,0.010186633449934777,0.7803170283635458,-0.00885758362710476,-0.08012908208183944,0.7127149403095245,0.2503393264043899,0.04095279194769405,0.001
343.0,0.08821908420040495,0.010185745589080312,0.7803333458446321,-0.008858982473611832,-0.08012950420379639,0.7127052247524261,0.2503374772412436,0.040948771649882906,0.001
344.0,0.08822017801659447,0.010187533817120962,0.7803264061609904,-0.008856660686433315,-0.08012622105889022,0.7126955538988113,0.2503393498205003,0.04095235200864928,0.001
345.0,0.08821885003930047,0.01018407124848593,0.7803477616537184,-0.00885730516165495,-0.0801292231772095,0.7127192318439484,0.2503398202714466,0.0409522471683366,0.001
346.0,0.08821969266448702,0.010184770272601219,0.7803492148717245,-0.008852703496813774,-0.08012646622955799,0.7127376198768616,0.2503356124673571,0.04094973933838662,0.001
347.0,0.08821669114487511,0.010183709097050485,0.7803297922724769,-0.008855990134179592,-0.08012940431945026,0.7127341628074646,0.2503345949309213,0.04094971698664483,0.001
348.0,0.08821453774968784,0.010181242954872903,0.7803329229354858,-0.008863016031682491,-0.08013478596694767,0.7127176523208618,0.25032916239329744,0.0409497625771023,0.001
349.0,0.08821472844907216,0.010184053242916153,0.7803067451431638,-0.008864046074450016,-0.0801317160949111,0.7126767039299011,0.2503287997983751,0.04094874823377246,0.001
350.0,0.08821339231161844,0.010179643386176654,0.7803375039781842,-0.008867759257555008,-0.08013952011242509,0.712717592716217,0.2503288487593333,0.040947482522044866,0.001
351.0,0.08821867406368256,0.010181424074939318,0.7803724606831869,-0.008855445310473442,-0.08013420761562884,0.7127875834703445,0.2503275800318945,0.04094608536078816,0.001
352.0,0.08821394578331992,0.010179812886885234,0.7803413300287156,-0.008854142390191555,-0.0801327065564692,0.7127856314182281,0.2503261339096796,0.04094615720567249,0.001
353.0,0.08821058024962743,0.010180333185763587,0.780302433740525,-0.008860135450959206,-0.0801330697722733,0.7127293646335602,0.2503236596073423,0.04094389205177625,0.001
354.0,0.08820954745724088,0.010179121934232257,0.7803042389097667,-0.008869302459061146,-0.08013987843878567,0.7127057611942291,0.2503213563135692,0.04094598211702846,0.001
355.0,0.088210281871614,0.01017803352858339,0.780322463739486,-0.008868847042322159,-0.08013913198374212,0.7127028703689575,0.25032202899456024,0.040946303201573234,0.001
356.0,0.08820907913503193,0.010177507464374815,0.7803156659716651,-0.008869931101799011,-0.08013937110081315,0.7126944065093994,0.2503195185036886,0.04094723683027994,0.001
357.0,0.08820888985480581,0.010176138331492742,0.7803274847212291,-0.008871492929756641,-0.08014242048375309,0.7127093076705933,0.2503193545909155,0.04094681551768666,0.001
358.0,0.08820975784744535,0.01017675016607557,0.7803300420443217,-0.008866511285305023,-0.08013882162049413,0.7127230912446976,0.25031765018190655,0.04094467986197699,0.001
359.0,0.08820708149245807,0.010175674887640136,0.7803140509696234,-0.008869092911481857,-0.0801406076643616,0.7127151042222977,0.2503166404508409,0.04094453723657699,0.001
360.0,0.08820436469146184,0.010173832376797995,0.7803052890868414,-0.008876586332917213,-0.0801464319229126,0.7126984596252441,0.2503107133365813,0.040944519851888926,0.001
361.0,0.08820547163486481,0.010173408669375238,0.7803206103188651,-0.00887730997055769,-0.080148448003456,0.7127113491296768,0.2503119714203335,0.04094562111865906,0.001
362.0,0.08820647391534987,0.010173939523242768,0.7803253332773844,-0.008871691301465034,-0.08014433505013585,0.7127263844013214,0.2503107949381783,0.04094318495619865,0.001
363.0,0.0882029998160544,0.010172096657611075,0.7803090243112474,-0.00887370202690363,-0.08014572155661881,0.7127201855182648,0.25030840933322906,0.040942737743968054,0.001
364.0,0.08820328329290662,0.010173832908982322,0.7802945148377192,-0.008873402141034603,-0.0801436307374388,0.7127022743225098,0.2503102521101634,0.04094283424672626,0.001
365.0,0.08820182705918948,0.010170479881621543,0.7803134605998084,-0.00887574627995491,-0.08014749735593796,0.7127175331115723,0.2503106402499335,0.04094185768848374,0.001
366.0,0.08820273957791783,0.010171080451636087,0.7803165855861846,-0.008873972110450268,-0.08014711481519043,0.7127314358949661,0.2503062926587604,0.04093991610265914,0.001
367.0,0.0881988736135619,0.010168914904906637,0.7802996011007399,-0.008882085792720318,-0.08015419775620103,0.7127210944890976,0.2503004428886232,0.040939428621814364,0.001
368.0,0.08819802495695296,0.010169060812109993,0.7802896300951639,-0.008884348906576633,-0.08015445014461875,0.7127010077238083,0.2503001931167784,0.04094157758213225,0.001
369.0,0.08819845602625892,0.010167562890620459,0.7803088965870085,-0.008885315619409084,-0.08015685505233705,0.7127153724431992,0.2503002207903635,0.04094216812934194,0.001
370.0,0.08819948952822458,0.010168292160545076,0.7803119534537906,-0.008879865519702435,-0.08015272999182343,0.7127286642789841,0.2502982999597277,0.040940270714816596,0.001
371.0,0.08819762368996938,0.010168046113990602,0.7802957523436773,-0.00887949950993061,-0.08015149272978306,0.7127198725938797,0.25029898896103814,0.04094033351256734,0.001
372.0,0.08819574720802761,0.010166941654114496,0.7802880349613371,-0.008882632479071617,-0.08015309157781303,0.7127046138048172,0.2502983013788859,0.04094013979747182,0.001
373.0,0.08819350688940003,0.010162893061836561,0.7803061292285011,-0.008892025798559189,-0.08016402623616159,0.7127200067043304,0.2502910111631666,0.04094128151025091,0.001
374.0,0.08819743210361117,0.010166826968391737,0.7803060327257428,-0.00888493750244379,-0.08015790651552379,0.7127297073602676,0.25029189104125615,0.04093979139413152,0.001
375.0,0.08819367825275376,0.01016419017243953,0.78029484692074,-0.008885763585567474,-0.08015882759355009,0.7127306163311005,0.25029265383879346,0.04093901422761735,0.001
376.0,0.08819286064023063,0.010162967212852977,0.7802989255814325,-0.0088881216943264,-0.08016039920039475,0.7127227634191513,0.2502902199824651,0.040938536858274824,0.001
377.0,0.08819252075183959,0.01016407362407162,0.7802844700359163,-0.008888551034033298,-0.08015869162045419,0.7127013653516769,0.2502887000640233,0.04093747036088081,0.001
378.0,0.08819475663559777,0.010163691781816028,0.7803106080918085,-0.008886619471013546,-0.08015909721143544,0.7127248048782349,0.2502889604795547,0.0409365642283644,0.001
379.0,0.08819164477643512,0.010161483128155981,0.7803015879222325,-0.008886811323463917,-0.08016116288490593,0.712743490934372,0.2502874831358592,0.04093618886101814,0.001
380.0,0.08818920950094859,0.0101594262357269,0.7802978186380296,-0.008893578313291073,-0.08016750332899392,0.7127392590045929,0.2502807002691996,0.04093950099888302,0.001
381.0,0.08818920311473664,0.01016135664568061,0.7802784386135283,-0.008893737569451332,-0.0801650455687195,0.7127130478620529,0.2502811685914085,0.040938793371121086,0.001
382.0,0.0881887555477165,0.010159861917297045,0.7802889375459581,-0.008893346413969994,-0.08016603230498731,0.712726816534996,0.2502803341263816,0.04093673984919276,0.001
383.0,0.08818871279557546,0.010159390756771677,0.7802932120504833,-0.00889211893081665,-0.08016601041890681,0.7127388715744019,0.2502806548561369,0.04093573348862784,0.001
384.0,0.08818761028704189,0.01015812007799035,0.7802948724655878,-0.008892133831977844,-0.08016537502408028,0.7127324193716049,0.2502798665137518,0.04093521265756516,0.001
385.0,0.08818932729107994,0.010162388994580223,0.7802693673542568,-0.008891117759048939,-0.08016147301532328,0.71270352602005,0.25028142474946524,0.040934335795186814,0.001
386.0,0.08818712617669787,0.010156424982207162,0.78030697788511,-0.008895556442439556,-0.08017129520885646,0.7127573937177658,0.25028677994296666,0.04093043328750701,0.001
387.0,0.0881891009353456,0.010154891936551957,0.7803420736676171,-0.008892834186553955,-0.08017638348974288,0.712835431098938,0.2502751208487011,0.04092914291790554,0.001
388.0,0.08818466109888894,0.010154627973125094,0.7803003135181609,-0.00889428798109293,-0.08017661329358816,0.7128232270479202,0.25027082434722353,0.04093277454376221,0.001
389.0,0.08818213819038301,0.010156051743598212,0.7802608353751046,-0.008898050524294376,-0.08017376158386469,0.7127570807933807,0.25026893331891015,0.040935397680316656,0.001
390.0,0.08818057782593228,0.010154060132446744,0.780265158131009,-0.008904676884412766,-0.08017759025096893,0.7127291262149811,0.250268008737337,0.04093591904356366,0.001
391.0,0.08818178872267406,0.010153244559963545,0.7802854293868655,-0.008905426599085331,-0.08017781795933843,0.712723895907402,0.2502663298731759,0.04093474469014576,0.001
392.0,0.08818263454096657,0.010154917215307554,0.7802771670477731,-0.008902255445718765,-0.08017309964634478,0.712708443403244,0.25026751557985943,0.040933688304253986,0.001
393.0,0.08818054323395093,0.010152724083690416,0.780278171811785,-0.008903547190129757,-0.08017349895089865,0.7126994580030441,0.25026760356766836,0.04093420558742115,0.001
394.0,0.08817924949384871,0.010151917203551247,0.780273281392597,-0.008907569572329521,-0.08017697930335999,0.7126940786838531,0.25026513707070125,0.040933222465571906,0.001
395.0,0.08817969883481662,0.010150087819922538,0.7802960901033311,-0.008912277407944202,-0.08018444990739226,0.7127217054367065,0.2502619517701013,0.040932541979210715,0.001
396.0,0.08818094751664571,0.010151272196145285,0.7802967060179937,-0.008904850110411644,-0.08017916604876518,0.7127431184053421,0.2502613159872237,0.04093011628304209,0.001
397.0,0.08817698363037337,0.010149323958016578,0.7802765738396418,-0.008906958624720573,-0.08018045825883746,0.7127349376678467,0.25025910919620875,0.04093038982578686,0.001
398.0,0.08817580697082338,0.010149175389891579,0.7802663388706389,-0.008909172378480434,-0.08018037537112832,0.7127120047807693,0.2502573494400297,0.0409309042706376,0.001
399.0,0.08817764389373008,0.010150542660128502,0.7802709908712477,-0.008907643146812916,-0.08017780748195946,0.7127015888690948,0.25026012318474905,0.04093100219255402,0.001
400.0,0.08817623573399726,0.010149224350849787,0.7802700854483104,-0.008907441981136799,-0.08017701259814203,0.7126957178115845,0.2502611336253938,0.040930820540303274,0.001
401.0,0.08817455208017713,0.010145934298634529,0.7802861418042865,-0.00891287624835968,-0.08018470159731805,0.7127182483673096,0.25025802779765355,0.04092990997291747,0.001
402.0,0.08817436421910922,0.010145693573923338,0.7802866895993551,-0.008915014564990997,-0.08018840756267309,0.7127339243888855,0.2502492680436089,0.040928612862314494,0.001
403.0,0.08817323031170028,0.010146391799762136,0.7802683597519284,-0.008914940059185028,-0.08018727484159172,0.7127233892679214,0.2502505012920925,0.040929531412465234,0.001
404.0,0.08817206748894282,0.010145811718844232,0.7802625639098031,-0.00891511607915163,-0.08018567366525531,0.7127055376768112,0.25025081421647755,0.04092916739838464,0.001
405.0,0.08817082004887718,0.010144073782222611,0.7802674458140418,-0.008918086998164654,-0.0801883025560528,0.712702214717865,0.2502489678916477,0.04092852948676972,0.001
406.0,0.08817524462938309,0.01014485050524984,0.7803039068267459,-0.00891515240073204,-0.08018804527819157,0.7127289474010468,0.250250932716188,0.040927657059260776,0.001
407.0,0.08817304014450028,0.010143424960828963,0.7802961184864953,-0.008909927681088448,-0.08018698520027101,0.7127705663442612,0.25025030473868054,0.040925822265091394,0.001
408.0,0.08817009840692792,0.01014220794396741,0.7802788700376239,-0.008910927921533585,-0.08018755563534796,0.7127662897109985,0.2502467128492537,0.04092625244742348,0.001
409.0,0.08816783857487497,0.010143270183886801,0.7802456872803825,-0.008915156126022339,-0.08018715283833444,0.7127199769020081,0.25024388872441794,0.04092698562003318,0.001
410.0,0.08816700393245333,0.010140272833052136,0.7802673294430688,-0.008925048634409904,-0.08019893569871783,0.7127389013767242,0.2502413179193224,0.040928988407055535,0.001
411.0,0.08817018497557867,0.010140455993158477,0.7802972765195937,-0.008917644619941711,-0.08019552216865122,0.7127787470817566,0.25024057499,0.040926373253266014,0.001
412.0,0.08816672010081154,0.010140148124524526,0.780265694572812,-0.008917491883039474,-0.08019406325183809,0.7127657383680344,0.2502377778291702,0.04092582847390856,0.001
413.0,0.08816468236701828,0.010138885517205511,0.7802579459689912,-0.008921447210013866,-0.08019580156542361,0.7127435505390167,0.2502367255233583,0.04092667092170034,0.001
414.0,0.08816583099819365,0.010140226355620794,0.7802560442969912,-0.008920667693018913,-0.08019290282391012,0.7127223610877991,0.2502383093039195,0.04092632163138617,0.001
415.0,0.08816445193120412,0.010138263837212608,0.7802618514923823,-0.008922450244426727,-0.08019396290183067,0.7127151340246201,0.2502379580622628,0.04092536937622797,0.001
416.0,0.08816335616367203,0.010137736886030152,0.7802561947277614,-0.008925109170377254,-0.08019609609618783,0.7127098441123962,0.25023528862567174,0.040924549457572755,0.001
417.0,0.08816519734405336,0.010137340497402917,0.7802785379546029,-0.008924276567995548,-0.0801979552488774,0.7127367556095123,0.2502367737747374,0.04092431760260037,0.001
418.0,0.08816572154561679,0.010137604993014108,0.7802811775888715,-0.008919100277125835,-0.08019513520412147,0.7127603590488434,0.2502353248142061,0.04092227206343696,0.001
419.0,0.08816004030051686,0.01013373202156453,0.7802630577768598,-0.008928701281547546,-0.08020484447479248,0.7127614170312881,0.250227248384839,0.04092314768405188,0.001
420.0,0.0881603757540385,0.010134054170477958,0.7802631940160479,-0.008930807933211327,-0.08020517067052424,0.7127436101436615,0.25022578665188383,0.04092424593511082,0.001
421.0,0.08816098741122655,0.01013690676717531,0.7802408053761437,-0.008928483352065086,-0.08019858552142978,0.7127010673284531,0.25022761807555244,0.04092377353282202,0.001
422.0,0.08815854876523926,0.010134059314926466,0.7802448840368361,-0.00893251784145832,-0.08020189171656966,0.7126937210559845,0.2502279934428987,0.04092313970128695,0.001
423.0,0.08815905682387806,0.01013273045065857,0.7802632365907941,-0.00893336720764637,-0.08020389499142766,0.7127052694559097,0.25022550069150473,0.04092239056314741,0.001
424.0,0.08816033850113551,0.010133654056560425,0.7802668327376956,-0.008930698037147522,-0.0802029415499419,0.7127224504947662,0.2502268332810629,0.04092344641685486,0.001
425.0,0.08815973234318551,0.010132000293760072,0.7802773316701254,-0.008927148766815662,-0.0802028167527169,0.7127566337585449,0.25022615989049274,0.040922146113145916,0.001
426.0,0.08815752218166988,0.010130794984953744,0.7802672528085255,-0.008928476832807064,-0.08020379696972668,0.7127532064914703,0.2502227659736361,0.04092198308734667,0.001
427.0,0.08815910028559822,0.010135502155338014,0.7802359433401198,-0.008927932940423489,-0.08019887236878276,0.7127093821763992,0.2502241744881585,0.0409219962145601,0.001
428.0,0.08815466860930125,0.010130534924211957,0.7802413077581496,-0.00893652718514204,-0.08020680630579591,0.7127027660608292,0.2502249422527495,0.04092181651365189,0.001
429.0,0.0881548279098102,0.010128878766582125,0.7802594843364897,-0.008940252475440502,-0.08021229272708297,0.7127204090356827,0.2502210722083137,0.04092050627583549,0.001
430.0,0.08815454815824826,0.010127727030998184,0.7802682093211583,-0.008941523730754852,-0.0802159495651722,0.7127442359924316,0.2502174774805705,0.04091983909408251,0.001
431.0,0.08815489354587737,0.010127369757919084,0.7802752256393433,-0.00893841776996851,-0.08021623059175909,0.7127781063318253,0.250213786250069,0.04091958506476311,0.001
432.0,0.08815271762155351,0.010126655211760885,0.7802606026331583,-0.008938764221966267,-0.08021551417186856,0.7127674669027328,0.25021121757371084,0.040920652803920564,0.001
433.0,0.08815108789574533,0.010128095213856016,0.7802298892112005,-0.008939962834119797,-0.08021167502738535,0.7127171009778976,0.25020950464975267,0.040920947811433246,0.001
434.0,0.08815071430234682,0.010127320264776548,0.7802339252971467,-0.008942849934101105,-0.08021317282691598,0.712703213095665,0.25021125234308694,0.040920929539771306,0.001
435.0,0.08815116630423636,0.010125687611954553,0.780254772731236,-0.008941815234720707,-0.08021285897120833,0.7127104550600052,0.250211381486484,0.04091947561218625,0.001
436.0,0.08814980479932967,0.010125182923816499,0.7802462293988183,-0.00894430372864008,-0.08021499705500901,0.712706983089447,0.25020860348428997,0.04091854766011238,0.001
437.0,0.0881483606284573,0.010122439070116906,0.7802591636067345,-0.008951039984822273,-0.08022365951910615,0.7127261906862259,0.2502042353153229,0.04091875184149969,0.001
438.0,0.08814990963964235,0.010123898763032187,0.7802600832212538,-0.008945166133344173,-0.08021921874023974,0.7127405256032944,0.2502031567550841,0.04091740328641165,0.001
439.0,0.08814669613327299,0.010121945823941911,0.7802474725814093,-0.008946921676397324,-0.08022120106033981,0.7127427756786346,0.2502014963399796,0.04091783346874373,0.001
440.0,0.08814840763807297,0.010123279211776597,0.7802512901169913,-0.008944468572735786,-0.0802177214063704,0.7127324938774109,0.25020385001386913,0.040918205642984026,0.001
441.0,0.08814674278809911,0.01012386851722286,0.7802287340164185,-0.008943297900259495,-0.08021290157921612,0.7126960158348083,0.2502045603025527,0.04091708681413105,0.001
442.0,0.08814423637730735,0.010121130606248266,0.7802310415676662,-0.0089490981772542,-0.08021823759190738,0.7126913666725159,0.25020259547801244,0.040916936205966134,0.001
443.0,0.088144403837976,0.010119407659485227,0.7802499192101615,-0.008951709605753422,-0.08022339292801917,0.7127168327569962,0.25020006157103036,0.040916692642938526,0.001
444.0,0.08814744456183343,0.010120068809815816,0.7802737582297552,-0.00894732866436243,-0.08022243692539632,0.7127510160207748,0.2502011614186423,0.040916433646565394,0.001
445.0,0.08814663759299687,0.010121635826570647,0.7802500071979704,-0.008941207081079483,-0.08021600265055895,0.7127479612827301,0.2501997323263259,0.04091564831989152,0.001
446.0,0.08814007292191188,0.010117224284580775,0.7802284615380424,-0.008953934535384178,-0.08022761694155633,0.7127367854118347,0.25019226542540957,0.04091691278985569,0.001
447.0,0.0881442010757469,0.01011994383519604,0.7802425509407407,-0.008952523581683636,-0.08022662554867566,0.7127409875392914,0.25019459710234687,0.040917351841926575,0.001
448.0,0.08814358587066333,0.010118359167660986,0.7802522494679406,-0.00894843228161335,-0.0802225701045245,0.7127413600683212,0.25020029431297663,0.04091612781797137,0.001
449.0,0.08814136612982977,0.010118770457449414,0.7802259240831647,-0.00895022228360176,-0.08022100711241364,0.7127078324556351,0.25019661656447817,0.04091462900950795,0.001
450.0,0.08813866014991488,0.010116206836842355,0.7802245446613857,-0.008957763202488422,-0.08022778225131333,0.7127001285552979,0.25019385630176183,0.04091509236466317,0.001
451.0,0.08813919588213875,0.010114685587939761,0.7802450713657197,-0.008960576727986336,-0.08023261441849172,0.7127203494310379,0.2501908263989857,0.040915293707734064,0.001
452.0,0.08813945204019547,0.010113217380075227,0.7802623141379583,-0.008960703387856483,-0.08023518044501543,0.7127447575330734,0.2501878958372843,0.04091509892826989,0.001
453.0,0.08813977135079247,0.010116036803949447,0.7802373227618989,-0.008955128490924835,-0.08022822998464108,0.7127310335636139,0.25018456010591417,0.04091389636908259,0.001
454.0,0.08813646861485072,0.010114393507440885,0.7802207526706514,-0.008958566933870316,-0.08023053035140038,0.712719589471817,0.2501849156050455,0.040914912308965413,0.001
455.0,0.08813645052058357,0.010112462654000237,0.780239877246675,-0.008959246799349785,-0.08023232570849359,0.7127307653427124,0.2501843273639679,0.04091455610025497,0.001
456.0,0.08813726866529101,0.010112623728456952,0.7802464337576003,-0.008958671241998672,-0.08023226354271173,0.7127358764410019,0.2501844628935769,0.040913826652935574,0.001
457.0,0.0881361835414455,0.010110301364745413,0.7802587861106509,-0.00896473228931427,-0.08023841702379286,0.7127368748188019,0.25017891114666346,0.04091329358163334,0.001
458.0,0.08813340074959256,0.010108229571155139,0.7802516931579226,-0.008967573754489422,-0.08024396072141826,0.7127638757228851,0.2501772989829381,0.040913090642009466,0.001
459.0,0.08813702563444774,0.010110915594157718,0.7802610737936837,-0.008958808146417141,-0.0802375867497176,0.7127877473831177,0.2501785010099411,0.04091203957796097,0.001
460.0,0.08813323204716046,0.010110188719062578,0.7802304057847886,-0.008957887068390846,-0.08023447752930224,0.7127659320831299,0.25017899416741873,0.04091176816395351,0.001
461.0,0.08813075756742841,0.01010790467262268,0.78022852681932,-0.008963244035840034,-0.08023860096000135,0.7127536088228226,0.2501769952830814,0.04091237662803559,0.001
462.0,0.0881313443893478,0.01010749169758388,0.7802385063398452,-0.008964908309280872,-0.08023899188265204,0.7127408087253571,0.2501747068904695,0.04091231187894231,0.001
463.0,0.08813249302052316,0.010111188427323387,0.7802129955518813,-0.008962995372712612,-0.08023322676308453,0.712702289223671,0.25017643471558887,0.04091181623793784,0.001
464.0,0.08812996745109558,0.010106922526444708,0.7802304341679528,-0.008967582136392593,-0.08023978024721146,0.7127219587564468,0.25017731601283666,0.04091120617730277,0.001
465.0,0.08813198496188436,0.010106218890065239,0.7802576337541852,-0.008963766507804394,-0.08024061936885118,0.7127685099840164,0.250173100403377,0.04090948580276398,0.001
466.0,0.08812909963585082,0.01010492816567421,0.780241710799081,-0.00896596908569336,-0.08024303195998073,0.7127705961465836,0.25016973203136805,0.0409102707746483,0.001
467.0,0.08812792758856501,0.010105753140080543,0.7802217460813976,-0.00897143129259348,-0.08024570974521339,0.7127427905797958,0.2501664360364278,0.04091152548789978,0.001
468.0,0.0881265259924389,0.010103941762021609,0.7802258332570394,-0.008974128402769566,-0.08024768624454737,0.712735578417778,0.250167652964592,0.04091138587821098,0.001
469.0,0.08812694145100457,0.010103283272612663,0.7802365819613138,-0.008974005468189716,-0.08024690393358469,0.7127289772033691,0.25016556893076214,0.04091038537167367,0.001
470.0,0.0881256599511419,0.01010478837859063,0.7802087267239889,-0.008974880911409855,-0.08024406735785306,0.7126918137073517,0.2501635629506338,0.04091099294878188,0.001
471.0,0.08812590067585309,0.010103480535603705,0.7802241955484662,-0.008977105841040611,-0.08024811022914946,0.712710052728653,0.2501663331474577,0.04091114196039382,0.001
472.0,0.08812773582481202,0.010102371640858195,0.780253617536454,-0.008970825001597404,-0.08024676237255335,0.7127593755722046,0.25016562214919497,0.0409086745764528,0.001
473.0,0.08812478912018594,0.010100933678802989,0.7802385545912243,-0.008971042931079865,-0.0802475605159998,0.7127651572227478,0.2501622743549801,0.04090853674071176,0.001
474.0,0.08812267013958522,0.010100998427896272,0.7802167052314395,-0.008973891846835613,-0.08024767297320068,0.7127377986907959,0.2501599199715115,0.040909419634512494,0.001
475.0,0.08812347799539566,0.010101392510391417,0.7802208576883588,-0.008974968455731869,-0.08024810324423015,0.7127313315868378,0.25016211895715623,0.04090996955831846,0.001
476.0,0.08812326157376879,0.010099994816950389,0.7802326622463408,-0.008974387310445309,-0.08024713350459933,0.7127274572849274,0.25016228216035025,0.04090873932554608,0.001
477.0,0.08812161322150912,0.010101106550012316,0.7802050851640248,-0.008976271376013756,-0.0802456452511251,0.7126937359571457,0.2501591954912458,0.04090775389756475,0.001
478.0,0.08811947579185168,0.010097478028564226,0.7802199778102693,-0.008984509855508804,-0.08025579317472875,0.7127127945423126,0.2501569560595921,0.04090805263036773,0.001
479.0,0.08812255731650762,0.010097833971182505,0.7802472199712481,-0.008982817642390728,-0.08025869843550026,0.7127588391304016,0.2501522586459205,0.040907084941864014,0.001
480.0,0.08811997515814644,0.010096712481407892,0.7802325912884304,-0.008981052786111832,-0.08025734988041222,0.7127629965543747,0.2501524296544847,0.04090709150547073,0.001
481.0,0.08811786699862707,0.010096536949276924,0.7802132793835231,-0.008982887491583824,-0.08025667606852949,0.7127378731966019,0.25015043431804296,0.04090740744556699,0.001
482.0,0.08811652997419947,0.01009488912920157,0.7802164043698993,-0.008986691012978554,-0.08025979599915445,0.7127310335636139,0.2501489669084549,0.040907756913275944,0.001
483.0,0.0881183807338987,0.010095742398074694,0.7802263782137916,-0.008984708227217197,-0.0802575487177819,0.7127284407615662,0.25015023350715637,0.04090739538272222,0.001
484.0,0.08811690019709724,0.010095450494970595,0.7802144799913678,-0.008984253741800785,-0.08025548257865012,0.7127122431993484,0.2501499198731922,0.04090633562632969,0.001
485.0,0.08811500065383457,0.01009338881288256,0.7802161063466754,-0.008987962268292904,-0.08025917643681169,0.7127120941877365,0.25014778545924593,0.040906300324769246,0.001
486.0,0.08811615549382709,0.010093728346484048,0.7802242466381618,-0.008987792767584324,-0.0802598453592509,0.7127205431461334,0.25014809767405194,0.040906178986742384,0.001
487.0,0.0881154556714353,0.010092322581580706,0.7802312885011945,-0.008987275883555412,-0.0802610982209444,0.7127382159233093,0.2501470900717236,0.04090509404029165,0.001
488.0,0.0881155931523868,0.01009176458631243,0.7802382792745318,-0.008984209969639778,-0.08026132872328162,0.7127711474895477,0.2501434733470281,0.04090417016829763,0.001
489.0,0.08811523197662263,0.010092859999054954,0.7802237016814095,-0.008982076309621334,-0.08025869494304061,0.7127661854028702,0.25014467750276836,0.04090511710161254,0.001
490.0,0.08811292797327042,0.010092138977987426,0.7802078723907471,-0.00898341741412878,-0.08025744021870196,0.7127402573823929,0.25014494359493256,0.0409051337767215,0.001
491.0,0.08811103676756223,0.010089809074997902,0.7802122490746635,-0.008990158326923847,-0.08026375039480627,0.7127358615398407,0.25014222590696245,0.04090508871844837,0.001
492.0,0.08810974870409284,0.010087622861777033,0.7802212408610752,-0.008998025208711624,-0.08027130411937833,0.7127327919006348,0.25013444962955655,0.040905038870516275,0.001
493.0,0.08811142827783312,0.010090881426419531,0.7802054711750576,-0.008995786309242249,-0.08026685006916523,0.7127106189727783,0.25013653011549086,0.04090501208390508,0.001
494.0,0.08810944252070926,0.010088383796669188,0.7802105914978754,-0.00899706780910492,-0.08026820560917258,0.7127113789319992,0.2501379059893744,0.04090446996546927,0.001
495.0,0.0881092410002436,0.010087237205533754,0.7802200317382812,-0.008997521363198757,-0.08026897022500634,0.7127144932746887,0.25013545084567296,0.04090363159775734,0.001
496.0,0.08810794584098317,0.010087431009326662,0.7802051220621381,-0.008998935110867023,-0.08026909735053778,0.7127015739679337,0.25013317451590583,0.04090334954006331,0.001
497.0,0.088108795384566,0.010086727727736746,0.780220681712741,-0.008999157696962357,-0.08027181960642338,0.7127265930175781,0.25013535789081026,0.04090363532304764,0.001
498.0,0.08810999546022642,0.010086203082686379,0.7802379159700303,-0.008992590010166168,-0.08026847150176764,0.7127587497234344,0.25013458019211177,0.04090181543003945,0.001
499.0,0.08810655151804288,0.010085952601262502,0.7802059820720127,-0.008993796072900295,-0.08026796556077898,0.7127416729927063,0.25013138566698345,0.040902028126376014,0.001
