cell,rate,repeat,split,phase_split,candidate,requests,duration_s,interpolated_power_bins,observed_native_fraction,missing_one_second_fraction,maximum_power_gap_s,temporal_supported,energy_error_pct,mean_bias_pct,measured_mean_w,predicted_mean_w,acf_mae,acf_r2,soft_dtw_divergence,soft_dtw_diagonal_divergence,soft_dtw_band_effect,soft_dtw_band_effect_fraction,nrmse_range,prefill_energy_error_pct,prefill_mean_bias_pct,prefill_measured_mean_w,prefill_predicted_mean_w,prefill_trace_correlation,prefill_trace_rmse_w,prefill_trace_std_ratio,prefill_trace_mean_bias_w,prefill_trace_measured_p95_w,prefill_trace_predicted_p95_w,prefill_trace_p95_error_pct,prefill_trace_soft_dtw_diagonal_divergence,prefill_trace_soft_dtw_one_sample_divergence,prefill_trace_soft_dtw_one_sample_band_effect_fraction,prefill_trace_constant_mean_soft_dtw_diagonal_divergence,prefill_frozen_trace_correlation,prefill_frozen_trace_rmse_w,prefill_frozen_trace_std_ratio,prefill_frozen_trace_mean_bias_w,prefill_frozen_trace_measured_p95_w,prefill_frozen_trace_predicted_p95_w,prefill_frozen_trace_p95_error_pct,prefill_frozen_trace_soft_dtw_diagonal_divergence,prefill_frozen_trace_soft_dtw_one_sample_divergence,prefill_frozen_trace_soft_dtw_one_sample_band_effect_fraction,prefill_frozen_trace_constant_mean_soft_dtw_diagonal_divergence,decode_energy_error_pct,decode_mean_bias_pct,decode_measured_mean_w,decode_predicted_mean_w,decode_trace_correlation,decode_trace_rmse_w,decode_trace_std_ratio,decode_trace_mean_bias_w,decode_trace_measured_p95_w,decode_trace_predicted_p95_w,decode_trace_p95_error_pct,decode_trace_soft_dtw_diagonal_divergence,decode_trace_soft_dtw_one_sample_divergence,decode_trace_soft_dtw_one_sample_band_effect_fraction,decode_trace_constant_mean_soft_dtw_diagonal_divergence,decode_frozen_trace_correlation,decode_frozen_trace_rmse_w,decode_frozen_trace_std_ratio,decode_frozen_trace_mean_bias_w,decode_frozen_trace_measured_p95_w,decode_frozen_trace_predicted_p95_w,decode_frozen_trace_p95_error_pct,decode_frozen_trace_soft_dtw_diagonal_divergence,decode_frozen_trace_soft_dtw_one_sample_divergence,decode_frozen_trace_soft_dtw_one_sample_band_effect_fraction,decode_frozen_trace_constant_mean_soft_dtw_diagonal_divergence,prefill_medabs_pct,prefill_p90abs_pct,prefill_median_signed_pct,decode_ttft_medabs_pct,decode_ttft_p90abs_pct,decode_ttft_median_signed_pct,decode_duration_medabs_pct,decode_duration_p90abs_pct,decode_duration_median_signed_pct,e2e_medabs_pct,e2e_p90abs_pct,e2e_median_signed_pct,prefill_measured_median_ms,prefill_predicted_median_ms,decode_ttft_measured_median_ms,decode_ttft_predicted_median_ms,decode_duration_measured_median_ms,decode_duration_predicted_median_ms,e2e_measured_median_ms,e2e_predicted_median_ms,client_to_proxy_median_ms,prefill_dispatch_median_ms,handoff_median_ms,client_ttft_event_abs_median_ms,prefill_prefix_cache_hit_fraction,nixl_transfers,nixl_mean_xfer_ms,nixl_mean_post_ms,nixl_mean_transfer_mb,nixl_failed_transfers,nixl_failed_notifications,decode_preemptions,prefill_engine_mean_ms,decode_engine_mean_ms,maximum_sample_spacing_s
rate-0p25-repeat-0,0.25,0,calibration,idle_calibration,role_aware_zero_shot,150,634.5,60,0.9763593380614657,0.011041009463722398,1.75,True,10.740535783056613,-10.740535783056613,206.55644208037822,184.3711735065266,0.01658019882861817,0.9447715960731863,0.014502429642700853,0.01836851042996963,0.003866080787268777,0.21047328807680402,0.13553047786372494,0.8555705066806769,-0.8555705066806769,87.8445560936239,87.09298397996228,0.22263030275772114,16.04439926774373,0.13666372776940966,-0.7515721136616094,86.79,93.83887775881851,8.121762598016483,0.003064504392767281,0.0029227289456322707,0.046263744137428196,0.003192416967919404,0.22263030275772114,16.04439926774373,0.13666372776940966,-0.7515721136616094,86.79,93.83887775881851,8.121762598016483,0.003064504392767281,0.0029227289456322707,0.046263744137428196,0.003192416967919404,0.3697259911885462,0.3697259911885462,118.22099273607748,118.65808647326388,0.9138144106765947,28.67650471529777,0.9616621457667771,0.43709373718640165,258.7,261.71357710828016,1.164892581476681,0.015824687204940124,0.00726145559484053,0.5411311768251784,0.09460480805028879,0.9138144106765944,28.50199156660505,0.9196849966543393,-1.1394831388174396,258.7,253.89253933904763,1.8583149056638417,0.015632668477292538,0.007406054569704717,0.5262450182153808,0.09460480805028879,43.099441210120176,53.83994554819365,-43.099441210120176,54.424571410328255,67.03920188701314,-54.424571410328255,0.5332951576690497,2.8224677542710976,-0.4709172855050985,4.263633831058057,30.419956484255533,-4.263633831058057,26.031851768493652,15.051719508334905,20.314574241638184,8.875804338159888,678.8192987442017,666.0071864259294,727.5954484939575,702.3812236924126,1.8939971923828125,0.11205673217773438,0.28145313262939453,0.21553458645939827,0.0,151.0,4.503145695364237,3.0936953642384113,9.801755125827816,0.0,0.0,0.0,34.18460803488824,945.2755039940212,1.9649999141693115
rate-0p25-repeat-0,0.25,0,calibration,idle_calibration,role_aware_idle_calibrated,150,634.5,60,0.9763593380614657,0.011041009463722398,1.75,True,0.05624997287791458,0.05624997287791458,206.55644208037822,206.67263002302602,0.01658019882861818,0.9447715960731863,0.004616429760584662,0.008585945483516119,0.003969515722931457,0.46232715203612723,0.09266037709569346,0.8555705066806769,-0.8555705066806769,87.8445560936239,87.09298397996228,0.22263030275772114,16.04439926774373,0.13666372776940966,-0.7515721136616094,86.79,93.83887775881851,8.121762598016483,0.003064504392767281,0.0029227289456322707,0.046263744137428196,0.003192416967919404,0.22263030275772114,16.04439926774373,0.13666372776940966,-0.7515721136616094,86.79,93.83887775881851,8.121762598016483,0.003064504392767281,0.0029227289456322707,0.046263744137428196,0.003192416967919404,0.3697259911885462,0.3697259911885462,118.22099273607748,118.65808647326388,0.9138144106765947,28.67650471529777,0.9616621457667771,0.43709373718640165,258.7,261.71357710828016,1.164892581476681,0.015824687204940124,0.00726145559484053,0.5411311768251784,0.09460480805028879,0.9138144106765944,28.50199156660505,0.9196849966543393,-1.1394831388174396,258.7,253.89253933904763,1.8583149056638417,0.015632668477292538,0.007406054569704717,0.5262450182153808,0.09460480805028879,43.099441210120176,53.83994554819365,-43.099441210120176,54.424571410328255,67.03920188701314,-54.424571410328255,0.5332951576690497,2.8224677542710976,-0.4709172855050985,4.263633831058057,30.419956484255533,-4.263633831058057,26.031851768493652,15.051719508334905,20.314574241638184,8.875804338159888,678.8192987442017,666.0071864259294,727.5954484939575,702.3812236924126,1.8939971923828125,0.11205673217773438,0.28145313262939453,0.21553458645939827,0.0,151.0,4.503145695364237,3.0936953642384113,9.801755125827816,0.0,0.0,0.0,34.18460803488824,945.2755039940212,1.9649999141693115
rate-0p25-repeat-0,0.25,0,calibration,idle_calibration,phase_soft_dtw_calibrated,150,634.5,60,0.9763593380614657,0.011041009463722398,1.75,True,0.3656778648626693,-0.3656778648626693,206.55644208037822,205.8011108932424,0.01658678324845435,0.9447305366802975,0.004499490602775973,0.008704045222690294,0.0042045546199143205,0.4830575338640938,0.0932954726805663,0.8555705066806769,-0.8555705066806769,87.8445560936239,87.09298397996228,0.22263030275772114,16.04439926774373,0.13666372776940966,-0.7515721136616094,86.79,93.83887775881851,8.121762598016483,0.003064504392767281,0.0029227289456322707,0.046263744137428196,0.003192416967919404,0.22263030275772114,16.04439926774373,0.13666372776940966,-0.7515721136616094,86.79,93.83887775881851,8.121762598016483,0.003064504392767281,0.0029227289456322707,0.046263744137428196,0.003192416967919404,0.3697259911885462,0.3697259911885462,118.22099273607748,118.65808647326388,0.9138144106765947,28.67650471529777,0.9616621457667771,0.43709373718640165,258.7,261.71357710828016,1.164892581476681,0.015824687204940124,0.00726145559484053,0.5411311768251784,0.09460480805028879,0.9138144106765944,28.50199156660505,0.9196849966543393,-1.1394831388174396,258.7,253.89253933904763,1.8583149056638417,0.015632668477292538,0.007406054569704717,0.5262450182153808,0.09460480805028879,43.099441210120176,53.83994554819365,-43.099441210120176,54.424571410328255,67.03920188701314,-54.424571410328255,0.5332951576690497,2.8224677542710976,-0.4709172855050985,4.263633831058057,30.419956484255533,-4.263633831058057,26.031851768493652,15.051719508334905,20.314574241638184,8.875804338159888,678.8192987442017,666.0071864259294,727.5954484939575,702.3812236924126,1.8939971923828125,0.11205673217773438,0.28145313262939453,0.21553458645939827,0.0,151.0,4.503145695364237,3.0936953642384113,9.801755125827816,0.0,0.0,0.0,34.18460803488824,945.2755039940212,1.9649999141693115
rate-0p25-repeat-0,0.25,0,calibration,idle_calibration,colocated_tp2_idle_calibrated,150,634.5,60,0.9763593380614657,0.011041009463722398,1.75,True,5.949483895389196,5.949483895389196,206.55644208037822,218.84548433683923,0.018655354399872957,0.9216934471011832,0.018394628383013787,0.021857249563444477,0.0034626211804306903,0.15841980347892487,0.14784197497140145,0.8555705066806769,-0.8555705066806769,87.8445560936239,87.09298397996228,0.22263030275772114,16.04439926774373,0.13666372776940966,-0.7515721136616094,86.79,93.83887775881851,8.121762598016483,0.003064504392767281,0.0029227289456322707,0.046263744137428196,0.003192416967919404,0.22263030275772114,16.04439926774373,0.13666372776940966,-0.7515721136616094,86.79,93.83887775881851,8.121762598016483,0.003064504392767281,0.0029227289456322707,0.046263744137428196,0.003192416967919404,0.3697259911885462,0.3697259911885462,118.22099273607748,118.65808647326388,0.9138144106765947,28.67650471529777,0.9616621457667771,0.43709373718640165,258.7,261.71357710828016,1.164892581476681,0.015824687204940124,0.00726145559484053,0.5411311768251784,0.09460480805028879,0.9138144106765944,28.50199156660505,0.9196849966543393,-1.1394831388174396,258.7,253.89253933904763,1.8583149056638417,0.015632668477292538,0.007406054569704717,0.5262450182153808,0.09460480805028879,43.099441210120176,53.83994554819365,-43.099441210120176,54.424571410328255,67.03920188701314,-54.424571410328255,0.5332951576690497,2.8224677542710976,-0.4709172855050985,4.263633831058057,30.419956484255533,-4.263633831058057,26.031851768493652,15.051719508334905,20.314574241638184,8.875804338159888,678.8192987442017,666.0071864259294,727.5954484939575,702.3812236924126,1.8939971923828125,0.11205673217773438,0.28145313262939453,0.21553458645939827,0.0,151.0,4.503145695364237,3.0936953642384113,9.801755125827816,0.0,0.0,0.0,34.18460803488824,945.2755039940212,1.9649999141693115
rate-0p25-repeat-1,0.25,1,evaluation,diagnostic,role_aware_zero_shot,150,632.0,61,0.975870253164557,0.011075949367088608,1.75,True,10.083034850179406,-10.083034850179406,205.6264220727848,184.89303827400892,0.011371430497104495,0.9769875192291714,0.01216003571817652,0.013245239789166837,0.0010852040709903171,0.08193162889190544,0.11508796544020945,0.4140716264802586,0.4140716264802586,86.7341386299149,87.09328008845343,0.1670485679273169,5.402568340530283,0.42128481309661386,0.35914145853853086,86.79,94.02250148973923,8.333335049820509,0.002561805428429678,0.0022207702449410383,0.13312298416733606,0.0024601222715166875,0.1670485679273169,5.402568340530283,0.42128481309661386,0.35914145853853086,86.79,94.02250148973923,8.333335049820509,0.002561805428429678,0.0022207702449410383,0.13312298416733606,0.0024601222715166875,0.6102881460304961,0.6102881460304961,118.67130117551682,119.39553805933114,0.9217227992372036,27.55828007429559,0.9622228930091449,0.7242368838143278,258.7,261.7418040537555,1.1758036543314756,0.014198029093986937,0.006689434014956728,0.5288477033907617,0.09330223928214547,0.9217227992372038,27.414262099969726,0.9202212669317867,-0.8845302113094107,258.7,253.91953416084584,1.8478801079065121,0.014050020694648769,0.006793589185629542,0.516471232799179,0.09330223928214547,23.79714142825423,53.63162715640248,-15.804332567551487,50.270940874074796,62.41832001205029,-50.270940874074796,0.6465859738519484,3.3672293081544895,-0.5011430363341618,2.3369788835328786,14.700728430534037,-2.0979366790683374,19.657611846923828,15.051719508334905,18.1199312210083,8.875804338159888,680.1044940948486,678.1378915132308,726.8345355987549,714.0340465471763,1.8001794815063477,0.10311603546142578,0.25725364685058594,0.18205353990197182,0.9714701152210791,151.0,1.5135099337748328,0.8907483443708597,1.4895334569536425,0.0,0.0,0.0,13.77940871166867,956.2554923225416,2.121000051498413
rate-0p25-repeat-1,0.25,1,evaluation,diagnostic,role_aware_idle_calibrated,150,632.0,61,0.975870253164557,0.011075949367088608,1.75,True,0.7625832818160093,0.7625832818160093,205.6264220727848,207.1944947905083,0.01137143049710449,0.9769875192291714,0.003416003450637852,0.005222183137683641,0.0018061796870457894,0.34586678395329906,0.07226467420312391,0.4140716264802586,0.4140716264802586,86.7341386299149,87.09328008845343,0.1670485679273169,5.402568340530283,0.42128481309661386,0.35914145853853086,86.79,94.02250148973923,8.333335049820509,0.002561805428429678,0.0022207702449410383,0.13312298416733606,0.0024601222715166875,0.1670485679273169,5.402568340530283,0.42128481309661386,0.35914145853853086,86.79,94.02250148973923,8.333335049820509,0.002561805428429678,0.0022207702449410383,0.13312298416733606,0.0024601222715166875,0.6102881460304961,0.6102881460304961,118.67130117551682,119.39553805933114,0.9217227992372036,27.55828007429559,0.9622228930091449,0.7242368838143278,258.7,261.7418040537555,1.1758036543314756,0.014198029093986937,0.006689434014956728,0.5288477033907617,0.09330223928214547,0.9217227992372038,27.414262099969726,0.9202212669317867,-0.8845302113094107,258.7,253.91953416084584,1.8478801079065121,0.014050020694648769,0.006793589185629542,0.516471232799179,0.09330223928214547,23.79714142825423,53.63162715640248,-15.804332567551487,50.270940874074796,62.41832001205029,-50.270940874074796,0.6465859738519484,3.3672293081544895,-0.5011430363341618,2.3369788835328786,14.700728430534037,-2.0979366790683374,19.657611846923828,15.051719508334905,18.1199312210083,8.875804338159888,680.1044940948486,678.1378915132308,726.8345355987549,714.0340465471763,1.8001794815063477,0.10311603546142578,0.25725364685058594,0.18205353990197182,0.9714701152210791,151.0,1.5135099337748328,0.8907483443708597,1.4895334569536425,0.0,0.0,0.0,13.77940871166867,956.2554923225416,2.121000051498413
rate-0p25-repeat-1,0.25,1,evaluation,diagnostic,phase_soft_dtw_calibrated,150,632.0,61,0.975870253164557,0.011075949367088608,1.75,True,0.35027744081229034,0.35027744081229034,205.6264220727848,206.34668504165523,0.011377174569533664,0.9769718377973785,0.0034258993632154938,0.005368590180386496,0.0019426908171710023,0.36186237948808075,0.07327066384567901,0.4140716264802586,0.4140716264802586,86.7341386299149,87.09328008845343,0.1670485679273169,5.402568340530283,0.42128481309661386,0.35914145853853086,86.79,94.02250148973923,8.333335049820509,0.002561805428429678,0.0022207702449410383,0.13312298416733606,0.0024601222715166875,0.1670485679273169,5.402568340530283,0.42128481309661386,0.35914145853853086,86.79,94.02250148973923,8.333335049820509,0.002561805428429678,0.0022207702449410383,0.13312298416733606,0.0024601222715166875,0.6102881460304961,0.6102881460304961,118.67130117551682,119.39553805933114,0.9217227992372036,27.55828007429559,0.9622228930091449,0.7242368838143278,258.7,261.7418040537555,1.1758036543314756,0.014198029093986937,0.006689434014956728,0.5288477033907617,0.09330223928214547,0.9217227992372038,27.414262099969726,0.9202212669317867,-0.8845302113094107,258.7,253.91953416084584,1.8478801079065121,0.014050020694648769,0.006793589185629542,0.516471232799179,0.09330223928214547,23.79714142825423,53.63162715640248,-15.804332567551487,50.270940874074796,62.41832001205029,-50.270940874074796,0.6465859738519484,3.3672293081544895,-0.5011430363341618,2.3369788835328786,14.700728430534037,-2.0979366790683374,19.657611846923828,15.051719508334905,18.1199312210083,8.875804338159888,680.1044940948486,678.1378915132308,726.8345355987549,714.0340465471763,1.8001794815063477,0.10311603546142578,0.25725364685058594,0.18205353990197182,0.9714701152210791,151.0,1.5135099337748328,0.8907483443708597,1.4895334569536425,0.0,0.0,0.0,13.77940871166867,956.2554923225416,2.121000051498413
rate-0p25-repeat-1,0.25,1,evaluation,diagnostic,colocated_tp2_idle_calibrated,150,632.0,61,0.975870253164557,0.011075949367088608,1.75,True,6.748333634307202,6.748333634307202,205.6264220727848,219.50277907454503,0.013007671121279594,0.9628743727335303,0.015852159201201227,0.01710141658258638,0.0012492573813851528,0.07304993567943469,0.13077238463294302,0.4140716264802586,0.4140716264802586,86.7341386299149,87.09328008845343,0.1670485679273169,5.402568340530283,0.42128481309661386,0.35914145853853086,86.79,94.02250148973923,8.333335049820509,0.002561805428429678,0.0022207702449410383,0.13312298416733606,0.0024601222715166875,0.1670485679273169,5.402568340530283,0.42128481309661386,0.35914145853853086,86.79,94.02250148973923,8.333335049820509,0.002561805428429678,0.0022207702449410383,0.13312298416733606,0.0024601222715166875,0.6102881460304961,0.6102881460304961,118.67130117551682,119.39553805933114,0.9217227992372036,27.55828007429559,0.9622228930091449,0.7242368838143278,258.7,261.7418040537555,1.1758036543314756,0.014198029093986937,0.006689434014956728,0.5288477033907617,0.09330223928214547,0.9217227992372038,27.414262099969726,0.9202212669317867,-0.8845302113094107,258.7,253.91953416084584,1.8478801079065121,0.014050020694648769,0.006793589185629542,0.516471232799179,0.09330223928214547,23.79714142825423,53.63162715640248,-15.804332567551487,50.270940874074796,62.41832001205029,-50.270940874074796,0.6465859738519484,3.3672293081544895,-0.5011430363341618,2.3369788835328786,14.700728430534037,-2.0979366790683374,19.657611846923828,15.051719508334905,18.1199312210083,8.875804338159888,680.1044940948486,678.1378915132308,726.8345355987549,714.0340465471763,1.8001794815063477,0.10311603546142578,0.25725364685058594,0.18205353990197182,0.9714701152210791,151.0,1.5135099337748328,0.8907483443708597,1.4895334569536425,0.0,0.0,0.0,13.77940871166867,956.2554923225416,2.121000051498413
rate-0p25-repeat-2,0.25,2,evaluation,heldout_rate,role_aware_zero_shot,150,633.5,58,0.9771112865035517,0.011058451816745656,1.75,True,9.961296643195741,-9.961296643195741,205.25432320441993,184.8083311970439,0.013135305195516865,0.9726842614986422,0.014136515889087823,0.016585559814710476,0.002449043925622653,0.14766121571913937,0.1287849362880244,0.6427822440038972,0.6427822440038972,86.53768578352182,87.09393466211019,0.11483856585759425,4.987338928688318,0.4770816675321193,0.556248878588363,86.47,93.81472414442605,8.493956452441369,0.002584111295536417,0.0020398136917133343,0.21063241539296623,0.0022825518729442627,0.11483856585759425,4.987338928688318,0.4770816675321193,0.556248878588363,86.47,93.81472414442605,8.493956452441369,0.002584111295536417,0.0020398136917133343,0.21063241539296623,0.0022825518729442627,0.509922670839934,0.509922670839934,118.09728998384492,118.69949483912012,0.9259980067753621,26.594409956985977,0.9635286959903063,0.602204855275204,259.24,261.7595504496644,0.9718988002099959,0.013452731979252652,0.006489336787462742,0.5176194101338777,0.09341520715049084,0.925998006775362,26.47708293017866,0.9214700708029248,-0.9761795215808888,259.24,253.93650591556653,2.0457854051973,0.01333429450394489,0.006611514836235183,0.5041721304206085,0.09341520715049084,18.437985459039517,62.130812026135864,-9.838259425682288,48.26589201127287,62.4232881945622,-48.26589201127287,0.581509238154218,3.177339073027458,-0.4852212476973028,2.167670435729778,10.94763928787631,-1.8943744538216625,18.156886100769043,15.051719508334905,17.47763156890869,8.875804338159888,684.0589046478271,678.1378915132308,732.6692342758179,714.0340465471763,1.2379884719848633,0.0768899917602539,0.2384185791015625,0.15890784561634064,0.9714701152210791,151.0,1.683132450331125,1.0173509933774834,1.4895334569536425,0.0,0.0,0.0,11.321313352330236,957.5610970461506,1.8890001773834229
rate-0p25-repeat-2,0.25,2,evaluation,heldout_rate,role_aware_idle_calibrated,150,633.5,58,0.9771112865035517,0.011058451816745656,1.75,True,0.9039831561917598,0.9039831561917598,205.25432320441993,207.10978771354328,0.013135305195516863,0.9726842614986422,0.00466499854947754,0.007578335109517974,0.002913336560040434,0.38442962971925626,0.08705363352277701,0.6427822440038972,0.6427822440038972,86.53768578352182,87.09393466211019,0.11483856585759425,4.987338928688318,0.4770816675321193,0.556248878588363,86.47,93.81472414442605,8.493956452441369,0.002584111295536417,0.0020398136917133343,0.21063241539296623,0.0022825518729442627,0.11483856585759425,4.987338928688318,0.4770816675321193,0.556248878588363,86.47,93.81472414442605,8.493956452441369,0.002584111295536417,0.0020398136917133343,0.21063241539296623,0.0022825518729442627,0.509922670839934,0.509922670839934,118.09728998384492,118.69949483912012,0.9259980067753621,26.594409956985977,0.9635286959903063,0.602204855275204,259.24,261.7595504496644,0.9718988002099959,0.013452731979252652,0.006489336787462742,0.5176194101338777,0.09341520715049084,0.925998006775362,26.47708293017866,0.9214700708029248,-0.9761795215808888,259.24,253.93650591556653,2.0457854051973,0.01333429450394489,0.006611514836235183,0.5041721304206085,0.09341520715049084,18.437985459039517,62.130812026135864,-9.838259425682288,48.26589201127287,62.4232881945622,-48.26589201127287,0.581509238154218,3.177339073027458,-0.4852212476973028,2.167670435729778,10.94763928787631,-1.8943744538216625,18.156886100769043,15.051719508334905,17.47763156890869,8.875804338159888,684.0589046478271,678.1378915132308,732.6692342758179,714.0340465471763,1.2379884719848633,0.0768899917602539,0.2384185791015625,0.15890784561634064,0.9714701152210791,151.0,1.683132450331125,1.0173509933774834,1.4895334569536425,0.0,0.0,0.0,11.321313352330236,957.5610970461506,1.8890001773834229
rate-0p25-repeat-2,0.25,2,evaluation,heldout_rate,phase_soft_dtw_calibrated,150,633.5,58,0.9771112865035517,0.011058451816745656,1.75,True,0.489080414139277,0.489080414139277,205.25432320441993,206.25818189838688,0.0131402493974665,0.9726727260236049,0.004715283747539639,0.007794222164877591,0.0030789384173379513,0.3950283109984082,0.0882848920533836,0.6427822440038972,0.6427822440038972,86.53768578352182,87.09393466211019,0.11483856585759425,4.987338928688318,0.4770816675321193,0.556248878588363,86.47,93.81472414442605,8.493956452441369,0.002584111295536417,0.0020398136917133343,0.21063241539296623,0.0022825518729442627,0.11483856585759425,4.987338928688318,0.4770816675321193,0.556248878588363,86.47,93.81472414442605,8.493956452441369,0.002584111295536417,0.0020398136917133343,0.21063241539296623,0.0022825518729442627,0.509922670839934,0.509922670839934,118.09728998384492,118.69949483912012,0.9259980067753621,26.594409956985977,0.9635286959903063,0.602204855275204,259.24,261.7595504496644,0.9718988002099959,0.013452731979252652,0.006489336787462742,0.5176194101338777,0.09341520715049084,0.925998006775362,26.47708293017866,0.9214700708029248,-0.9761795215808888,259.24,253.93650591556653,2.0457854051973,0.01333429450394489,0.006611514836235183,0.5041721304206085,0.09341520715049084,18.437985459039517,62.130812026135864,-9.838259425682288,48.26589201127287,62.4232881945622,-48.26589201127287,0.581509238154218,3.177339073027458,-0.4852212476973028,2.167670435729778,10.94763928787631,-1.8943744538216625,18.156886100769043,15.051719508334905,17.47763156890869,8.875804338159888,684.0589046478271,678.1378915132308,732.6692342758179,714.0340465471763,1.2379884719848633,0.0768899917602539,0.2384185791015625,0.15890784561634064,0.9714701152210791,151.0,1.683132450331125,1.0173509933774834,1.4895334569536425,0.0,0.0,0.0,11.321313352330236,957.5610970461506,1.8890001773834229
rate-0p25-repeat-2,0.25,2,evaluation,heldout_rate,colocated_tp2_idle_calibrated,150,633.5,58,0.9771112865035517,0.011058451816745656,1.75,True,6.894344851567836,6.894344851567836,205.25432320441993,219.40526406888426,0.016027357978805876,0.9422539818228469,0.018752058495054427,0.02204155456581239,0.003289496070757965,0.14924065636732112,0.14846398406957967,0.6427822440038972,0.6427822440038972,86.53768578352182,87.09393466211019,0.11483856585759425,4.987338928688318,0.4770816675321193,0.556248878588363,86.47,93.81472414442605,8.493956452441369,0.002584111295536417,0.0020398136917133343,0.21063241539296623,0.0022825518729442627,0.11483856585759425,4.987338928688318,0.4770816675321193,0.556248878588363,86.47,93.81472414442605,8.493956452441369,0.002584111295536417,0.0020398136917133343,0.21063241539296623,0.0022825518729442627,0.509922670839934,0.509922670839934,118.09728998384492,118.69949483912012,0.9259980067753621,26.594409956985977,0.9635286959903063,0.602204855275204,259.24,261.7595504496644,0.9718988002099959,0.013452731979252652,0.006489336787462742,0.5176194101338777,0.09341520715049084,0.925998006775362,26.47708293017866,0.9214700708029248,-0.9761795215808888,259.24,253.93650591556653,2.0457854051973,0.01333429450394489,0.006611514836235183,0.5041721304206085,0.09341520715049084,18.437985459039517,62.130812026135864,-9.838259425682288,48.26589201127287,62.4232881945622,-48.26589201127287,0.581509238154218,3.177339073027458,-0.4852212476973028,2.167670435729778,10.94763928787631,-1.8943744538216625,18.156886100769043,15.051719508334905,17.47763156890869,8.875804338159888,684.0589046478271,678.1378915132308,732.6692342758179,714.0340465471763,1.2379884719848633,0.0768899917602539,0.2384185791015625,0.15890784561634064,0.9714701152210791,151.0,1.683132450331125,1.0173509933774834,1.4895334569536425,0.0,0.0,0.0,11.321313352330236,957.5610970461506,1.8890001773834229
rate-2-repeat-0,2.0,0,evaluation,diagnostic,role_aware_zero_shot,1200,634.5,55,0.9783293932230103,0.007886435331230283,1.75,True,10.10642058438058,-10.10642058438058,358.81638494877853,322.5528919601849,0.016209373094366288,0.9681341594304916,0.008297662055634642,0.009886982510808063,0.0015893204551734215,0.16074878795790712,0.09943330684839992,8.998738838750768,-8.998738838750768,100.46413612565445,91.42363088909974,0.29086031420144526,45.15467152603477,0.14181622600488464,-9.040505236554708,166.02200000000053,105.72452770074797,36.31896513670018,0.02158715763459256,0.020590206518119224,0.046182602329996554,0.022100598848982415,0.29086031420144526,45.15467152603477,0.14181622600488464,-9.040505236554708,166.02200000000053,105.72452770074797,36.31896513670018,0.02158715763459256,0.020590206518119224,0.046182602329996554,0.022100598848982415,0.054112067333227085,0.054112067333227085,258.23617398308494,258.3759109154294,0.9515622334780119,26.100201737493176,0.9533850431561378,0.13973693234447637,336.55,333.8051146456132,0.8155951134710557,0.008986947539932368,0.005974443262888187,0.3352088418963723,0.09506441464390167,0.9515622334780122,27.374679063107525,0.9117691947063447,-7.535609637456332,336.55,322.8372365496912,4.07451001346272,0.009886044266925294,0.007168887412797748,0.27484773290142495,0.09506441464390167,38.413221643781995,52.65334012369641,-34.81904405719374,60.71205801798379,70.174488695172,-60.71205801798379,2.8300037057068406,7.950736237044808,1.0478469176247391,5.087719083281596,30.71743861734585,-3.9390952231179384,21.99852466583252,15.05051455826807,34.54303741455078,13.312421680040721,836.9883298873901,845.7558165281966,913.8076305389404,879.676323077376,1.9229650497436523,0.05507469177246094,0.22780895233154297,0.20627770572900772,0.13419421065831452,1201.0,4.953981681931715,2.5282422980849257,8.278817465445462,0.0,0.0,0.0,24.448273035788368,1190.5990251030564,1.9099998474121094
rate-2-repeat-0,2.0,0,evaluation,diagnostic,role_aware_idle_calibrated,1200,634.5,55,0.9783293932230103,0.007886435331230283,1.75,True,3.8911368203231205,-3.8911368203231205,358.81638494877853,344.85434847668427,0.01620937309436626,0.9681341594304917,0.003329782639225837,0.004275889308050863,0.0009461066688250261,0.22126547266872604,0.06539028450810458,8.998738838750768,-8.998738838750768,100.46413612565445,91.42363088909974,0.29086031420144526,45.15467152603477,0.14181622600488464,-9.040505236554708,166.02200000000053,105.72452770074797,36.31896513670018,0.02158715763459256,0.020590206518119224,0.046182602329996554,0.022100598848982415,0.29086031420144526,45.15467152603477,0.14181622600488464,-9.040505236554708,166.02200000000053,105.72452770074797,36.31896513670018,0.02158715763459256,0.020590206518119224,0.046182602329996554,0.022100598848982415,0.054112067333227085,0.054112067333227085,258.23617398308494,258.3759109154294,0.9515622334780119,26.100201737493176,0.9533850431561378,0.13973693234447637,336.55,333.8051146456132,0.8155951134710557,0.008986947539932368,0.005974443262888187,0.3352088418963723,0.09506441464390167,0.9515622334780122,27.374679063107525,0.9117691947063447,-7.535609637456332,336.55,322.8372365496912,4.07451001346272,0.009886044266925294,0.007168887412797748,0.27484773290142495,0.09506441464390167,38.413221643781995,52.65334012369641,-34.81904405719374,60.71205801798379,70.174488695172,-60.71205801798379,2.8300037057068406,7.950736237044808,1.0478469176247391,5.087719083281596,30.71743861734585,-3.9390952231179384,21.99852466583252,15.05051455826807,34.54303741455078,13.312421680040721,836.9883298873901,845.7558165281966,913.8076305389404,879.676323077376,1.9229650497436523,0.05507469177246094,0.22780895233154297,0.20627770572900772,0.13419421065831452,1201.0,4.953981681931715,2.5282422980849257,8.278817465445462,0.0,0.0,0.0,24.448273035788368,1190.5990251030564,1.9099998474121094
rate-2-repeat-0,2.0,0,evaluation,diagnostic,phase_soft_dtw_calibrated,1200,634.5,55,0.9783293932230103,0.007886435331230283,1.75,True,2.431597530018152,-2.431597530018152,358.81638494877853,350.0914145950636,0.016212815228470037,0.9681264958899103,0.0026708543704920223,0.0035639769468202285,0.0008931225763282062,0.2505971810858788,0.0596990531484397,8.998738838750768,-8.998738838750768,100.46413612565445,91.42363088909974,0.29086031420144526,45.15467152603477,0.14181622600488464,-9.040505236554708,166.02200000000053,105.72452770074797,36.31896513670018,0.02158715763459256,0.020590206518119224,0.046182602329996554,0.022100598848982415,0.29086031420144526,45.15467152603477,0.14181622600488464,-9.040505236554708,166.02200000000053,105.72452770074797,36.31896513670018,0.02158715763459256,0.020590206518119224,0.046182602329996554,0.022100598848982415,0.054112067333227085,0.054112067333227085,258.23617398308494,258.3759109154294,0.9515622334780119,26.100201737493176,0.9533850431561378,0.13973693234447637,336.55,333.8051146456132,0.8155951134710557,0.008986947539932368,0.005974443262888187,0.3352088418963723,0.09506441464390167,0.9515622334780122,27.374679063107525,0.9117691947063447,-7.535609637456332,336.55,322.8372365496912,4.07451001346272,0.009886044266925294,0.007168887412797748,0.27484773290142495,0.09506441464390167,38.413221643781995,52.65334012369641,-34.81904405719374,60.71205801798379,70.174488695172,-60.71205801798379,2.8300037057068406,7.950736237044808,1.0478469176247391,5.087719083281596,30.71743861734585,-3.9390952231179384,21.99852466583252,15.05051455826807,34.54303741455078,13.312421680040721,836.9883298873901,845.7558165281966,913.8076305389404,879.676323077376,1.9229650497436523,0.05507469177246094,0.22780895233154297,0.20627770572900772,0.13419421065831452,1201.0,4.953981681931715,2.5282422980849257,8.278817465445462,0.0,0.0,0.0,24.448273035788368,1190.5990251030564,1.9099998474121094
rate-2-repeat-0,2.0,0,evaluation,diagnostic,colocated_tp2_idle_calibrated,1200,634.5,55,0.9783293932230103,0.007886435331230283,1.75,True,11.360556785202531,11.360556785202531,358.81638494877853,399.57992411549543,0.0257124179660048,0.8989008403292056,0.018352385433392373,0.023399224302453406,0.005046838869061033,0.2156840245568257,0.15296804994002317,8.998738838750768,-8.998738838750768,100.46413612565445,91.42363088909974,0.29086031420144526,45.15467152603477,0.14181622600488464,-9.040505236554708,166.02200000000053,105.72452770074797,36.31896513670018,0.02158715763459256,0.020590206518119224,0.046182602329996554,0.022100598848982415,0.29086031420144526,45.15467152603477,0.14181622600488464,-9.040505236554708,166.02200000000053,105.72452770074797,36.31896513670018,0.02158715763459256,0.020590206518119224,0.046182602329996554,0.022100598848982415,0.054112067333227085,0.054112067333227085,258.23617398308494,258.3759109154294,0.9515622334780119,26.100201737493176,0.9533850431561378,0.13973693234447637,336.55,333.8051146456132,0.8155951134710557,0.008986947539932368,0.005974443262888187,0.3352088418963723,0.09506441464390167,0.9515622334780122,27.374679063107525,0.9117691947063447,-7.535609637456332,336.55,322.8372365496912,4.07451001346272,0.009886044266925294,0.007168887412797748,0.27484773290142495,0.09506441464390167,38.413221643781995,52.65334012369641,-34.81904405719374,60.71205801798379,70.174488695172,-60.71205801798379,2.8300037057068406,7.950736237044808,1.0478469176247391,5.087719083281596,30.71743861734585,-3.9390952231179384,21.99852466583252,15.05051455826807,34.54303741455078,13.312421680040721,836.9883298873901,845.7558165281966,913.8076305389404,879.676323077376,1.9229650497436523,0.05507469177246094,0.22780895233154297,0.20627770572900772,0.13419421065831452,1201.0,4.953981681931715,2.5282422980849257,8.278817465445462,0.0,0.0,0.0,24.448273035788368,1190.5990251030564,1.9099998474121094
rate-2-repeat-1,2.0,1,calibration,soft_dtw_calibration,role_aware_zero_shot,1200,633.0,28,0.9889415481832543,0.004739336492890996,1.75,True,7.939230437465989,-7.939230437465989,351.03384281200636,323.16445711766903,0.00801928709402143,0.9913965953824609,0.009693843858957916,0.01135804165807487,0.001664197799116954,0.14652154387317393,0.10657411345197706,0.2730758407295046,-0.2730758407295046,91.71875,91.46828825233091,0.2864766920598211,13.905030197037496,0.4514510236182506,-0.25046174766909246,106.72649999999996,105.72976177669477,0.9339182146001104,0.01033774198088599,0.009537667092810485,0.07739358261744265,0.010934152069245267,0.2864766920598211,13.905030197037496,0.4514510236182506,-0.25046174766909246,106.72649999999996,105.72976177669477,0.9339182146001104,0.01033774198088599,0.009537667092810485,0.07739358261744265,0.010934152069245267,0.09112567084687516,-0.09112567084687516,259.80263578274764,259.56588888801275,0.9544845279546104,24.85413888128056,0.9607698535651398,-0.23674689473489252,335.03,333.65130791321644,0.41151302473913703,0.008188542550630494,0.005819855780487198,0.28926842053973506,0.09199899749124957,0.95448452795461,26.26110800745552,0.9188316535607279,-7.964036741096578,335.03,322.69014357655885,3.6832093912309705,0.009141874611979892,0.007041178866992089,0.22978829114927524,0.09199899749124957,18.44526049414049,64.70172265809713,-3.5571238585103124,59.257790557813024,68.61498932097008,-59.257790557813024,2.7271882554011726,7.632797637458919,0.9772711150500677,3.8158400508596637,16.641427099384774,-2.391206914293044,17.02582836151123,15.05051455826807,33.661723136901855,13.133156066444563,841.1710262298584,844.9502696070681,893.3342695236206,880.1751472391285,1.985788345336914,0.06556510925292969,0.24020671844482422,0.21791551262140274,0.9689885857931911,1201.0,2.425870940882566,0.7385861781848397,1.9516740849292258,0.0,0.0,0.0,10.642206547572451,1193.6444022470184,1.9560000896453857
rate-2-repeat-1,2.0,1,calibration,soft_dtw_calibration,role_aware_idle_calibrated,1200,633.0,28,0.9889415481832543,0.004739336492890996,1.75,True,1.5861516750736167,-1.5861516750736167,351.03384281200636,345.46591363416843,0.008019287094021435,0.9913965953824609,0.002080771061062072,0.002717178488080637,0.0006364074270185649,0.23421627611519588,0.05212656221237534,0.2730758407295046,-0.2730758407295046,91.71875,91.46828825233091,0.2864766920598211,13.905030197037496,0.4514510236182506,-0.25046174766909246,106.72649999999996,105.72976177669477,0.9339182146001104,0.01033774198088599,0.009537667092810485,0.07739358261744265,0.010934152069245267,0.2864766920598211,13.905030197037496,0.4514510236182506,-0.25046174766909246,106.72649999999996,105.72976177669477,0.9339182146001104,0.01033774198088599,0.009537667092810485,0.07739358261744265,0.010934152069245267,0.09112567084687516,-0.09112567084687516,259.80263578274764,259.56588888801275,0.9544845279546104,24.85413888128056,0.9607698535651398,-0.23674689473489252,335.03,333.65130791321644,0.41151302473913703,0.008188542550630494,0.005819855780487198,0.28926842053973506,0.09199899749124957,0.95448452795461,26.26110800745552,0.9188316535607279,-7.964036741096578,335.03,322.69014357655885,3.6832093912309705,0.009141874611979892,0.007041178866992089,0.22978829114927524,0.09199899749124957,18.44526049414049,64.70172265809713,-3.5571238585103124,59.257790557813024,68.61498932097008,-59.257790557813024,2.7271882554011726,7.632797637458919,0.9772711150500677,3.8158400508596637,16.641427099384774,-2.391206914293044,17.02582836151123,15.05051455826807,33.661723136901855,13.133156066444563,841.1710262298584,844.9502696070681,893.3342695236206,880.1751472391285,1.985788345336914,0.06556510925292969,0.24020671844482422,0.21791551262140274,0.9689885857931911,1201.0,2.425870940882566,0.7385861781848397,1.9516740849292258,0.0,0.0,0.0,10.642206547572451,1193.6444022470184,1.9560000896453857
rate-2-repeat-1,2.0,1,calibration,soft_dtw_calibration,phase_soft_dtw_calibrated,1200,633.0,28,0.9889415481832543,0.004739336492890996,1.75,True,0.08645698893729702,-0.08645698893729702,351.03384281200636,350.7303495213602,0.008014902675300493,0.9914226763629405,0.0016850353725528762,0.0023231031505729863,0.0006380677780201101,0.2746618366312028,0.04819858037922889,0.2730758407295046,-0.2730758407295046,91.71875,91.46828825233091,0.2864766920598211,13.905030197037496,0.4514510236182506,-0.25046174766909246,106.72649999999996,105.72976177669477,0.9339182146001104,0.01033774198088599,0.009537667092810485,0.07739358261744265,0.010934152069245267,0.2864766920598211,13.905030197037496,0.4514510236182506,-0.25046174766909246,106.72649999999996,105.72976177669477,0.9339182146001104,0.01033774198088599,0.009537667092810485,0.07739358261744265,0.010934152069245267,0.09112567084687516,-0.09112567084687516,259.80263578274764,259.56588888801275,0.9544845279546104,24.85413888128056,0.9607698535651398,-0.23674689473489252,335.03,333.65130791321644,0.41151302473913703,0.008188542550630494,0.005819855780487198,0.28926842053973506,0.09199899749124957,0.95448452795461,26.26110800745552,0.9188316535607279,-7.964036741096578,335.03,322.69014357655885,3.6832093912309705,0.009141874611979892,0.007041178866992089,0.22978829114927524,0.09199899749124957,18.44526049414049,64.70172265809713,-3.5571238585103124,59.257790557813024,68.61498932097008,-59.257790557813024,2.7271882554011726,7.632797637458919,0.9772711150500677,3.8158400508596637,16.641427099384774,-2.391206914293044,17.02582836151123,15.05051455826807,33.661723136901855,13.133156066444563,841.1710262298584,844.9502696070681,893.3342695236206,880.1751472391285,1.985788345336914,0.06556510925292969,0.24020671844482422,0.21791551262140274,0.9689885857931911,1201.0,2.425870940882566,0.7385861781848397,1.9516740849292258,0.0,0.0,0.0,10.642206547572451,1193.6444022470184,1.9560000896453857
rate-2-repeat-1,2.0,1,calibration,soft_dtw_calibration,colocated_tp2_idle_calibrated,1200,633.0,28,0.9889415481832543,0.004739336492890996,1.75,True,14.062645241085338,14.062645241085338,351.03384281200636,400.39848680280795,0.02437270110606727,0.9141215670556894,0.04999311695846092,0.05997491856403633,0.009981801605575408,0.16643293304212917,0.2448977716600058,0.2730758407295046,-0.2730758407295046,91.71875,91.46828825233091,0.2864766920598211,13.905030197037496,0.4514510236182506,-0.25046174766909246,106.72649999999996,105.72976177669477,0.9339182146001104,0.01033774198088599,0.009537667092810485,0.07739358261744265,0.010934152069245267,0.2864766920598211,13.905030197037496,0.4514510236182506,-0.25046174766909246,106.72649999999996,105.72976177669477,0.9339182146001104,0.01033774198088599,0.009537667092810485,0.07739358261744265,0.010934152069245267,0.09112567084687516,-0.09112567084687516,259.80263578274764,259.56588888801275,0.9544845279546104,24.85413888128056,0.9607698535651398,-0.23674689473489252,335.03,333.65130791321644,0.41151302473913703,0.008188542550630494,0.005819855780487198,0.28926842053973506,0.09199899749124957,0.95448452795461,26.26110800745552,0.9188316535607279,-7.964036741096578,335.03,322.69014357655885,3.6832093912309705,0.009141874611979892,0.007041178866992089,0.22978829114927524,0.09199899749124957,18.44526049414049,64.70172265809713,-3.5571238585103124,59.257790557813024,68.61498932097008,-59.257790557813024,2.7271882554011726,7.632797637458919,0.9772711150500677,3.8158400508596637,16.641427099384774,-2.391206914293044,17.02582836151123,15.05051455826807,33.661723136901855,13.133156066444563,841.1710262298584,844.9502696070681,893.3342695236206,880.1751472391285,1.985788345336914,0.06556510925292969,0.24020671844482422,0.21791551262140274,0.9689885857931911,1201.0,2.425870940882566,0.7385861781848397,1.9516740849292258,0.0,0.0,0.0,10.642206547572451,1193.6444022470184,1.9560000896453857
rate-2-repeat-2,2.0,2,evaluation,same_rate_repeatability,role_aware_zero_shot,1200,632.5,0,1.0,0.0,0.0,True,7.91029146231817,-7.91029146231817,350.7896324110672,323.04115006775726,0.007762484964094487,0.9926194568631677,0.010665766119687966,0.012507229674017024,0.0018414635543290581,0.14723192923806155,0.11183572628644667,0.7859206304378438,-0.7859206304378438,92.18696442687747,91.46244805487224,0.121365784070364,15.55186312325983,0.43416108779128754,-0.7245163720052261,117.8869999999998,105.72230161319085,10.318948134068194,0.013028422340455302,0.010370279939460093,0.2040264225040709,0.01200259530700353,0.121365784070364,15.55186312325983,0.43416108779128754,-0.7245163720052261,117.8869999999998,105.72230161319085,10.318948134068194,0.013028422340455302,0.010370279939460093,0.2040264225040709,0.01200259530700353,0.20732112324056404,0.20732112324056404,258.60266798418974,259.1388059401846,0.9280195003567486,31.424565348363153,0.9536740757430898,0.5361379559948887,336.044,333.83683083627625,0.6568095736640838,0.012858870367967136,0.006281940691862564,0.511470252666084,0.09219244890225843,0.9280195003567487,32.183964726580825,0.9120456108416101,-7.172509454805294,336.044,322.8675683089606,3.9210435809118445,0.013487869224809587,0.007423913203380362,0.44958591459911135,0.09219244890225843,14.335946980424534,72.5280280490976,-0.2158240946169867,58.00896771528859,67.87752326340426,-58.00896771528859,2.655140581430161,7.567066796763386,0.9333161651916158,3.7708391917424597,16.029979752640276,-1.9862317760401416,15.948176383972168,15.05051455826807,32.54365921020508,13.111993401700396,839.5286798477173,845.429981069401,891.7825222015381,878.8049200145946,1.254439353942871,0.058650970458984375,0.23257732391357422,0.19131600856781006,0.9689885857931911,1201.0,2.292622814321397,0.619820149875105,1.9516740849292258,0.0,0.0,0.0,10.096086691646255,1191.5192235165046,0.25100016593933105
rate-2-repeat-2,2.0,2,evaluation,same_rate_repeatability,role_aware_idle_calibrated,1200,632.5,0,1.0,0.0,0.0,True,1.5527898556669977,-1.5527898556669977,350.7896324110672,345.3426065842566,0.0077624849640944805,0.9926194568631677,0.00302825972944471,0.0036243484478051657,0.0005960887183604556,0.16446782834068707,0.06020256180433826,0.7859206304378438,-0.7859206304378438,92.18696442687747,91.46244805487224,0.121365784070364,15.55186312325983,0.43416108779128754,-0.7245163720052261,117.8869999999998,105.72230161319085,10.318948134068194,0.013028422340455302,0.010370279939460093,0.2040264225040709,0.01200259530700353,0.121365784070364,15.55186312325983,0.43416108779128754,-0.7245163720052261,117.8869999999998,105.72230161319085,10.318948134068194,0.013028422340455302,0.010370279939460093,0.2040264225040709,0.01200259530700353,0.20732112324056404,0.20732112324056404,258.60266798418974,259.1388059401846,0.9280195003567486,31.424565348363153,0.9536740757430898,0.5361379559948887,336.044,333.83683083627625,0.6568095736640838,0.012858870367967136,0.006281940691862564,0.511470252666084,0.09219244890225843,0.9280195003567487,32.183964726580825,0.9120456108416101,-7.172509454805294,336.044,322.8675683089606,3.9210435809118445,0.013487869224809587,0.007423913203380362,0.44958591459911135,0.09219244890225843,14.335946980424534,72.5280280490976,-0.2158240946169867,58.00896771528859,67.87752326340426,-58.00896771528859,2.655140581430161,7.567066796763386,0.9333161651916158,3.7708391917424597,16.029979752640276,-1.9862317760401416,15.948176383972168,15.05051455826807,32.54365921020508,13.111993401700396,839.5286798477173,845.429981069401,891.7825222015381,878.8049200145946,1.254439353942871,0.058650970458984375,0.23257732391357422,0.19131600856781006,0.9689885857931911,1201.0,2.292622814321397,0.619820149875105,1.9516740849292258,0.0,0.0,0.0,10.096086691646255,1191.5192235165046,0.25100016593933105
rate-2-repeat-2,2.0,2,evaluation,same_rate_repeatability,phase_soft_dtw_calibrated,1200,632.5,0,1.0,0.0,0.0,True,0.053701249582436876,-0.053701249582436876,350.7896324110672,350.6012539950568,0.00775662053775804,0.9926210260307491,0.0027428373564858844,0.003323603588491393,0.0005807662320055085,0.17473992205825076,0.05765070327837632,0.7859206304378438,-0.7859206304378438,92.18696442687747,91.46244805487224,0.121365784070364,15.55186312325983,0.43416108779128754,-0.7245163720052261,117.8869999999998,105.72230161319085,10.318948134068194,0.013028422340455302,0.010370279939460093,0.2040264225040709,0.01200259530700353,0.121365784070364,15.55186312325983,0.43416108779128754,-0.7245163720052261,117.8869999999998,105.72230161319085,10.318948134068194,0.013028422340455302,0.010370279939460093,0.2040264225040709,0.01200259530700353,0.20732112324056404,0.20732112324056404,258.60266798418974,259.1388059401846,0.9280195003567486,31.424565348363153,0.9536740757430898,0.5361379559948887,336.044,333.83683083627625,0.6568095736640838,0.012858870367967136,0.006281940691862564,0.511470252666084,0.09219244890225843,0.9280195003567487,32.183964726580825,0.9120456108416101,-7.172509454805294,336.044,322.8675683089606,3.9210435809118445,0.013487869224809587,0.007423913203380362,0.44958591459911135,0.09219244890225843,14.335946980424534,72.5280280490976,-0.2158240946169867,58.00896771528859,67.87752326340426,-58.00896771528859,2.655140581430161,7.567066796763386,0.9333161651916158,3.7708391917424597,16.029979752640276,-1.9862317760401416,15.948176383972168,15.05051455826807,32.54365921020508,13.111993401700396,839.5286798477173,845.429981069401,891.7825222015381,878.8049200145946,1.254439353942871,0.058650970458984375,0.23257732391357422,0.19131600856781006,0.9689885857931911,1201.0,2.292622814321397,0.619820149875105,1.9516740849292258,0.0,0.0,0.0,10.096086691646255,1191.5192235165046,0.25100016593933105
rate-2-repeat-2,2.0,2,evaluation,same_rate_repeatability,colocated_tp2_idle_calibrated,1200,632.5,0,1.0,0.0,0.0,True,14.104075626065182,14.104075626065182,350.7896324110672,400.2652674547202,0.02458324683812401,0.9164744989745013,0.051194448609489136,0.05962599235558363,0.008431543746094491,0.14140718523915563,0.2441843409303381,0.7859206304378438,-0.7859206304378438,92.18696442687747,91.46244805487224,0.121365784070364,15.55186312325983,0.43416108779128754,-0.7245163720052261,117.8869999999998,105.72230161319085,10.318948134068194,0.013028422340455302,0.010370279939460093,0.2040264225040709,0.01200259530700353,0.121365784070364,15.55186312325983,0.43416108779128754,-0.7245163720052261,117.8869999999998,105.72230161319085,10.318948134068194,0.013028422340455302,0.010370279939460093,0.2040264225040709,0.01200259530700353,0.20732112324056404,0.20732112324056404,258.60266798418974,259.1388059401846,0.9280195003567486,31.424565348363153,0.9536740757430898,0.5361379559948887,336.044,333.83683083627625,0.6568095736640838,0.012858870367967136,0.006281940691862564,0.511470252666084,0.09219244890225843,0.9280195003567487,32.183964726580825,0.9120456108416101,-7.172509454805294,336.044,322.8675683089606,3.9210435809118445,0.013487869224809587,0.007423913203380362,0.44958591459911135,0.09219244890225843,14.335946980424534,72.5280280490976,-0.2158240946169867,58.00896771528859,67.87752326340426,-58.00896771528859,2.655140581430161,7.567066796763386,0.9333161651916158,3.7708391917424597,16.029979752640276,-1.9862317760401416,15.948176383972168,15.05051455826807,32.54365921020508,13.111993401700396,839.5286798477173,845.429981069401,891.7825222015381,878.8049200145946,1.254439353942871,0.058650970458984375,0.23257732391357422,0.19131600856781006,0.9689885857931911,1201.0,2.292622814321397,0.619820149875105,1.9516740849292258,0.0,0.0,0.0,10.096086691646255,1191.5192235165046,0.25100016593933105
rate-4-repeat-0,4.0,0,evaluation,diagnostic,role_aware_zero_shot,2400,648.75,5,0.9980732177263969,0.0015432098765432098,1.25,True,9.832443304471651,-9.832443304471651,430.26540077071286,387.9597991811748,0.05294159916904727,0.9124480393052768,0.012049239237710169,0.012911834327380318,0.0008625950896701488,0.06680654876751045,0.11363025269434333,8.580641412747259,-8.580641412747259,105.28366023166024,96.24964688096628,0.2761541037102279,46.944702261542965,0.19427760392360233,-9.034013350693954,195.93599999999992,114.8625571102742,41.377512498839295,0.022083806142195232,0.020809971870237476,0.057681826391504966,0.022855763548005108,0.2761541037102279,46.944702261542965,0.19427760392360233,-9.034013350693954,195.93599999999992,114.8625571102742,41.377512498839295,0.022083806142195232,0.020809971870237476,0.057681826391504966,0.022855763548005108,0.8882320477990282,-0.8882320477990282,325.06349806949805,322.1761799039482,0.9731224094442035,13.561968216953208,0.9674408994467244,-2.887318165549857,361.9575,355.01407127864786,1.9182994471318098,0.002206743605223481,0.00187678096552933,0.14952468375261696,0.0397007320779121,0.9731224094442039,19.00624095615979,0.9252115041520123,-13.347586047408072,361.9575,343.1204090713068,5.204227272177855,0.004334099664713031,0.005021443958041225,-0.1585898679082877,0.0397007320779121,22.985001666712975,57.19690733239074,-12.532901254946495,60.28521826342707,69.43581527709372,-60.28521826342707,9.426775123877814,17.53121669666918,9.387708531868537,8.453923278096195,19.39042699361272,3.8214987756923224,17.192721366882324,15.055054900528454,42.994141578674316,16.905088786984006,1124.2990493774414,1224.4722868675524,1193.2530403137207,1267.456197070032,1.2623071670532227,0.042438507080078125,0.2231597900390625,0.2753613516688347,0.47762622909715674,2401.0,3.7022819658475803,1.3777238650562251,5.83223998000833,0.0,0.0,0.0,18.288718888699783,1596.5525266457998,1.3859999179840088
rate-4-repeat-0,4.0,0,evaluation,diagnostic,role_aware_idle_calibrated,2400,648.75,5,0.9980732177263969,0.0015432098765432098,1.25,True,4.649257188053318,-4.649257188053318,430.26540077071286,410.2612556976741,0.05294159916904708,0.9124480393052774,0.004411561117935511,0.005628976668869728,0.001217415550934217,0.21627653169482194,0.07502650644185511,8.580641412747259,-8.580641412747259,105.28366023166024,96.24964688096628,0.2761541037102279,46.944702261542965,0.19427760392360233,-9.034013350693954,195.93599999999992,114.8625571102742,41.377512498839295,0.022083806142195232,0.020809971870237476,0.057681826391504966,0.022855763548005108,0.2761541037102279,46.944702261542965,0.19427760392360233,-9.034013350693954,195.93599999999992,114.8625571102742,41.377512498839295,0.022083806142195232,0.020809971870237476,0.057681826391504966,0.022855763548005108,0.8882320477990282,-0.8882320477990282,325.06349806949805,322.1761799039482,0.9731224094442035,13.561968216953208,0.9674408994467244,-2.887318165549857,361.9575,355.01407127864786,1.9182994471318098,0.002206743605223481,0.00187678096552933,0.14952468375261696,0.0397007320779121,0.9731224094442039,19.00624095615979,0.9252115041520123,-13.347586047408072,361.9575,343.1204090713068,5.204227272177855,0.004334099664713031,0.005021443958041225,-0.1585898679082877,0.0397007320779121,22.985001666712975,57.19690733239074,-12.532901254946495,60.28521826342707,69.43581527709372,-60.28521826342707,9.426775123877814,17.53121669666918,9.387708531868537,8.453923278096195,19.39042699361272,3.8214987756923224,17.192721366882324,15.055054900528454,42.994141578674316,16.905088786984006,1124.2990493774414,1224.4722868675524,1193.2530403137207,1267.456197070032,1.2623071670532227,0.042438507080078125,0.2231597900390625,0.2753613516688347,0.47762622909715674,2401.0,3.7022819658475803,1.3777238650562251,5.83223998000833,0.0,0.0,0.0,18.288718888699783,1596.5525266457998,1.3859999179840088
rate-4-repeat-0,4.0,0,evaluation,diagnostic,phase_soft_dtw_calibrated,2400,648.75,5,0.9980732177263969,0.0015432098765432098,1.25,True,2.789097423998264,-2.789097423998264,430.26540077071286,418.2648795614611,0.0530565509964218,0.9121457267539643,0.0029855285129535597,0.004209476806332903,0.0012239482933793437,0.2907601941262599,0.06488048093481509,8.580641412747259,-8.580641412747259,105.28366023166024,96.24964688096628,0.2761541037102279,46.944702261542965,0.19427760392360233,-9.034013350693954,195.93599999999992,114.8625571102742,41.377512498839295,0.022083806142195232,0.020809971870237476,0.057681826391504966,0.022855763548005108,0.2761541037102279,46.944702261542965,0.19427760392360233,-9.034013350693954,195.93599999999992,114.8625571102742,41.377512498839295,0.022083806142195232,0.020809971870237476,0.057681826391504966,0.022855763548005108,0.8882320477990282,-0.8882320477990282,325.06349806949805,322.1761799039482,0.9731224094442035,13.561968216953208,0.9674408994467244,-2.887318165549857,361.9575,355.01407127864786,1.9182994471318098,0.002206743605223481,0.00187678096552933,0.14952468375261696,0.0397007320779121,0.9731224094442039,19.00624095615979,0.9252115041520123,-13.347586047408072,361.9575,343.1204090713068,5.204227272177855,0.004334099664713031,0.005021443958041225,-0.1585898679082877,0.0397007320779121,22.985001666712975,57.19690733239074,-12.532901254946495,60.28521826342707,69.43581527709372,-60.28521826342707,9.426775123877814,17.53121669666918,9.387708531868537,8.453923278096195,19.39042699361272,3.8214987756923224,17.192721366882324,15.055054900528454,42.994141578674316,16.905088786984006,1124.2990493774414,1224.4722868675524,1193.2530403137207,1267.456197070032,1.2623071670532227,0.042438507080078125,0.2231597900390625,0.2753613516688347,0.47762622909715674,2401.0,3.7022819658475803,1.3777238650562251,5.83223998000833,0.0,0.0,0.0,18.288718888699783,1596.5525266457998,1.3859999179840088
rate-4-repeat-0,4.0,0,evaluation,diagnostic,colocated_tp2_idle_calibrated,2400,648.75,5,0.9980732177263969,0.0015432098765432098,1.25,True,16.636024260840294,16.636024260840294,430.26540077071286,501.84445722893037,0.06535423565457081,0.8716641949616729,0.02618980656400982,0.03891490423724032,0.012725097673230497,0.3269980467034784,0.1972686093559753,8.580641412747259,-8.580641412747259,105.28366023166024,96.24964688096628,0.2761541037102279,46.944702261542965,0.19427760392360233,-9.034013350693954,195.93599999999992,114.8625571102742,41.377512498839295,0.022083806142195232,0.020809971870237476,0.057681826391504966,0.022855763548005108,0.2761541037102279,46.944702261542965,0.19427760392360233,-9.034013350693954,195.93599999999992,114.8625571102742,41.377512498839295,0.022083806142195232,0.020809971870237476,0.057681826391504966,0.022855763548005108,0.8882320477990282,-0.8882320477990282,325.06349806949805,322.1761799039482,0.9731224094442035,13.561968216953208,0.9674408994467244,-2.887318165549857,361.9575,355.01407127864786,1.9182994471318098,0.002206743605223481,0.00187678096552933,0.14952468375261696,0.0397007320779121,0.9731224094442039,19.00624095615979,0.9252115041520123,-13.347586047408072,361.9575,343.1204090713068,5.204227272177855,0.004334099664713031,0.005021443958041225,-0.1585898679082877,0.0397007320779121,22.985001666712975,57.19690733239074,-12.532901254946495,60.28521826342707,69.43581527709372,-60.28521826342707,9.426775123877814,17.53121669666918,9.387708531868537,8.453923278096195,19.39042699361272,3.8214987756923224,17.192721366882324,15.055054900528454,42.994141578674316,16.905088786984006,1124.2990493774414,1224.4722868675524,1193.2530403137207,1267.456197070032,1.2623071670532227,0.042438507080078125,0.2231597900390625,0.2753613516688347,0.47762622909715674,2401.0,3.7022819658475803,1.3777238650562251,5.83223998000833,0.0,0.0,0.0,18.288718888699783,1596.5525266457998,1.3859999179840088
rate-4-repeat-1,4.0,1,evaluation,diagnostic,role_aware_zero_shot,2400,647.0,0,1.0,0.0,0.0,True,7.579223157579076,-7.579223157579076,420.82102395672337,388.926059457034,0.014308619852329178,0.9930699574846543,0.009780921762412177,0.009772707193116233,-8.214569295943164e-06,-0.0008405623061877264,0.09885700376359896,1.1897568317845382,1.1897568317845382,95.1350540958269,96.26692990135392,0.1781485798212644,19.28758251821205,0.49497973332516615,1.1318758055270166,133.93,114.2467422040504,14.696675723101322,0.012532434752843845,0.009835290134865355,0.21521313864143254,0.011687018993738514,0.1781485798212644,19.28758251821205,0.49497973332516615,1.1318758055270166,133.93,114.2467422040504,14.696675723101322,0.012532434752843845,0.009835290134865355,0.21521313864143254,0.011687018993738514,0.8225238038387627,-0.8225238038387627,325.6859698608965,323.00712523302747,0.9654389906198543,14.94111277014501,0.9618753425690333,-2.6788446278690117,362.0665,354.983030643889,1.9564000966979929,0.0025856730987920823,0.0016863911300908096,0.34779414656917745,0.036834622223270386,0.9654389906198537,19.905004901580543,0.9198888872839461,-13.175383788717056,362.0665,343.0907233795074,5.240964469370305,0.004589150573798537,0.004697985744701342,-0.023715755051532436,0.036834622223270386,17.287694053162948,66.80320997878573,-1.4243022597711126,60.10289117691299,68.93943234701963,-60.10289117691299,9.760763272809122,17.470431280313587,9.745855449972307,8.122467800601,16.787961353694644,4.609690688310022,16.965627670288086,15.055148709165756,42.986392974853516,16.88042099399885,1121.1788654327393,1239.2155476327673,1185.6613159179688,1275.7027654352266,1.6543865203857422,0.04291534423828125,0.22220611572265625,0.30470220372080803,0.9703193159509814,2401.0,2.6801336942940397,0.6217867555185326,1.9051569046230739,0.0,0.0,0.0,10.278241466443795,1600.00548362794,0.25100016593933105
rate-4-repeat-1,4.0,1,evaluation,diagnostic,role_aware_idle_calibrated,2400,647.0,0,1.0,0.0,0.0,True,2.2797121429410003,-2.2797121429410003,420.82102395672337,411.2275159735333,0.014308619852329223,0.9930699574846543,0.0016488890545964753,0.002085794916066762,0.00043690586147028684,0.20946731536491212,0.045670503785996935,1.1897568317845382,1.1897568317845382,95.1350540958269,96.26692990135392,0.1781485798212644,19.28758251821205,0.49497973332516615,1.1318758055270166,133.93,114.2467422040504,14.696675723101322,0.012532434752843845,0.009835290134865355,0.21521313864143254,0.011687018993738514,0.1781485798212644,19.28758251821205,0.49497973332516615,1.1318758055270166,133.93,114.2467422040504,14.696675723101322,0.012532434752843845,0.009835290134865355,0.21521313864143254,0.011687018993738514,0.8225238038387627,-0.8225238038387627,325.6859698608965,323.00712523302747,0.9654389906198543,14.94111277014501,0.9618753425690333,-2.6788446278690117,362.0665,354.983030643889,1.9564000966979929,0.0025856730987920823,0.0016863911300908096,0.34779414656917745,0.036834622223270386,0.9654389906198537,19.905004901580543,0.9198888872839461,-13.175383788717056,362.0665,343.0907233795074,5.240964469370305,0.004589150573798537,0.004697985744701342,-0.023715755051532436,0.036834622223270386,17.287694053162948,66.80320997878573,-1.4243022597711126,60.10289117691299,68.93943234701963,-60.10289117691299,9.760763272809122,17.470431280313587,9.745855449972307,8.122467800601,16.787961353694644,4.609690688310022,16.965627670288086,15.055148709165756,42.986392974853516,16.88042099399885,1121.1788654327393,1239.2155476327673,1185.6613159179688,1275.7027654352266,1.6543865203857422,0.04291534423828125,0.22220611572265625,0.30470220372080803,0.9703193159509814,2401.0,2.6801336942940397,0.6217867555185326,1.9051569046230739,0.0,0.0,0.0,10.278241466443795,1600.00548362794,0.25100016593933105
rate-4-repeat-1,4.0,1,evaluation,diagnostic,phase_soft_dtw_calibrated,2400,647.0,0,1.0,0.0,0.0,True,0.367607304358708,-0.367607304358708,420.82102395672337,419.27405513438134,0.014392970556350563,0.9929607309902877,0.0007614713919626008,0.0012991960408757104,0.0005377246489131096,0.4138903075402397,0.036044362123301754,1.1897568317845382,1.1897568317845382,95.1350540958269,96.26692990135392,0.1781485798212644,19.28758251821205,0.49497973332516615,1.1318758055270166,133.93,114.2467422040504,14.696675723101322,0.012532434752843845,0.009835290134865355,0.21521313864143254,0.011687018993738514,0.1781485798212644,19.28758251821205,0.49497973332516615,1.1318758055270166,133.93,114.2467422040504,14.696675723101322,0.012532434752843845,0.009835290134865355,0.21521313864143254,0.011687018993738514,0.8225238038387627,-0.8225238038387627,325.6859698608965,323.00712523302747,0.9654389906198543,14.94111277014501,0.9618753425690333,-2.6788446278690117,362.0665,354.983030643889,1.9564000966979929,0.0025856730987920823,0.0016863911300908096,0.34779414656917745,0.036834622223270386,0.9654389906198537,19.905004901580543,0.9198888872839461,-13.175383788717056,362.0665,343.0907233795074,5.240964469370305,0.004589150573798537,0.004697985744701342,-0.023715755051532436,0.036834622223270386,17.287694053162948,66.80320997878573,-1.4243022597711126,60.10289117691299,68.93943234701963,-60.10289117691299,9.760763272809122,17.470431280313587,9.745855449972307,8.122467800601,16.787961353694644,4.609690688310022,16.965627670288086,15.055148709165756,42.986392974853516,16.88042099399885,1121.1788654327393,1239.2155476327673,1185.6613159179688,1275.7027654352266,1.6543865203857422,0.04291534423828125,0.22220611572265625,0.30470220372080803,0.9703193159509814,2401.0,2.6801336942940397,0.6217867555185326,1.9051569046230739,0.0,0.0,0.0,10.278241466443795,1600.00548362794,0.25100016593933105
rate-4-repeat-1,4.0,1,evaluation,diagnostic,colocated_tp2_idle_calibrated,2400,647.0,0,1.0,0.0,0.0,True,19.62053677950667,19.62053677950667,420.82102395672337,503.3883677380488,0.03453621209245349,0.9469550586621585,0.056460335231651865,0.0699550109952798,0.013494675763627936,0.19290506243417627,0.2644900962139789,1.1897568317845382,1.1897568317845382,95.1350540958269,96.26692990135392,0.1781485798212644,19.28758251821205,0.49497973332516615,1.1318758055270166,133.93,114.2467422040504,14.696675723101322,0.012532434752843845,0.009835290134865355,0.21521313864143254,0.011687018993738514,0.1781485798212644,19.28758251821205,0.49497973332516615,1.1318758055270166,133.93,114.2467422040504,14.696675723101322,0.012532434752843845,0.009835290134865355,0.21521313864143254,0.011687018993738514,0.8225238038387627,-0.8225238038387627,325.6859698608965,323.00712523302747,0.9654389906198543,14.94111277014501,0.9618753425690333,-2.6788446278690117,362.0665,354.983030643889,1.9564000966979929,0.0025856730987920823,0.0016863911300908096,0.34779414656917745,0.036834622223270386,0.9654389906198537,19.905004901580543,0.9198888872839461,-13.175383788717056,362.0665,343.0907233795074,5.240964469370305,0.004589150573798537,0.004697985744701342,-0.023715755051532436,0.036834622223270386,17.287694053162948,66.80320997878573,-1.4243022597711126,60.10289117691299,68.93943234701963,-60.10289117691299,9.760763272809122,17.470431280313587,9.745855449972307,8.122467800601,16.787961353694644,4.609690688310022,16.965627670288086,15.055148709165756,42.986392974853516,16.88042099399885,1121.1788654327393,1239.2155476327673,1185.6613159179688,1275.7027654352266,1.6543865203857422,0.04291534423828125,0.22220611572265625,0.30470220372080803,0.9703193159509814,2401.0,2.6801336942940397,0.6217867555185326,1.9051569046230739,0.0,0.0,0.0,10.278241466443795,1600.00548362794,0.25100016593933105
rate-4-repeat-2,4.0,2,evaluation,heldout_rate,role_aware_zero_shot,2400,647.5,5,0.9980694980694981,0.0015455950540958269,1.25,True,7.745919963818055,-7.745919963818055,421.08586486486485,388.46889079348136,0.01470973592458677,0.9936799434390234,0.009596622245048475,0.009419073278275653,-0.00017754896677282285,-0.018849940066006866,0.097051910224764,0.8414107543772497,0.8414107543772497,95.47511411992264,96.27845199788162,0.24326763642564328,19.647358341496115,0.4686638447025194,0.803337877958981,136.8559999999999,114.97059054400852,15.991560074816894,0.010583578961897802,0.00888411548835213,0.16057549905036403,0.01065512926162514,0.24326763642564328,19.647358341496115,0.4686638447025194,0.803337877958981,136.8559999999999,114.97059054400852,15.991560074816894,0.010583578961897802,0.00888411548835213,0.16057549905036403,0.01065512926162514,0.967499946822121,-0.967499946822121,325.7506460348162,322.59900870765665,0.9717580927023585,13.859240009339963,0.9596655370061952,-3.1516373271595626,362.52,355.0069952066124,2.0724387050059607,0.0023193036692607106,0.0017617976647090175,0.24037645951269543,0.03939228223081215,0.9717580927023579,19.41551784064965,0.9177755411045092,-13.630361948549819,362.52,343.1136418742044,5.35318275565364,0.0045517325939312065,0.005061566424578087,-0.11200873955702902,0.03939228223081215,15.517685849010888,72.49185791268091,0.9989958596828921,60.83966843551735,69.16869221413423,-60.83966843551735,9.47107565271425,17.441605185772126,9.440907090369064,7.887209592593662,16.49651843950963,4.368515134263041,16.20340347290039,15.055054900528454,43.718934059143066,16.861719595197737,1122.1966743469238,1230.7941750080502,1183.977484703064,1269.228294951517,1.8703937530517578,0.04458427429199219,0.23865699768066406,0.3440920263528824,0.9703193159509814,2401.0,2.483123281965868,0.6099354435651964,1.9051569046230739,0.0,0.0,0.0,9.873698529915753,1596.6897210120217,1.363999843597412
rate-4-repeat-2,4.0,2,evaluation,heldout_rate,role_aware_idle_calibrated,2400,647.5,5,0.9980694980694981,0.0015455950540958269,1.25,True,2.449742063461224,-2.449742063461224,421.08586486486485,410.77034730998076,0.014709735924586813,0.9936799434390234,0.0015474707749582207,0.00193389077756115,0.0003864200026029293,0.1998148018939558,0.04397602503138668,0.8414107543772497,0.8414107543772497,95.47511411992264,96.27845199788162,0.24326763642564328,19.647358341496115,0.4686638447025194,0.803337877958981,136.8559999999999,114.97059054400852,15.991560074816894,0.010583578961897802,0.00888411548835213,0.16057549905036403,0.01065512926162514,0.24326763642564328,19.647358341496115,0.4686638447025194,0.803337877958981,136.8559999999999,114.97059054400852,15.991560074816894,0.010583578961897802,0.00888411548835213,0.16057549905036403,0.01065512926162514,0.967499946822121,-0.967499946822121,325.7506460348162,322.59900870765665,0.9717580927023585,13.859240009339963,0.9596655370061952,-3.1516373271595626,362.52,355.0069952066124,2.0724387050059607,0.0023193036692607106,0.0017617976647090175,0.24037645951269543,0.03939228223081215,0.9717580927023579,19.41551784064965,0.9177755411045092,-13.630361948549819,362.52,343.1136418742044,5.35318275565364,0.0045517325939312065,0.005061566424578087,-0.11200873955702902,0.03939228223081215,15.517685849010888,72.49185791268091,0.9989958596828921,60.83966843551735,69.16869221413423,-60.83966843551735,9.47107565271425,17.441605185772126,9.440907090369064,7.887209592593662,16.49651843950963,4.368515134263041,16.20340347290039,15.055054900528454,43.718934059143066,16.861719595197737,1122.1966743469238,1230.7941750080502,1183.977484703064,1269.228294951517,1.8703937530517578,0.04458427429199219,0.23865699768066406,0.3440920263528824,0.9703193159509814,2401.0,2.483123281965868,0.6099354435651964,1.9051569046230739,0.0,0.0,0.0,9.873698529915753,1596.6897210120217,1.363999843597412
rate-4-repeat-2,4.0,2,evaluation,heldout_rate,phase_soft_dtw_calibrated,2400,647.5,5,0.9980694980694981,0.0015455950540958269,1.25,True,0.543719342198765,-0.543719342198765,421.08586486486485,418.7963395703296,0.014736161326410221,0.9936163092532709,0.0006116461637547218,0.0010996224946471739,0.0004879763308924521,0.4437671412397077,0.03316055630786632,0.8414107543772497,0.8414107543772497,95.47511411992264,96.27845199788162,0.24326763642564328,19.647358341496115,0.4686638447025194,0.803337877958981,136.8559999999999,114.97059054400852,15.991560074816894,0.010583578961897802,0.00888411548835213,0.16057549905036403,0.01065512926162514,0.24326763642564328,19.647358341496115,0.4686638447025194,0.803337877958981,136.8559999999999,114.97059054400852,15.991560074816894,0.010583578961897802,0.00888411548835213,0.16057549905036403,0.01065512926162514,0.967499946822121,-0.967499946822121,325.7506460348162,322.59900870765665,0.9717580927023585,13.859240009339963,0.9596655370061952,-3.1516373271595626,362.52,355.0069952066124,2.0724387050059607,0.0023193036692607106,0.0017617976647090175,0.24037645951269543,0.03939228223081215,0.9717580927023579,19.41551784064965,0.9177755411045092,-13.630361948549819,362.52,343.1136418742044,5.35318275565364,0.0045517325939312065,0.005061566424578087,-0.11200873955702902,0.03939228223081215,15.517685849010888,72.49185791268091,0.9989958596828921,60.83966843551735,69.16869221413423,-60.83966843551735,9.47107565271425,17.441605185772126,9.440907090369064,7.887209592593662,16.49651843950963,4.368515134263041,16.20340347290039,15.055054900528454,43.718934059143066,16.861719595197737,1122.1966743469238,1230.7941750080502,1183.977484703064,1269.228294951517,1.8703937530517578,0.04458427429199219,0.23865699768066406,0.3440920263528824,0.9703193159509814,2401.0,2.483123281965868,0.6099354435651964,1.9051569046230739,0.0,0.0,0.0,9.873698529915753,1596.6897210120217,1.363999843597412
rate-4-repeat-2,4.0,2,evaluation,heldout_rate,colocated_tp2_idle_calibrated,2400,647.5,5,0.9980694980694981,0.0015455950540958269,1.25,True,19.341538502604585,19.341538502604585,421.08586486486485,502.5303495467282,0.035160468207723276,0.9447119593366875,0.05345800956654733,0.06593880245622806,0.01248079288968073,0.18927842825119268,0.2567855183927398,0.8414107543772497,0.8414107543772497,95.47511411992264,96.27845199788162,0.24326763642564328,19.647358341496115,0.4686638447025194,0.803337877958981,136.8559999999999,114.97059054400852,15.991560074816894,0.010583578961897802,0.00888411548835213,0.16057549905036403,0.01065512926162514,0.24326763642564328,19.647358341496115,0.4686638447025194,0.803337877958981,136.8559999999999,114.97059054400852,15.991560074816894,0.010583578961897802,0.00888411548835213,0.16057549905036403,0.01065512926162514,0.967499946822121,-0.967499946822121,325.7506460348162,322.59900870765665,0.9717580927023585,13.859240009339963,0.9596655370061952,-3.1516373271595626,362.52,355.0069952066124,2.0724387050059607,0.0023193036692607106,0.0017617976647090175,0.24037645951269543,0.03939228223081215,0.9717580927023579,19.41551784064965,0.9177755411045092,-13.630361948549819,362.52,343.1136418742044,5.35318275565364,0.0045517325939312065,0.005061566424578087,-0.11200873955702902,0.03939228223081215,15.517685849010888,72.49185791268091,0.9989958596828921,60.83966843551735,69.16869221413423,-60.83966843551735,9.47107565271425,17.441605185772126,9.440907090369064,7.887209592593662,16.49651843950963,4.368515134263041,16.20340347290039,15.055054900528454,43.718934059143066,16.861719595197737,1122.1966743469238,1230.7941750080502,1183.977484703064,1269.228294951517,1.8703937530517578,0.04458427429199219,0.23865699768066406,0.3440920263528824,0.9703193159509814,2401.0,2.483123281965868,0.6099354435651964,1.9051569046230739,0.0,0.0,0.0,9.873698529915753,1596.6897210120217,1.363999843597412
