t_bin,time_s,power_w
0,0.0,633.8202882195382
1,0.25,1775.6337773140094
2,0.5,1348.0147227499817
3,0.75,1507.2746946805983
4,1.0,1530.628968568857
5,1.25,1523.1559892633309
6,1.5,1598.2573897575628
7,1.75,1564.1827612425839
8,2.0,1644.243666801538
9,2.25,1731.2227121013568
10,2.5,1648.721232174394
11,2.75,1459.1584013179925
12,3.0,1420.0340804330772
13,3.25,1505.4406706865666
14,3.5,1683.3213626712445
15,3.75,1546.7845345528706
16,4.0,1514.0804652109034
17,4.25,1593.3369922194136
18,4.5,1440.5186708861204
19,4.75,1467.6829896199583
20,5.0,1629.9277086365068
21,5.25,1549.921400191844
22,5.5,1535.160640624668
23,5.75,1610.9764522181667
24,6.0,1522.2142359121033
25,6.25,1512.239512423516
26,6.5,1534.5140902409373
27,6.75,1639.0050125304917
28,7.0,1585.6201299823326
29,7.25,1462.2471539652795
30,7.5,1549.9308987534027
31,7.75,1643.490137580504
32,8.0,1763.7267551601087
33,8.25,1467.3853534773614
34,8.5,1613.0320105239916
35,8.75,1554.2886890498
36,9.0,1660.9272941826862
37,9.25,1623.950886016776
38,9.5,1724.5265785954516
39,9.75,1630.825206674277
40,10.0,1526.1244565899387
41,10.25,1526.765717038435
42,10.5,1619.6229717564609
43,10.75,1618.5797725810767
44,11.0,1815.5758574961892
45,11.25,1744.605467544927
46,11.5,1464.3144124341964
47,11.75,1614.1816824573975
48,12.0,1448.8329617727472
49,12.25,1416.8996314233084
50,12.5,1652.8651406242143
51,12.75,1634.001606388643
52,13.0,1477.5928098322163
53,13.25,1741.3947088976386
54,13.5,1483.5919990919508
55,13.75,1464.889761828098
56,14.0,1643.9223200388742
57,14.25,1601.4662753713371
58,14.5,1563.950699503928
59,14.75,1573.140812183768
60,15.0,1601.747779531624
61,15.25,1566.0089866992496
62,15.5,1562.7707979168397
63,15.75,1393.2679197717894
64,16.0,1447.7538070814915
65,16.25,1639.8241745578887
66,16.5,1510.4682297353806
67,16.75,1633.3569882550053
68,17.0,1701.245663074802
69,17.25,1544.827090614138
70,17.5,1607.5670974827494
71,17.75,1783.9599262046354
72,18.0,1648.0842725531734
73,18.25,1760.8865694872418
74,18.5,1730.5486129121925
75,18.75,1653.8303896823738
76,19.0,1568.7319492170082
77,19.25,1496.9260471364553
78,19.5,1470.4003960863795
79,19.75,1627.567634416967
80,20.0,1625.7830041353045
81,20.25,1562.5625558426066
82,20.5,1663.1841446806975
83,20.75,1520.2800776699448
84,21.0,1688.9277328031358
85,21.25,1583.6715181278614
86,21.5,1576.1640429421325
87,21.75,1579.7099120236282
88,22.0,1570.0402593224362
89,22.25,1824.4595929213176
90,22.5,1421.242514575491
91,22.75,1597.1667712824392
92,23.0,1702.0956392837497
93,23.25,1650.3047790823912
94,23.5,1550.0267851671629
95,23.75,1750.8790988037401
96,24.0,1474.6496556808581
97,24.25,1451.2615118688348
98,24.5,1635.60698955817
99,24.75,1436.6885116317524
100,25.0,1345.8635127100588
101,25.25,1666.5694047141947
102,25.5,1654.6162090047274
103,25.75,1651.757795261562
104,26.0,1531.7936103114362
105,26.25,1597.729690381284
106,26.5,1484.7961425741175
107,26.75,1750.3116325834999
108,27.0,1657.5346648543464
109,27.25,1652.7382750583747
110,27.5,1387.954217208735
111,27.75,1659.1355988888772
112,28.0,1726.6701456795877
113,28.25,1699.357149202806
114,28.5,1657.3483967152176
115,28.75,1579.642652655295
116,29.0,1546.117254459988
117,29.25,1638.9087365815622
118,29.5,1617.3824662140134
119,29.75,1602.9844169275275
120,30.0,1549.3242874704024
121,30.25,1745.0897280630365
122,30.5,1464.8784602336123
123,30.75,1577.510870698421
124,31.0,1522.6755336933402
125,31.25,1681.239058110502
126,31.5,1720.4258022943668
127,31.75,1702.0939330419353
128,32.0,1654.0316972856433
129,32.25,1441.7897540771567
130,32.5,1784.4277082916003
131,32.75,1630.554268620848
132,33.0,1569.069343277585
133,33.25,1581.851391990885
134,33.5,1546.3448100611067
135,33.75,1621.425787594196
136,34.0,1610.2420453765233
137,34.25,1544.3206607462569
138,34.5,1326.9858931231454
139,34.75,1576.2825793413608
140,35.0,1626.6339923220642
141,35.25,1631.4858234043597
142,35.5,1564.643384259831
143,35.75,1624.3206646103306
144,36.0,1680.8727891156925
145,36.25,1533.4872960060386
146,36.5,1723.946519073805
147,36.75,1387.445393315396
148,37.0,1455.7116494707593
149,37.25,1490.7150542688087
150,37.5,1339.321516327943
151,37.75,1481.409329960126
152,38.0,1702.5151828105231
153,38.25,1701.8421770489329
154,38.5,1589.3120744239536
155,38.75,1748.9987240629116
156,39.0,1603.2908475115669
157,39.25,1530.776583108169
158,39.5,1603.5013722770564
159,39.75,1566.2483111331994
160,40.0,1652.1164410757128
161,40.25,1431.9105469364224
162,40.5,1678.0300576616594
163,40.75,1534.5419659425913
164,41.0,1663.8585003110404
165,41.25,1428.1742428297077
166,41.5,1538.502363705917
167,41.75,1587.4143717562313
168,42.0,1668.3953849421991
169,42.25,1459.9916272473808
170,42.5,1743.7312799574056
171,42.75,1627.2071334979653
172,43.0,1528.0263540621893
173,43.25,1699.4594289814966
174,43.5,1589.8385030510597
175,43.75,1693.6562343281107
176,44.0,1808.220253830272
177,44.25,1655.3221774971948
178,44.5,1527.937440490046
179,44.75,1537.8681209918293
180,45.0,1637.0314813550958
181,45.25,1608.0525212441328
182,45.5,1497.807621452416
183,45.75,1514.0276806719119
184,46.0,1645.2169911713033
185,46.25,1810.5364706302596
186,46.5,1321.0380351467613
187,46.75,1650.9345276869528
188,47.0,1558.9801301409054
189,47.25,1656.3879399006769
190,47.5,1665.0778891810978
191,47.75,1584.933459330162
192,48.0,1479.8149722994708
193,48.25,1442.3356092193894
194,48.5,1395.4098036637563
195,48.75,1699.9554677746567
196,49.0,1559.1123940047662
197,49.25,1526.6003117146845
198,49.5,1552.4228627014738
199,49.75,1447.999059337748
200,50.0,1609.695880860758
201,50.25,1709.4321479305295
202,50.5,1691.7053132945214
203,50.75,1425.7391880343755
204,51.0,1713.8392857496135
205,51.25,1504.5734753188392
206,51.5,1391.596391092342
207,51.75,1458.8172039058425
208,52.0,1484.6793477444317
209,52.25,1579.053465294721
210,52.5,1478.241169960068
211,52.75,1431.2029304789678
212,53.0,1553.7235890799845
213,53.25,1768.9542972422366
214,53.5,1510.6600146024382
215,53.75,1625.3964991106343
216,54.0,1587.5996264071368
217,54.25,1841.1598969638846
218,54.5,1393.0415682412902
219,54.75,1687.4684604774409
220,55.0,1453.7115420043065
221,55.25,1521.4722724205724
222,55.5,1570.2280723248873
223,55.75,1893.0909415709623
224,56.0,1504.6946026432583
225,56.25,1393.9635132749486
226,56.5,1707.3335486587869
227,56.75,1497.1972421024032
228,57.0,1555.8424275452262
229,57.25,1577.372258302971
230,57.5,1589.2757163782144
231,57.75,1563.0035195240123
232,58.0,1606.0708526816102
233,58.25,1617.8339206576466
234,58.5,1663.7207896783934
235,58.75,1537.7180671148822
236,59.0,1506.0985768372266
237,59.25,1475.1357623261194
238,59.5,1638.0301899197618
239,59.75,1575.1833310385175
240,60.0,1634.1449072900725
241,60.25,1632.6688259541822
242,60.5,1745.5441486677662
243,60.75,1600.1450847023216
244,61.0,1653.7331175048382
245,61.25,1461.4611105487227
246,61.5,1473.4882488537392
247,61.75,1549.077131988109
248,62.0,1460.071625140861
249,62.25,1647.558840787627
250,62.5,1448.6299728950403
251,62.75,1586.4623161111156
252,63.0,1337.981101825641
253,63.25,1471.0808131451786
254,63.5,1546.3923919243355
255,63.75,1554.260028636095
256,64.0,1403.5269854684773
257,64.25,1590.4244826763913
258,64.5,1675.615455384237
259,64.75,1643.491758282442
260,65.0,1514.9646148384413
261,65.25,1521.9756727524684
262,65.5,1463.063200412755
263,65.75,1641.676948797915
264,66.0,1721.5251017700728
265,66.25,1528.00864530127
266,66.5,1412.755013205882
267,66.75,1599.4073697568924
268,67.0,1649.3464853552175
269,67.25,1312.0137123886961
270,67.5,1593.3442192163632
271,67.75,1792.6059980993796
272,68.0,1660.4481460258285
273,68.25,1633.874858543782
274,68.5,1619.285743322073
275,68.75,1684.1753975122954
276,69.0,1487.1722316399216
277,69.25,1496.597135560146
278,69.5,1619.8215616259324
279,69.75,1512.3340965988587
280,70.0,1605.1803829209748
281,70.25,1391.6347264286499
282,70.5,1654.2822441930073
283,70.75,1663.037113283564
284,71.0,1584.0325479414485
285,71.25,1595.9079200283088
286,71.5,1739.1291338843043
287,71.75,1473.2135597996423
288,72.0,1489.927096523486
289,72.25,1472.1600587960622
290,72.5,1537.9642357086627
291,72.75,1480.2893798127925
292,73.0,1583.3805386487518
293,73.25,1515.7363006914018
294,73.5,1437.2118049611263
295,73.75,1427.2755589503647
296,74.0,1698.9042458228619
297,74.25,1572.9625036399425
298,74.5,1557.3779324138195
299,74.75,1582.34993118037
300,75.0,1571.6364104052427
301,75.25,1654.1011087440856
302,75.5,1635.0354204242146
303,75.75,1521.7385579857405
304,76.0,1498.7422399640977
305,76.25,1472.8569239688916
306,76.5,1456.6870177873457
307,76.75,1717.6389468729492
308,77.0,1489.5944172086115
309,77.25,1381.162006918375
310,77.5,1496.7794131026255
311,77.75,1502.2007817999245
312,78.0,1612.1779635952532
313,78.25,1492.59968829899
314,78.5,1632.3301869344384
315,78.75,1617.9487326724252
316,79.0,1704.3304970090614
317,79.25,1792.8623100789587
318,79.5,1859.9288120713286
319,79.75,1712.592468868219
320,80.0,1465.6793279986152
321,80.25,1539.9834543276288
322,80.5,1604.092989130563
323,80.75,1783.1388009405916
324,81.0,1646.2829470537763
325,81.25,1698.0894386642312
326,81.5,1562.6284829873607
327,81.75,1637.7917478426775
328,82.0,1650.371579284982
329,82.25,1534.8584820247684
330,82.5,1656.18762388515
331,82.75,1685.0518775268006
332,83.0,1564.1613931157622
333,83.25,1679.8723247405399
334,83.5,1741.8144674118273
335,83.75,1586.2574434856588
336,84.0,1579.7684774467184
337,84.25,1549.2856800342865
338,84.5,1518.827205839084
339,84.75,1595.0943823598918
340,85.0,1539.2332875932964
341,85.25,1549.053241338155
342,85.5,1503.6632996290095
343,85.75,1428.6652200813644
344,86.0,1487.5580777983303
345,86.25,1612.0939538892003
346,86.5,1463.3741765952911
347,86.75,1516.0080353596695
348,87.0,1741.2445654585179
349,87.25,1690.5305260495845
350,87.5,1511.5387623497709
351,87.75,1639.0796448274448
352,88.0,1515.7806432831844
353,88.25,1739.8114997424436
354,88.5,1522.1333431443616
355,88.75,1587.773694465302
356,89.0,1715.9338365813226
357,89.25,1498.3144432333563
358,89.5,1708.038783676433
359,89.75,1499.339791700043
360,90.0,1603.1635348426282
361,90.25,1550.6628472652462
362,90.5,1571.0322491884215
363,90.75,1595.4818012758187
364,91.0,1572.4249600135136
365,91.25,1479.6812287637697
366,91.5,1664.9656163588534
367,91.75,1650.6024158075782
368,92.0,1706.5932546457798
369,92.25,1715.947560509994
370,92.5,1447.556470094249
371,92.75,1706.1678640270666
372,93.0,1707.3700440311643
373,93.25,1527.3902431533065
374,93.5,1681.766371647295
375,93.75,1724.1385122595495
376,94.0,1526.7418841469469
377,94.25,1444.1346957196924
378,94.5,1544.3760833398394
379,94.75,1854.4017857730466
380,95.0,1602.9731973048756
381,95.25,1460.3183110034222
382,95.5,1554.8592225174134
383,95.75,1481.9709530440168
384,96.0,1540.4672220024659
385,96.25,1589.0942918869123
386,96.5,1327.8016571913631
387,96.75,1615.1824988682185
388,97.0,1718.8706920866387
389,97.25,1560.3254096299358
390,97.5,1542.0984363255222
391,97.75,1687.2922943832566
392,98.0,1455.1618593753315
393,98.25,1457.2024856896924
394,98.5,1442.9764464404473
395,98.75,1564.2585418688457
396,99.0,1618.48966241002
397,99.25,1570.8288688203504
398,99.5,1633.807726483275
399,99.75,1661.4414489096928
400,100.0,1628.5763530087468
401,100.25,1500.2050361771744
402,100.5,1553.3701503068753
403,100.75,1702.5029105548758
404,101.0,1476.7943194061509
405,101.25,1554.812365037752
406,101.5,1538.697574498384
407,101.75,1562.0249259798954
408,102.0,1473.9439262862759
409,102.25,1447.02875149641
410,102.5,1831.1179122370186
411,102.75,1672.7669264933618
412,103.0,1509.6503105357126
413,103.25,1573.937537957636
414,103.5,1646.2916198931432
415,103.75,1545.9374562383734
416,104.0,1640.3723815288934
417,104.25,1519.223044600352
418,104.5,1544.4751596212336
419,104.75,1571.399715418259
420,105.0,1534.7417381121422
421,105.25,1338.4997185050559
422,105.5,1581.8171155459268
423,105.75,1605.4675274971728
424,106.0,1626.5710981860302
425,106.25,1481.977562837721
426,106.5,1613.5937973729322
427,106.75,1600.951117891449
428,107.0,1405.7721251081969
429,107.25,1363.1746757461895
430,107.5,1626.5980577298333
431,107.75,1485.8918927281036
432,108.0,1678.3045925823292
433,108.25,1790.2440362503212
434,108.5,1522.425129274598
435,108.75,1511.9342600538619
436,109.0,1578.5864676561
437,109.25,1646.0986715016275
438,109.5,1468.0300212367217
439,109.75,1702.2299346823543
440,110.0,1677.224233527487
441,110.25,1644.7571469610093
442,110.5,1526.6429946998257
443,110.75,1669.8558420013915
444,111.0,1664.0443679472185
445,111.25,1461.620333425705
446,111.5,1785.3081045727035
447,111.75,1550.1796851657507
448,112.0,1616.0465296674786
449,112.25,1528.1856805767131
450,112.5,1617.5916992697191
451,112.75,1693.8318334870091
452,113.0,1500.3314315749353
453,113.25,1416.9243202386697
454,113.5,1535.480355048554
455,113.75,1451.2861110571464
456,114.0,1505.130550764559
457,114.25,1567.2970853084466
458,114.5,1475.5875306082246
459,114.75,1706.681026721585
460,115.0,1479.9305537625564
461,115.25,1614.4259472854064
462,115.5,1529.8171221728912
463,115.75,1713.991252634395
464,116.0,1828.3379790544423
465,116.25,1609.5803340356183
466,116.5,1744.3948327466303
467,116.75,1527.5906429669394
468,117.0,1422.433869413417
469,117.25,1454.792071163787
470,117.5,1424.4320206079772
471,117.75,1485.836424256315
472,118.0,1556.1110874770195
473,118.25,1692.850393497411
474,118.5,1648.5684998014478
475,118.75,1625.3483392251826
476,119.0,1538.0620063861825
477,119.25,1508.7361313966053
478,119.5,1583.0083967447565
479,119.75,1593.2764250874461
480,120.0,1604.9353703225706
481,120.25,1616.2788490236505
482,120.5,1568.1693638413385
483,120.75,1390.4452902628955
484,121.0,1470.0521317875903
485,121.25,1498.5369542947424
486,121.5,1746.6118226039835
487,121.75,1537.7141983999834
488,122.0,1646.1269427204559
489,122.25,1723.7458274803553
490,122.5,1612.5233752545125
491,122.75,1541.1054234578473
492,123.0,1550.8982680646177
493,123.25,1479.183644808924
494,123.5,1609.8851387608654
495,123.75,1690.6833665551803
496,124.0,1635.7782034141533
497,124.25,1655.5964572262212
498,124.5,1650.3212920647027
499,124.75,1776.83407771457
500,125.0,1517.400760456601
501,125.25,1595.2293890897677
502,125.5,1649.120928908689
503,125.75,1702.406440299227
504,126.0,1340.9761975135555
505,126.25,1528.364072823988
506,126.5,1559.231270066925
507,126.75,1478.492471763358
508,127.0,1663.0531362633524
509,127.25,1601.274586752688
510,127.5,1540.7456495166857
511,127.75,1419.0197207750011
512,128.0,1449.542714050308
513,128.25,1482.828326566396
514,128.5,1624.467921626375
515,128.75,1459.8214965861537
516,129.0,1376.2068897518361
517,129.25,1436.8805202001272
518,129.5,1521.516827781845
519,129.75,1744.3047960451916
520,130.0,1825.8036728211762
521,130.25,1532.3927903746737
522,130.5,1672.5660244938751
523,130.75,1717.5470227789592
524,131.0,1706.0725331751846
525,131.25,1568.2508252652349
526,131.5,1451.6762404009414
527,131.75,1531.7116630304538
528,132.0,1396.6093214430603
529,132.25,1603.2068035067703
530,132.5,1656.2039530121833
531,132.75,1393.5596496605353
532,133.0,1574.6403284903379
533,133.25,1608.4902087395496
534,133.5,1702.6085091377113
535,133.75,1715.3254876533433
536,134.0,1658.5427301177012
537,134.25,1512.195940999299
538,134.5,1543.5095010727825
539,134.75,1698.1799497184913
540,135.0,1520.1453929339518
541,135.25,1575.581674678434
542,135.5,1733.2437675398455
543,135.75,1592.3140436039034
544,136.0,1444.5520994445938
545,136.25,1550.6653016375828
546,136.5,1642.6146224636805
547,136.75,1561.0175911610584
548,137.0,1693.9527712948895
549,137.25,1705.823466247381
550,137.5,1515.7283207425417
551,137.75,1530.2015507129456
552,138.0,1569.4781530865284
553,138.25,1461.542334747251
554,138.5,1616.8955271894674
555,138.75,1562.0113079056146
556,139.0,1656.962189589116
557,139.25,1520.7161345708155
558,139.5,1493.2110276967076
559,139.75,1760.4842820064791
560,140.0,1493.2543560815543
561,140.25,1522.1403225567285
562,140.5,1507.6960443441037
563,140.75,1549.7768001449433
564,141.0,1489.6429003174956
565,141.25,1575.3123597781148
566,141.5,1510.4116324212514
567,141.75,1538.7367870145458
568,142.0,1615.420233235475
569,142.25,1648.7378314191565
570,142.5,1625.6636425009588
571,142.75,1507.344059800925
572,143.0,1618.7982306070562
573,143.25,1567.8891682450535
574,143.5,1569.2796129047317
575,143.75,1410.3403876326754
576,144.0,1645.7613810693258
577,144.25,1566.006488178487
578,144.5,1747.5495720536362
579,144.75,1642.6913316544499
580,145.0,1469.9264067149088
581,145.25,1444.7804455017574
582,145.5,1692.9364509468921
583,145.75,1493.6924982964622
584,146.0,1647.0570539515536
585,146.25,1550.1557317328347
586,146.5,1786.6506359010243
587,146.75,1587.623879774186
588,147.0,1728.814308936518
589,147.25,1710.9512425414255
590,147.5,1534.3915377339158
591,147.75,1547.6693499811208
592,148.0,1726.2315039725215
593,148.25,1580.4329354733545
594,148.5,1495.088295163393
595,148.75,1699.1009716095016
596,149.0,1833.9585319618711
597,149.25,1577.4256072583712
598,149.5,1719.2388011990602
599,149.75,1565.981946334321
600,150.0,1715.574160463401
601,150.25,1558.9386280517672
602,150.5,1713.8508645645431
603,150.75,1636.570201035377
604,151.0,1565.2934275852797
605,151.25,1606.8689279113519
606,151.5,1530.4910180995428
607,151.75,1473.2632251884706
608,152.0,1480.3396418239658
609,152.25,1578.8899318049325
610,152.5,1480.6671191608498
611,152.75,1628.2693593858971
612,153.0,1637.4933799686114
613,153.25,1631.73950888384
614,153.5,1536.7629219674454
615,153.75,1591.3767734621879
616,154.0,1583.4306884176237
617,154.25,1716.1841858801504
618,154.5,1506.774158527311
619,154.75,1548.3957783886476
620,155.0,1563.3185993444488
621,155.25,1572.3090627029633
622,155.5,1512.6939078909872
623,155.75,1524.603015030681
624,156.0,1686.4589590237406
625,156.25,1523.74907270437
626,156.5,1676.831665569447
627,156.75,1786.8526751401955
628,157.0,1712.4365185823215
629,157.25,1408.8085283477408
630,157.5,1662.810881458702
631,157.75,1633.7886949055621
632,158.0,1640.2840408752222
633,158.25,1426.697943817057
634,158.5,1661.3895029236212
635,158.75,1479.5054451904896
636,159.0,1713.9420784502415
637,159.25,1691.9974227798737
638,159.5,1837.2783087113755
639,159.75,1548.3397427057798
640,160.0,1436.264889257355
641,160.25,1689.3275328705251
642,160.5,1672.1006897465757
643,160.75,1548.4012085647396
644,161.0,1719.8769483061187
645,161.25,1653.7667756180363
646,161.5,1459.2323376811228
647,161.75,1551.3231213867425
648,162.0,1541.999621352945
649,162.25,1575.0687254356797
650,162.5,1604.7352890298737
651,162.75,1517.3839023557173
652,163.0,1566.3788848142528
653,163.25,1643.7970298080406
654,163.5,1578.5184929852928
655,163.75,1559.158533182738
656,164.0,1555.7624493216308
657,164.25,1575.8533300331396
658,164.5,1397.2841237179466
659,164.75,1601.4763482770559
660,165.0,1484.5139609610324
661,165.25,1596.1228777478389
662,165.5,1440.8725966900308
663,165.75,1676.388727915902
664,166.0,1608.9879766232943
665,166.25,1452.7718953914466
666,166.5,1609.0180829304093
667,166.75,1510.9648453082782
668,167.0,1762.878985075711
669,167.25,1634.0172639745058
670,167.5,1507.3731791082905
671,167.75,1607.9132362189598
672,168.0,1582.6165677766232
673,168.25,1703.7204682348968
674,168.5,1621.059897049245
675,168.75,1636.5442911004473
676,169.0,1476.060766075985
677,169.25,1664.080736250365
678,169.5,1792.1607861550613
679,169.75,1648.9160363578444
680,170.0,1582.3959177727006
681,170.25,1602.42878533004
682,170.5,1492.5964611748145
683,170.75,1604.6542347548275
684,171.0,1478.3359290095927
685,171.25,1590.7302346052074
686,171.5,1548.2338027990256
687,171.75,1504.7083423176582
688,172.0,1643.5339249114006
689,172.25,1439.9464897638898
690,172.5,1582.511912338496
691,172.75,1456.1592559292517
692,173.0,1766.5322772609757
693,173.25,1780.7981820099574
694,173.5,1669.808920879291
695,173.75,1773.1672837206386
696,174.0,1644.8926987840496
697,174.25,1639.8827623980806
698,174.5,1544.672572556227
699,174.75,1498.4098706166496
700,175.0,1599.03539182873
701,175.25,1533.775676619322
702,175.5,1543.3517136511118
703,175.75,1658.1106776105883
704,176.0,1573.8287587771117
705,176.25,1432.8381913782582
706,176.5,1565.0024720585209
707,176.75,1511.1698325862462
708,177.0,1557.235932300671
709,177.25,1478.2124893225096
710,177.5,1704.1949228204778
711,177.75,1773.2897337017816
712,178.0,1476.7904634236568
713,178.25,1649.892509796085
714,178.5,1644.8968794552854
715,178.75,1480.3927723939773
716,179.0,1595.9943272111223
717,179.25,1724.816350598669
718,179.5,1669.2927253407772
719,179.75,1745.1957791996042
720,180.0,1470.7664241094867
721,180.25,1512.375552502964
722,180.5,1614.3767543973618
723,180.75,1620.4884294387682
724,181.0,1587.9452926189451
725,181.25,1547.3970537670743
726,181.5,1544.9845267074513
727,181.75,1525.4967840200193
728,182.0,1629.5307380560416
729,182.25,1313.6666354442198
730,182.5,1742.3437727142814
731,182.75,1533.0153691544942
732,183.0,1444.1510610527412
733,183.25,1638.2962001840467
734,183.5,1446.4496389763174
735,183.75,1622.542123830475
736,184.0,1544.9588611482438
737,184.25,1642.4691774219364
738,184.5,1661.9075278569442
739,184.75,1711.5078584589587
740,185.0,1535.351226191492
741,185.25,1555.3386961267386
742,185.5,1582.6738908597113
743,185.75,1444.657765320205
744,186.0,1642.0545095876955
745,186.25,1596.3293913909924
746,186.5,1451.7506714357842
747,186.75,1702.5927909356374
748,187.0,1717.8377132966716
749,187.25,1453.9189894354433
750,187.5,1639.6845668812996
751,187.75,1706.3800195188478
752,188.0,1665.940460024416
753,188.25,1486.7960523127254
754,188.5,1445.793603216998
755,188.75,1571.8028060899674
756,189.0,1534.308942614394
757,189.25,1582.2650026027209
758,189.5,1572.8740219684948
759,189.75,1634.8138330505058
760,190.0,1527.751668214727
761,190.25,1566.9177923777727
762,190.5,1874.697114180264
763,190.75,1569.957630259875
764,191.0,1655.1004075537953
765,191.25,1610.9690947567167
766,191.5,1603.979093188165
767,191.75,1492.7813993318825
768,192.0,1634.2514486156863
769,192.25,1577.2886305650927
770,192.5,1662.7126200724224
771,192.75,1784.0029429797444
772,193.0,1600.3772429523995
773,193.25,1657.0703714288188
774,193.5,1481.4868239357613
775,193.75,1593.6126438550361
776,194.0,1734.6769418570047
777,194.25,1576.1687925605145
778,194.5,1519.3871775255034
779,194.75,1602.3185614287206
780,195.0,1563.8349792706395
781,195.25,1558.31944054166
782,195.5,1545.315327224231
783,195.75,1777.3398765427207
784,196.0,1496.2745068079666
785,196.25,1541.3169092931607
786,196.5,1525.8169084843887
787,196.75,1703.8664761340813
788,197.0,1554.463177360692
789,197.25,1710.1623489468652
790,197.5,1598.248380673146
791,197.75,1579.565120815605
792,198.0,1438.1890689460706
793,198.25,1700.9867538382873
794,198.5,1635.0428103598306
795,198.75,1621.6674897159046
796,199.0,1570.2777681556295
797,199.25,1540.8421256177035
798,199.5,1457.1043772241153
799,199.75,1674.835154904323
800,200.0,1608.2703012950324
801,200.25,1546.4999043309256
802,200.5,1519.823621045131
803,200.75,1593.2338307221764
804,201.0,1572.8855173483614
805,201.25,1743.4033440671249
806,201.5,1657.94366970183
807,201.75,1523.2118804298452
808,202.0,1473.1053667669712
809,202.25,1558.6447497751922
810,202.5,1492.2000853324669
811,202.75,1589.3498023189263
812,203.0,1621.6398043506413
813,203.25,1644.5141296593406
814,203.5,1622.922004851101
815,203.75,1563.325020298856
816,204.0,1641.1759653268232
817,204.25,1494.7372788052185
818,204.5,1574.5415100733376
819,204.75,1662.215395759573
820,205.0,1610.688300573417
821,205.25,1457.3957545002438
822,205.5,1468.8642131428928
823,205.75,1423.6874237386712
824,206.0,1760.0196425545628
825,206.25,1430.2229574507762
826,206.5,1569.1117533589331
827,206.75,1763.3819244581077
828,207.0,1688.7403516836816
829,207.25,1712.3936424842711
830,207.5,1533.8116534310914
831,207.75,1655.6100364684162
832,208.0,1882.478598863229
833,208.25,1579.3996230389516
834,208.5,1623.6805820432276
835,208.75,1552.0415944255956
836,209.0,1581.7817357040483
837,209.25,1619.8664247194774
838,209.5,1719.530233232951
839,209.75,1494.616651675547
840,210.0,1442.6959321755483
841,210.25,1585.7456800951338
842,210.5,1603.442262397575
843,210.75,1722.0724240028571
844,211.0,1653.870389723505
845,211.25,1521.8959882956674
846,211.5,1639.0578524391244
847,211.75,1693.100095832601
848,212.0,1611.4806852077852
849,212.25,1549.911165036925
850,212.5,1649.8805436808566
851,212.75,1548.4132701450717
852,213.0,1399.6535725964075
853,213.25,1714.1606518019091
854,213.5,1456.3700110017844
855,213.75,1550.2399470582004
856,214.0,1552.0183781040203
857,214.25,1550.066225825118
858,214.5,1554.9717129509281
859,214.75,1441.2617282840602
860,215.0,1634.5553069258701
861,215.25,1585.473074288178
862,215.5,1586.5763952560233
863,215.75,1688.0710244707227
864,216.0,1690.7443191881232
865,216.25,1714.2339289888316
866,216.5,1764.521687382205
867,216.75,1627.0704699016899
868,217.0,1431.2058012514967
869,217.25,1603.4127373970202
870,217.5,1583.7507977813998
871,217.75,1589.2636033391648
872,218.0,1523.4323245088758
873,218.25,1495.0592831568495
874,218.5,1660.8099505869743
875,218.75,1677.876487775134
876,219.0,1472.545470378747
877,219.25,1635.5511730897413
878,219.5,1565.860420674506
879,219.75,1544.3396517988774
880,220.0,1649.7719875466871
881,220.25,1577.4147112669157
882,220.5,1527.916191153181
883,220.75,1587.8665644725304
884,221.0,1385.9512052161274
885,221.25,1523.9935298207197
886,221.5,1538.9185670855572
887,221.75,1444.565998972222
888,222.0,1599.372906318943
889,222.25,1608.286121591755
890,222.5,1522.4604962287192
891,222.75,1564.812843760443
892,223.0,1647.6472185072091
893,223.25,1685.5796512012118
894,223.5,1506.5043803105618
895,223.75,1614.511309606793
896,224.0,1683.0804841669333
897,224.25,1578.0054604661805
898,224.5,1504.980579789909
899,224.75,1505.3534291560475
900,225.0,1548.9651773553257
901,225.25,1478.9595119762303
902,225.5,1778.4120184313315
903,225.75,1524.3068407684639
904,226.0,1617.4758947593798
905,226.25,1598.2236479710853
906,226.5,1642.7794111100075
907,226.75,1542.1552108851547
908,227.0,1452.2268946570457
909,227.25,1741.004344943175
910,227.5,1572.1127050295859
911,227.75,1591.2436529225279
912,228.0,1599.4423814592321
913,228.25,1703.8239844640752
914,228.5,1655.3752373674488
915,228.75,1695.2069642469994
916,229.0,1660.6630660449603
917,229.25,1594.867738220275
918,229.5,1604.8426830043163
919,229.75,1506.7835901521557
920,230.0,1389.2158703911307
921,230.25,1556.352103172242
922,230.5,1474.3704407116193
923,230.75,1834.331579238149
924,231.0,1733.2055237263178
925,231.25,1695.0221982074322
926,231.5,1525.724340761626
927,231.75,1782.3706579299019
928,232.0,1412.2814391598888
929,232.25,1461.0382102192339
930,232.5,1503.0897444282482
931,232.75,1485.668869656656
932,233.0,1592.922868627311
933,233.25,1598.9552402828617
934,233.5,1767.7389292089351
935,233.75,1677.9832734927422
936,234.0,1699.965303553677
937,234.25,1621.0469116564948
938,234.5,1565.4111267010865
939,234.75,1512.3839753795155
940,235.0,1431.4674262448684
941,235.25,1494.3543444702484
942,235.5,1542.4345598839768
943,235.75,1654.916380392894
944,236.0,1414.0288525039778
945,236.25,1445.5161734863327
946,236.5,1601.4786890264356
947,236.75,1476.7256963631758
948,237.0,1612.8763133884547
949,237.25,1539.3957861689883
950,237.5,1505.9456170661733
951,237.75,1448.7758390997492
952,238.0,1570.641523481297
953,238.25,1508.212043877091
954,238.5,1519.5918528268287
955,238.75,1517.1951719438548
956,239.0,1598.1951425294558
957,239.25,1594.4136472214352
958,239.5,1411.269607910666
959,239.75,1563.9524869534018
960,240.0,1618.9524882252003
961,240.25,1681.9686962042006
962,240.5,1656.7727121412563
963,240.75,1600.3455934268275
964,241.0,1467.3759563796423
965,241.25,1504.0125917873247
966,241.5,1669.683409320789
967,241.75,1510.6781792239753
968,242.0,1680.6707444742717
969,242.25,1705.0325235655314
970,242.5,1475.2709249248644
971,242.75,1623.0715986752487
972,243.0,1568.714306348635
973,243.25,1779.163081919436
974,243.5,1662.1592877388669
975,243.75,1529.5326971637812
976,244.0,1619.7959074199564
977,244.25,1489.481854416879
978,244.5,1564.838362505175
979,244.75,1599.8976657449077
980,245.0,1594.4275809829974
981,245.25,1610.0060743686547
982,245.5,1490.5384773250153
983,245.75,1397.465229842063
984,246.0,1544.0438287320158
985,246.25,1491.9727419576075
986,246.5,1510.8731159830409
987,246.75,1789.9455143771117
988,247.0,1694.1077633984585
989,247.25,1562.579378714933
990,247.5,1438.7572551546077
991,247.75,1452.0581872317134
992,248.0,1615.2607166583166
993,248.25,1684.9081105270332
994,248.5,1551.3611145464022
995,248.75,1593.0239524793499
996,249.0,1604.7971405055562
997,249.25,1684.5977522714838
998,249.5,1394.790915350694
999,249.75,1595.0748240756334
1000,250.0,1619.6210863667795
1001,250.25,1673.1791159406798
1002,250.5,1618.6972824812233
1003,250.75,1471.4823628363451
1004,251.0,1522.6388781560022
1005,251.25,1429.8322022322238
1006,251.5,1598.7384105524293
1007,251.75,1598.6555557046986
1008,252.0,1630.0758440673094
1009,252.25,1484.3490979625092
1010,252.5,1467.5941826993214
1011,252.75,1729.780640920461
1012,253.0,1597.6545477070702
1013,253.25,1751.4576373234463
1014,253.5,1622.9564778419397
1015,253.75,1435.976712055883
1016,254.0,1658.9501819103527
1017,254.25,1701.2128562827295
1018,254.5,1535.4077771400216
1019,254.75,1390.4450587439367
1020,255.0,1645.163817402225
1021,255.25,1565.9330022282775
1022,255.5,1607.0382871895508
1023,255.75,1315.5161734940782
1024,256.0,1624.6954100265848
1025,256.25,1309.221340485305
1026,256.5,1494.4266775627038
1027,256.75,1666.865910387959
1028,257.0,1400.2979898283504
1029,257.25,1396.4302898181768
1030,257.5,1535.5006638296377
1031,257.75,1741.6871393435295
1032,258.0,1738.6374966271192
1033,258.25,1519.9117135338665
1034,258.5,1678.0406583438003
1035,258.75,1636.6736600081608
1036,259.0,1605.4045472648434
1037,259.25,1614.591160895691
1038,259.5,1508.3234014358022
1039,259.75,1658.421770217687
1040,260.0,1683.9855136795493
1041,260.25,1845.275221070215
1042,260.5,1669.7470676062082
1043,260.75,1338.313123075019
1044,261.0,1461.0173545563737
1045,261.25,1612.2028518713175
1046,261.5,1586.1363915823974
1047,261.75,1396.3706123922118
1048,262.0,1565.5775555708394
1049,262.25,1544.0633842057864
1050,262.5,1574.3984361545383
1051,262.75,1567.2201221126395
1052,263.0,1669.798060608619
1053,263.25,1723.2801754808236
1054,263.5,1646.4813567382023
1055,263.75,1470.0464529956307
1056,264.0,1494.3508857310135
1057,264.25,1514.1422162457263
1058,264.5,1573.742797921478
1059,264.75,1537.326459148007
1060,265.0,1544.8807685637205
1061,265.25,1488.579177795277
1062,265.5,1672.6705615771004
1063,265.75,1663.0577931730502
1064,266.0,1673.2095528563236
1065,266.25,1571.4397416304048
1066,266.5,1624.0810497866598
1067,266.75,1489.7453552001477
1068,267.0,1479.844548166685
1069,267.25,1525.880877898949
1070,267.5,1636.8967409342238
1071,267.75,1564.7472400649613
1072,268.0,1467.0800003588636
1073,268.25,1588.585965103853
1074,268.5,1621.0296420534246
1075,268.75,1595.5052359342224
1076,269.0,1513.9361591641323
1077,269.25,1585.8427175856932
1078,269.5,1538.0463850243666
1079,269.75,1547.4983189812856
1080,270.0,1570.718711987602
1081,270.25,1653.6347943998735
1082,270.5,1759.0587212797063
1083,270.75,1732.8438357802333
1084,271.0,1641.3774946353062
1085,271.25,1540.2406671535737
1086,271.5,1549.245394553611
1087,271.75,1553.4753630822267
1088,272.0,1692.9425846099903
1089,272.25,1307.765398669386
1090,272.5,1605.0918020194645
1091,272.75,1383.7738467318902
1092,273.0,1579.3561556897596
1093,273.25,1710.0068586519258
1094,273.5,1490.1450071275992
1095,273.75,1355.2149034798033
1096,274.0,1707.3096580252488
1097,274.25,1727.8356397308205
1098,274.5,1628.772247192793
1099,274.75,1703.1934412336275
1100,275.0,1500.8112731423982
1101,275.25,1695.064422279431
1102,275.5,1746.9945542290213
1103,275.75,1642.6989057679082
1104,276.0,1607.3796805385557
1105,276.25,1705.949235326155
1106,276.5,1691.064746321412
1107,276.75,1506.0890126580362
1108,277.0,1713.4965100564045
1109,277.25,1652.970738093494
1110,277.5,1595.344551891341
1111,277.75,1707.9585967761186
1112,278.0,1670.7557912674315
1113,278.25,1653.100052879602
1114,278.5,1529.789510688761
1115,278.75,1661.7096928694011
1116,279.0,1470.7135034765986
1117,279.25,1567.3004176756554
1118,279.5,1413.2031771780617
1119,279.75,1412.1084714559145
1120,280.0,1623.3117165120968
1121,280.25,1571.6713658838646
1122,280.5,1588.0724548001172
1123,280.75,1637.9555491885671
1124,281.0,1614.1579692932648
1125,281.25,1492.560174316339
1126,281.5,1586.9588661296186
1127,281.75,1573.1403818965478
1128,282.0,1528.5972814438483
1129,282.25,1567.4873513844952
1130,282.5,1543.7978299752929
1131,282.75,1515.8964126938122
1132,283.0,1546.8619941901159
1133,283.25,1602.8474872497334
1134,283.5,1782.656668745653
1135,283.75,1499.385907564839
1136,284.0,1631.0677847269508
1137,284.25,1436.0139281207344
1138,284.5,1736.1170161691475
1139,284.75,1546.9490582746675
1140,285.0,1593.3953241485115
1141,285.25,1705.371999055261
1142,285.5,1676.8756355154483
1143,285.75,1433.0112163116255
1144,286.0,1634.3404580479998
1145,286.25,1557.372576942809
1146,286.5,1640.6280919162007
1147,286.75,1594.7239185762755
1148,287.0,1652.126847848692
1149,287.25,1608.4508637908416
1150,287.5,1565.982004560736
1151,287.75,1695.4936249159753
1152,288.0,1427.8785631256703
1153,288.25,1537.1449826140156
1154,288.5,1485.7528566318454
1155,288.75,1565.5869086287964
1156,289.0,1537.4515763082945
1157,289.25,1565.1761511170712
1158,289.5,1531.5017981873611
1159,289.75,1533.5514478144876
1160,290.0,1418.0429876671628
1161,290.25,1576.0319653131814
1162,290.5,1610.0588277962881
1163,290.75,1521.08500965405
1164,291.0,1515.1264513622657
1165,291.25,1516.3421747855455
1166,291.5,1744.8718196132777
1167,291.75,1598.2284936990789
1168,292.0,1617.8712976833042
1169,292.25,1550.191646016528
1170,292.5,1530.566789019594
1171,292.75,1493.3277838506322
1172,293.0,1731.4063044104478
1173,293.25,1412.498105589105
1174,293.5,1609.239110360823
1175,293.75,1577.3722833151637
1176,294.0,1554.5961317880256
1177,294.25,1425.6793458082286
1178,294.5,1458.2710426626556
1179,294.75,1676.2843091131067
1180,295.0,1511.50759169947
1181,295.25,1666.1967723724817
1182,295.5,1645.6051489752533
1183,295.75,1636.7196443576925
1184,296.0,1654.6300937810336
1185,296.25,1460.7060953872583
1186,296.5,1533.1126352669207
1187,296.75,1646.4777266217257
1188,297.0,1455.5824414008832
1189,297.25,1743.4515723351903
1190,297.5,1524.6959004360947
1191,297.75,1573.4117190237894
1192,298.0,1478.9148253015699
1193,298.25,1615.7143810443115
1194,298.5,1507.5662802314228
1195,298.75,1555.8864898236377
1196,299.0,1467.7424363426821
1197,299.25,1696.9470272899443
1198,299.5,1419.1666279131005
1199,299.75,1624.1047256699192
1200,300.0,1603.0528322109928
1201,300.25,1622.7946899370131
1202,300.5,1479.3548111016262
1203,300.75,1681.4060313832008
1204,301.0,1674.5850446897973
1205,301.25,1595.4317555393645
1206,301.5,1610.487326397926
1207,301.75,1564.2603826029667
1208,302.0,1642.9813227599736
1209,302.25,1431.303083987475
1210,302.5,1363.6603129939044
1211,302.75,1357.6785624586344
